t_send_ns,t_unix,phase_ms,window,lat_status_us,lat_pin_us,lat_e2e_us,lat_rts_us,lat_unkey_us,was_tx,rts_before,decoding,transmitting
906269841528500,1790931929.976177,14976,idle,9033.2,218.6,405.5,,,0,0,0,0
906269979320100,1790931930.113970,113,idle,1713.6,457.4,676.0,,,0,0,0,0
906270129498600,1790931930.264151,264,idle,1247.8,317.4,475.8,,,0,0,0,0
906270269143600,1790931930.403797,403,idle,1540.6,209.0,458.7,,,0,0,0,0
906270413059200,1790931930.547714,547,idle,1268.7,229.9,428.3,,,0,0,0,0
906270560411100,1790931930.695067,695,idle,2289.2,256.6,597.4,,,0,0,0,0
906270699522800,1790931930.834181,834,idle,1475.7,386.0,558.9,,,0,0,0,0
906270839173400,1790931930.973833,973,idle,1418.6,218.9,423.8,,,0,0,0,0
906270980528300,1790931931.115189,1115,idle,1337.5,287.1,501.2,,,0,0,0,0
906271122173600,1790931931.256836,1256,idle,2649.2,225.1,414.8,,,0,0,0,0
906271260367000,1790931931.395030,1395,idle,2410.9,260.4,868.5,,,0,0,0,0
906271402994400,1790931931.537659,1537,idle,1258.6,176.7,397.4,,,0,0,0,0
906271544011100,1790931931.678678,1678,idle,6479.0,173.9,552.2,,,0,0,0,0
906271684627400,1790931931.819295,1819,idle,1158.8,209.1,347.3,,,0,0,0,0
906271826477300,1790931931.961147,1961,idle,2001.7,224.3,491.7,,,0,0,0,0
906271967831500,1790931932.102503,2102,idle,1061.5,206.4,353.4,,,0,0,0,0
906272124934600,1790931932.259607,2259,idle,2071.5,205.2,442.8,,,0,0,0,0
906272278216000,1790931932.412891,2412,idle,1456.6,171.1,287.6,,,0,0,0,0
906272416606000,1790931932.551281,2551,idle,16445.9,199.5,826.2,,,0,0,0,0
906272574528400,1790931932.709206,2709,idle,2254.7,173.8,441.2,,,0,0,0,0
906272715423900,1790931932.850102,2850,idle,1840.3,346.3,592.2,,,0,0,0,0
906272872961300,1790931933.007642,3007,idle,2198.5,214.9,1410.5,,,0,0,0,0
906273015610000,1790931933.150292,3150,idle,15601.0,242.5,405.9,,,0,0,0,0
906273156098300,1790931933.290781,3290,idle,2549.2,233.7,521.1,,,0,0,0,0
906273298015600,1790931933.432700,3432,idle,1501.4,213.7,468.1,,,0,0,0,0
906273439423300,1790931933.574110,3574,idle,1165.5,386.6,559.9,,,0,0,0,0
906273580294900,1790931933.714983,3714,idle,1155.7,203.3,390.5,,,0,0,0,0
906273719886700,1790931933.854575,3854,idle,22307.7,264.2,721.8,,,0,0,0,0
906273860792100,1790931933.995483,3995,idle,1469.9,201.6,530.7,,,0,0,0,0
906273999562800,1790931934.134255,4134,idle,1469.8,174.5,411.7,,,0,0,0,0
906274140235600,1790931934.274929,4274,idle,2810.7,338.0,705.3,,,0,0,0,0
906274279567700,1790931934.414263,4414,idle,2553.6,213.6,666.6,,,0,0,0,0
906274420833500,1790931934.555530,4555,idle,1526.2,209.9,419.5,,,0,0,0,0
906274560536300,1790931934.695234,4695,idle,1560.6,190.9,416.1,,,0,0,0,0
906274700527600,1790931934.835227,4835,idle,2066.8,224.2,493.3,,,0,0,0,0
906274839806400,1790931934.974508,4974,idle,1455.6,191.5,432.1,,,0,0,0,0
906274997907800,1790931935.132611,5132,idle,1221.4,205.6,394.5,,,0,0,0,0
906275139352200,1790931935.274056,5274,idle,1752.8,430.7,673.6,,,0,0,0,0
906275282343600,1790931935.417049,5417,idle,1362.9,324.7,587.8,,,0,0,0,0
906275425485200,1790931935.560193,5560,idle,2153.2,336.5,527.5,,,0,0,0,0
906275577308000,1790931935.712017,5712,idle,1347.9,206.8,342.9,,,0,0,0,0
906275723471900,1790931935.858182,5858,idle,1253.2,380.3,554.4,,,0,0,0,0
906275865119600,1790931935.999831,5999,idle,1581.7,211.0,487.2,,,0,0,0,0
906276005109700,1790931936.139823,6139,idle,25637.5,222.8,394.2,,,0,0,0,0
906276146514000,1790931936.281229,6281,idle,5303.3,247.7,518.8,,,0,0,0,0
906276287645300,1790931936.422361,6422,idle,2101.7,251.6,566.7,,,0,0,0,0
906276427911700,1790931936.562629,6562,idle,1771.4,251.5,604.7,,,0,0,0,0
906276568297800,1790931936.703017,6703,idle,1583.7,297.1,618.5,,,0,0,0,0
906276709392300,1790931936.844113,6844,idle,1494.6,379.7,588.0,,,0,0,0,0
906276849148000,1790931936.983870,6983,idle,1582.7,242.6,457.1,,,0,0,0,0
906276988498200,1790931937.123221,7123,idle,2223.7,259.4,643.4,,,0,0,0,0
906277129072500,1790931937.263797,7263,idle,13022.5,247.1,1904.6,,,0,0,0,0
906277269415600,1790931937.404142,7404,idle,1656.1,460.2,681.1,,,0,0,0,0
906277410563300,1790931937.545291,7545,idle,1330.6,311.8,521.0,,,0,0,0,0
906277552218000,1790931937.686930,7686,idle,1287.3,183.3,366.9,,,0,0,0,0
906277693274700,1790931937.828005,7828,idle,1275.6,184.7,381.6,,,0,0,0,0
906277833447200,1790931937.968179,7968,idle,1712.3,382.1,598.9,,,0,0,0,0
906277974587400,1790931938.109321,8109,idle,1470.7,238.8,467.9,,,0,0,0,0
906278116818400,1790931938.251554,8251,idle,3412.5,214.4,622.0,,,0,0,0,0
906278258750200,1790931938.393487,8393,idle,1308.4,190.2,388.5,,,0,0,0,0
906278400267600,1790931938.535005,8535,idle,1439.7,221.6,401.0,,,0,0,0,0
906278582355600,1790931938.717096,8717,idle,1465.6,180.8,327.4,,,0,0,0,0
906278732055100,1790931938.866796,8866,idle,1412.2,231.9,430.7,,,0,0,0,0
906278874062200,1790931939.008805,9008,idle,1357.7,212.8,411.2,,,0,0,0,0
906279027933200,1790931939.162678,9162,idle,1328.4,253.9,409.1,,,0,0,0,0
906279172153700,1790931939.306900,9306,idle,1281.8,163.4,378.8,,,0,0,0,0
906279312802800,1790931939.447550,9447,idle,1679.6,209.6,421.3,,,0,0,0,0
906279453277000,1790931939.588026,9588,idle,1395.5,203.0,373.0,,,0,0,0,0
906279592945600,1790931939.727696,9727,idle,1397.1,216.0,427.9,,,0,0,0,0
906279732620100,1790931939.867372,9867,idle,1427.8,191.4,427.2,,,0,0,0,0
906279873559300,1790931940.008312,10008,idle,13698.0,272.0,568.0,,,0,0,0,0
906280077512500,1790931940.212268,10212,idle,14944.7,361.1,552.7,,,0,0,0,0
906280222778400,1790931940.357535,10357,idle,1568.2,253.7,436.8,,,0,0,0,0
906280369984800,1790931940.504743,10504,idle,1461.3,226.7,492.5,,,0,0,0,0
906280511935100,1790931940.646695,10646,idle,26013.1,211.8,419.6,,,0,0,0,0
906280653017100,1790931940.787778,10787,idle,1478.6,194.2,437.2,,,0,0,0,0
906280793085100,1790931940.927848,10927,idle,1180.1,201.3,403.7,,,0,0,0,0
906280935001900,1790931941.069766,11069,idle,1732.3,234.4,463.8,,,0,0,0,0
906281075765600,1790931941.210531,11210,idle,3376.9,203.0,519.5,,,0,0,0,0
906281219360700,1790931941.354128,11354,idle,2232.3,206.0,705.6,,,0,0,0,0
906281361119600,1790931941.495888,11495,idle,3327.7,448.0,790.7,,,0,0,0,0
906281501629100,1790931941.636399,11636,idle,73360.0,231.2,1415.4,,,0,0,0,0
906281695134200,1790931941.829906,11829,idle,1439.7,244.8,548.8,,,0,0,0,0
906281844942700,1790931941.979716,11979,idle,1506.0,199.9,574.9,,,0,0,0,0
906281986438100,1790931942.121213,12121,idle,1555.6,446.9,635.3,,,0,0,0,0
906282127432700,1790931942.262208,12262,idle,2907.9,318.1,719.3,,,0,0,0,0
906282270948400,1790931942.405725,12405,idle,12868.0,220.5,565.1,,,0,0,0,0
906282414472700,1790931942.549253,12549,idle,1430.8,340.8,549.6,,,0,0,0,0
906282558449100,1790931942.693231,12693,idle,1485.0,127.3,282.4,,,0,0,0,0
906282710921700,1790931942.845705,12845,idle,8146.4,249.3,526.1,,,0,0,0,0
906282867838300,1790931943.002623,13002,idle,1765.4,215.7,439.1,,,0,0,0,0
906283009132800,1790931943.143919,13143,idle,65054.0,207.0,392.3,,,0,0,0,0
906283192866400,1790931943.327654,13327,idle,45555.8,219.3,691.7,,,0,0,0,0
906283355271800,1790931943.490061,13490,idle,1640.5,397.7,671.4,,,0,0,0,0
906283495693700,1790931943.630485,13630,idle,2207.3,212.0,740.9,,,0,0,0,0
906283636928100,1790931943.771720,13771,idle,1773.3,176.7,519.6,,,0,0,0,0
906283779454800,1790931943.914248,13914,idle,2448.6,225.6,513.3,,,0,0,0,0
906283946549100,1790931944.081345,14081,idle,11946.9,,,,,0,0,0,0
906284094113900,1790931944.228911,14228,idle,1547.1,,,,,0,0,0,0
906284238177200,1790931944.372976,14372,idle,156931.6,,,,,0,0,0,1
906284563367000,1790931944.698169,14698,tx,9398.8,242.0,689.8,,,1,0,0,1
906284706869800,1790931944.841673,14841,tx,1581.9,231.9,663.9,,,1,0,0,1
906284846067000,1790931944.980872,14980,tx,1348.1,228.6,452.8,,,1,0,0,1
906284983901200,1790931945.118707,118,tx,1345.9,186.0,411.1,,,1,0,0,1
906285134877500,1790931945.269686,269,tx,1742.5,178.2,479.9,,,1,0,0,1
906285286862700,1790931945.421672,421,tx,1928.4,256.7,569.0,,,1,0,0,1
906285424424400,1790931945.559236,559,tx,1542.4,292.2,539.1,,,1,0,0,1
906285573432800,1790931945.708245,708,tx,1781.4,225.8,476.3,,,1,0,0,1
906285724460200,1790931945.859274,859,tx,1397.8,312.2,535.3,,,1,0,0,1
906285875292400,1790931946.010107,1010,tx,8062.3,250.9,888.2,,,1,0,0,1
906286062868600,1790931946.197686,1197,tx,1447.6,233.4,368.9,,,1,0,0,1
906286204274300,1790931946.339093,1339,tx,9476.3,420.6,761.4,,,1,0,0,1
906286345446500,1790931946.480267,1480,tx,1296.5,424.3,595.6,,,1,0,0,1
906286486409100,1790931946.621231,1621,tx,1603.2,427.4,643.1,,,1,0,0,1
906286626980200,1790931946.761804,1761,tx,1781.4,254.5,485.2,,,1,0,0,1
906286767758800,1790931946.902584,1902,tx,1526.9,240.9,445.0,,,1,0,0,1
906286907230500,1790931947.042057,2042,tx,2046.9,344.2,708.0,,,1,0,0,1
906287065541200,1790931947.200369,2200,tx,1715.1,338.8,504.3,,,1,0,0,1
906287207307600,1790931947.342136,2342,tx,2038.6,486.2,742.7,,,1,0,0,1
906287347146700,1790931947.481978,2481,tx,1303.4,205.5,371.3,,,1,0,0,1
906287487999500,1790931947.622831,2622,tx,2334.4,192.4,561.0,,,1,0,0,1
906287631198400,1790931947.766032,2766,tx,11469.5,201.0,499.7,,,1,0,0,1
906287774422600,1790931947.909258,2909,tx,1824.5,376.9,612.3,,,1,0,0,1
906287913902500,1790931948.048739,3048,tx,1415.4,177.2,392.2,,,1,0,0,1
906288053170700,1790931948.188009,3188,tx,1240.0,223.3,395.9,,,1,0,0,1
906288192829900,1790931948.327670,3327,tx,1390.3,239.1,467.9,,,1,0,0,1
906288333552700,1790931948.468394,3468,tx,1405.9,246.3,465.7,,,1,0,0,1
906288474906100,1790931948.609749,3609,tx,1730.7,222.7,534.8,,,1,0,0,1
906288614414700,1790931948.749259,3749,tx,6600.0,327.8,524.0,,,1,0,0,1
906288754877900,1790931948.889723,3889,tx,1102.4,136.3,286.5,,,1,0,0,1
906288894383300,1790931949.029231,4029,tx,1154.9,138.8,300.6,,,1,0,0,1
906289061482000,1790931949.196331,4196,tx,1616.0,347.3,517.8,,,1,0,0,1
906289203619800,1790931949.338470,4338,tx,1119.5,137.7,343.6,,,1,0,0,1
906289344432100,1790931949.479284,4479,tx,2040.4,201.7,480.4,,,1,0,0,1
906289482643900,1790931949.617497,4617,tx,1375.5,198.6,560.4,,,1,0,0,1
906289622071900,1790931949.756926,4756,tx,1284.0,232.9,428.7,,,1,0,0,1
906289761711400,1790931949.896568,4896,tx,1271.3,154.1,311.3,,,1,0,0,1
906289900496300,1790931950.035354,5035,tx,1684.9,320.3,535.6,,,1,0,0,1
906290067510100,1790931950.202369,5202,tx,1850.9,280.1,475.2,,,1,0,0,1
906290212210300,1790931950.347071,5347,tx,2621.4,913.3,1164.5,,,1,0,0,1
906290364036700,1790931950.498899,5498,tx,11819.6,174.6,336.6,,,1,0,0,1
906290564301500,1790931950.699166,5699,tx,1558.2,182.3,320.1,,,1,0,0,1
906290706480900,1790931950.841347,5841,tx,1389.9,405.1,590.8,,,1,0,0,1
906290846260200,1790931950.981128,5981,tx,2202.5,259.8,690.3,,,1,0,0,1
906290986564800,1790931951.121433,6121,tx,1711.2,242.9,466.2,,,1,0,0,1
906291128344400,1790931951.263215,6263,tx,10780.9,375.4,664.8,,,1,0,0,1
906291267926400,1790931951.402798,6402,tx,1805.8,167.6,411.5,,,1,0,0,1
906291407032900,1790931951.541906,6541,tx,1482.4,226.9,463.0,,,1,0,0,1
906291563621600,1790931951.698497,6698,tx,9153.5,322.9,789.4,,,1,0,0,1
906291702952500,1790931951.837829,6837,tx,2017.9,230.3,492.2,,,1,0,0,1
906291845782500,1790931951.980660,6980,tx,1526.5,226.2,497.4,,,1,0,0,1
906291986647400,1790931952.121526,7121,tx,1810.4,204.1,630.8,,,1,0,0,1
906292128986900,1790931952.263868,7263,tx,1641.1,232.7,440.2,,,1,0,0,1
906292268990500,1790931952.403873,7403,tx,1305.3,215.6,406.0,,,1,0,0,1
906292412342400,1790931952.547226,7547,tx,1759.4,377.0,658.8,,,1,0,0,1
906292554258100,1790931952.689143,7689,tx,2367.6,186.5,451.4,,,1,0,0,1
906292694796200,1790931952.829683,7829,tx,1337.4,234.1,440.4,,,1,0,0,1
906292833740600,1790931952.968628,7968,tx,2997.3,231.0,514.8,,,1,0,0,1
906292976152400,1790931953.111042,8111,tx,1667.8,248.9,563.7,,,1,0,0,1
906293114646200,1790931953.249537,8249,tx,1805.5,175.3,399.3,,,1,0,0,1
906293255298900,1790931953.390191,8390,tx,2130.8,391.7,657.9,,,1,0,0,1
906293394934600,1790931953.529829,8529,tx,1413.0,230.2,436.1,,,1,0,0,1
906293560611600,1790931953.695508,8695,tx,1414.9,314.3,448.8,,,1,0,0,1
906293707399600,1790931953.842297,8842,tx,1490.3,452.0,652.3,,,1,0,0,1
906293849231900,1790931953.984130,8984,tx,1713.6,348.4,674.1,,,1,0,0,1
906293988907700,1790931954.123808,9123,tx,1653.0,242.7,406.4,,,1,0,0,1
906294127761600,1790931954.262663,9262,tx,1371.7,188.5,380.5,,,1,0,0,1
906294268217000,1790931954.403120,9403,tx,1462.5,268.8,467.7,,,1,0,0,1
906294408723500,1790931954.543628,9543,tx,22200.7,295.9,707.7,,,1,0,0,1
906294567761400,1790931954.702668,9702,tx,8734.0,208.6,344.1,,,1,0,0,1
906294710046800,1790931954.844954,9844,tx,2040.1,125.3,509.0,,,1,0,0,1
906294847566300,1790931954.982475,9982,tx,12752.1,307.6,760.8,,,1,0,0,1
906294987776200,1790931955.122687,10122,tx,1538.5,174.4,378.2,,,1,0,0,1
906295127571700,1790931955.262484,10262,tx,1611.6,267.6,442.5,,,1,0,0,1
906295267395000,1790931955.402307,10402,tx,1434.7,238.4,508.2,,,1,0,0,1
906295424620000,1790931955.559535,10559,tx,1721.2,238.9,454.9,,,1,0,0,1
906295564292400,1790931955.699209,10699,tx,1134.9,206.6,390.3,,,1,0,0,1
906295705338500,1790931955.840256,10840,tx,2749.8,221.8,762.5,,,1,0,0,1
906295846512500,1790931955.981432,10981,tx,2159.3,389.5,546.5,,,1,0,0,1
906295986597600,1790931956.121518,11121,tx,2026.6,248.9,489.0,,,1,0,0,1
906296127901100,1790931956.262824,11262,tx,1439.2,236.4,444.3,,,1,0,0,1
906296270016100,1790931956.404940,11404,tx,10113.3,175.9,569.8,,,1,0,0,1
906296410002100,1790931956.544928,11544,tx,1193.4,260.2,451.7,,,1,0,0,1
906296593244100,1790931956.728172,11728,tx,1244.3,208.7,342.6,,,1,0,0,1
906296741144600,1790931956.876073,11876,tx,959.9,193.7,355.2,,,1,0,0,1
906296881745700,1790931957.016675,12016,tx,2493.2,214.1,735.9,,,1,0,0,1
906297021903200,1790931957.156835,12156,tx,27991.5,186.9,562.1,,,1,0,0,1
906297164560300,1790931957.299493,12299,tx,1549.7,213.4,445.6,,,1,0,0,1
906297303735900,1790931957.438670,12438,tx,1366.8,200.8,476.7,,,1,0,0,1
906297446409000,1790931957.581345,12581,tx,1924.1,295.7,564.6,,,1,0,0,1
906297586753000,1790931957.721691,12721,tx,11925.3,224.8,420.9,,,1,0,0,1
906297744827600,1790931957.879766,12879,tx,1528.2,268.0,491.6,,,1,0,0,1
906297886836400,1790931958.021776,13021,tx,1752.1,246.5,557.6,,,1,0,0,1
906298027107600,1790931958.162050,13162,tx,64752.3,227.8,443.0,,,1,0,0,1
906298213130400,1790931958.348074,13348,tx,1916.2,401.7,772.6,,,1,0,0,1
906298355300600,1790931958.490244,13490,tx,9026.5,319.5,748.0,,,1,0,0,1
906298497969400,1790931958.632916,13632,tx,1536.6,238.8,488.9,,,1,0,0,1
906298639278300,1790931958.774226,13774,tx,3791.3,322.2,783.5,,,1,0,0,1
906298778483300,1790931958.913434,13913,tx,1609.3,250.5,634.0,,,1,0,0,1
906298917596300,1790931959.052548,14052,tx,1704.3,183.8,475.4,,,1,0,0,1
906299068886400,1790931959.203840,14203,tx,1536.5,140.4,278.2,,,1,0,0,1
906299217198600,1790931959.352153,14352,tx,2121.4,393.1,738.3,,,1,0,0,1
906299357827900,1790931959.492784,14492,tx,2094.5,228.7,566.2,,,1,0,0,1
906299495955300,1790931959.630913,14630,tx,1530.1,222.8,439.8,,,1,0,0,1
906299637010700,1790931959.771970,14771,tx,1356.3,235.8,569.3,,,1,0,0,1
906299776489100,1790931959.911449,14911,tx,12795.8,310.2,602.6,,,1,0,0,1
906299915885400,1790931960.050847,50,tx,1330.9,205.7,393.5,,,1,0,0,1
906300053112300,1790931960.188076,188,tx,1205.6,250.8,415.7,,,1,0,0,1
906300199283700,1790931960.334248,334,tx,1713.8,242.3,697.9,,,1,0,0,1
906300355861600,1790931960.490827,490,tx,1952.4,200.3,575.6,,,1,0,0,1
906300497031700,1790931960.631999,631,tx,1586.2,243.5,438.0,,,1,0,0,1
906300635475600,1790931960.770445,770,tx,1462.0,265.0,525.1,,,1,0,0,1
906300776641800,1790931960.911613,911,tx,1413.9,186.7,374.9,,,1,0,0,1
906300917156500,1790931961.052129,1052,tx,1331.4,203.7,394.5,,,1,0,0,1
906301090173300,1790931961.225147,1225,tx,9014.8,347.8,689.9,,,1,0,0,1
906301232538000,1790931961.367514,1367,tx,2406.3,1205.8,1451.5,,,1,0,0,1
906301372184800,1790931961.507162,1507,tx,1476.0,212.7,442.2,,,1,0,0,1
906301512446200,1790931961.647424,1647,tx,1638.1,249.3,604.5,,,1,0,0,1
906301653423900,1790931961.788404,1788,tx,3305.7,338.7,511.5,,,1,0,0,1
906301791985900,1790931961.926967,1926,tx,1833.8,233.9,512.5,,,1,0,0,1
906301934009500,1790931962.068992,2068,tx,1416.7,173.4,422.3,,,1,0,0,1
906302074452200,1790931962.209436,2209,tx,4243.6,387.2,627.7,,,1,0,0,1
906302215499200,1790931962.350485,2350,tx,1368.7,219.8,479.7,,,1,0,0,1
906302356668100,1790931962.491655,2491,tx,3039.7,298.6,698.5,,,1,0,0,1
906302511681600,1790931962.646670,2646,tx,3309.4,217.6,379.2,,,1,0,0,1
906302667896200,1790931962.802886,2802,tx,1410.2,181.6,396.8,,,1,0,0,1
906302809300900,1790931962.944293,2944,tx,2515.4,307.6,640.9,,,1,0,0,1
906302950040000,1790931963.085032,3085,tx,18783.5,227.0,610.8,,,1,0,0,1
906303091069900,1790931963.226064,3226,tx,2354.5,393.8,752.2,,,1,0,0,1
906303230870900,1790931963.365867,3365,tx,1453.6,228.2,476.9,,,1,0,0,1
906303372506400,1790931963.507504,3507,tx,2442.8,190.7,736.4,,,1,0,0,1
906303511833100,1790931963.646832,3646,tx,1305.3,245.3,421.9,,,1,0,0,1
906303652143100,1790931963.787144,3787,tx,1268.3,272.8,452.5,,,1,0,0,1
906303790602700,1790931963.925605,3925,tx,1957.2,242.0,533.4,,,1,0,0,1
906303932709500,1790931964.067713,4067,tx,11903.5,209.1,401.5,,,1,0,0,1
906304095515500,1790931964.230521,4230,tx,1479.9,293.1,455.1,,,1,0,0,1
906304248038600,1790931964.383045,4383,tx,1729.0,196.7,569.5,,,1,0,0,1
906304389054900,1790931964.524063,4524,tx,2839.1,156.6,478.4,,,1,0,0,1
906304542332100,1790931964.677342,4677,tx,1372.7,214.7,382.3,,,1,0,0,1
906304684947900,1790931964.819959,4819,tx,1504.3,232.9,598.7,,,1,0,0,1
906304826450300,1790931964.961462,4961,tx,1823.1,206.1,438.8,,,1,0,0,1
906304982221000,1790931965.117235,5117,tx,1460.6,194.6,424.9,,,1,0,0,1
906305121839200,1790931965.256855,5256,tx,1535.0,221.3,532.4,,,1,0,0,1
906305262002400,1790931965.397020,5397,tx,1296.5,182.2,396.2,,,1,0,0,1
906305399990600,1790931965.535009,5535,tx,1531.1,255.3,538.3,,,1,0,0,1
906305597247700,1790931965.732269,5732,tx,1514.4,214.1,344.0,,,1,0,0,1
906305742306800,1790931965.877329,5877,tx,1256.2,149.8,332.4,,,1,0,0,1
906305883411200,1790931966.018435,6018,tx,2896.6,282.0,937.0,,,1,0,0,1
906306024244000,1790931966.159269,6159,tx,25202.3,160.9,376.7,,,1,0,0,1
906306166229900,1790931966.301257,6301,tx,2656.6,410.2,781.6,,,1,0,0,1
906306308180000,1790931966.443208,6443,tx,1508.5,166.0,473.6,,,1,0,0,1
906306450185200,1790931966.585215,6585,tx,1344.0,199.0,424.3,,,1,0,0,1
906306589936600,1790931966.724968,6724,tx,1466.4,198.6,409.9,,,1,0,0,1
906306730624100,1790931966.865656,6865,tx,1400.0,175.0,381.7,,,1,0,0,1
906306884715000,1790931967.019749,7019,tx,17682.5,250.7,434.4,,,1,0,0,1
906307104790800,1790931967.239827,7239,tx,7516.6,186.3,299.2,,,1,0,0,1
906307245280300,1790931967.380318,7380,tx,1273.8,214.3,399.0,,,1,0,0,1
906307387083100,1790931967.522122,7522,tx,1900.4,227.0,521.3,,,1,0,0,1
906307529003300,1790931967.664043,7664,tx,24852.7,160.1,589.0,,,1,0,0,1
906307684595600,1790931967.819638,7819,tx,1410.0,277.4,447.6,,,1,0,0,1
906307826404900,1790931967.961448,7961,tx,3845.8,272.2,865.5,,,1,0,0,1
906307984213500,1790931968.119259,8119,tx,5345.1,174.3,332.9,,,1,0,0,1
906308139152300,1790931968.274199,8274,tx,1339.6,146.1,332.7,,,1,0,0,1
906308280218000,1790931968.415266,8415,tx,2920.3,412.8,786.7,,,1,0,0,1
906308422974000,1790931968.558024,8558,tx,1290.3,173.2,377.1,,,1,0,0,1
906308592246500,1790931968.727298,8727,tx,9122.0,216.4,342.0,,,1,0,0,1
906308735510800,1790931968.870564,8870,tx,15142.1,297.2,770.9,,,1,0,0,1
906308875339600,1790931969.010395,9010,tx,1380.4,398.9,583.3,,,1,0,0,1
906309014260700,1790931969.149317,9149,tx,1291.2,222.1,374.0,,,1,0,0,1
906309166858800,1790931969.301916,9301,tx,2288.6,416.2,897.2,,,1,0,0,1
906309320816600,1790931969.455876,9455,tx,1443.6,263.3,477.3,,,1,0,0,1
906309462790400,1790931969.597851,9597,tx,2079.7,247.8,485.2,,,1,0,0,1
906309601237000,1790931969.736300,9736,tx,1599.3,256.1,822.6,,,1,0,0,1
906309743583500,1790931969.878648,9878,tx,1170.0,220.3,403.7,,,1,0,0,1
906309885499400,1790931970.020565,10020,tx,1870.3,224.1,494.0,,,1,0,0,1
906310024708200,1790931970.159775,10159,tx,73433.6,253.0,492.6,,,1,0,0,1
906310214454200,1790931970.349523,10349,tx,2391.9,228.7,589.3,,,1,0,0,1
906310352326000,1790931970.487396,10487,tx,1487.6,382.2,630.2,,,1,0,0,1
906310491928900,1790931970.627001,10627,tx,2205.6,194.7,368.7,,,1,0,0,1
906310630685600,1790931970.765759,10765,tx,1753.5,197.5,406.5,,,1,0,0,1
906310770537800,1790931970.905612,10905,tx,1287.5,261.7,440.5,,,1,0,0,1
906310913175600,1790931971.048251,11048,tx,2522.2,247.9,813.0,,,1,0,0,1
906311070790300,1790931971.205868,11205,tx,1183.1,189.0,335.5,,,1,0,0,1
906311209116400,1790931971.344195,11344,tx,1870.4,137.8,386.7,,,1,0,0,1
906311352769900,1790931971.487850,11487,tx,1705.2,197.1,575.4,,,1,0,0,1
906311493713700,1790931971.628796,11628,tx,2008.2,249.8,415.1,,,1,0,0,1
906311636292400,1790931971.771376,11771,tx,1462.6,383.0,630.7,,,1,0,0,1
906311777817000,1790931971.912901,11912,tx,2265.1,247.3,571.3,,,1,0,0,1
906311917827600,1790931972.052914,12052,tx,7270.2,209.6,372.6,,,1,0,0,1
906312073214400,1790931972.208302,12208,tx,1401.3,206.4,416.9,,,1,0,0,1
906312212447900,1790931972.347538,12347,tx,1730.2,210.3,496.5,,,1,0,0,1
906312355248500,1790931972.490340,12490,tx,7943.3,373.8,620.1,,,1,0,0,1
906312497662700,1790931972.632755,12632,tx,2385.6,251.6,573.5,,,1,0,0,1
906312640092700,1790931972.775187,12775,tx,1603.4,213.2,483.1,,,1,0,0,1
906312779473100,1790931972.914568,12914,tx,1587.1,225.8,510.3,,,1,0,0,1
906312921425400,1790931973.056523,13056,tx,1259.5,386.2,568.6,,,1,0,0,1
906313088815200,1790931973.223914,13223,tx,1317.3,187.8,320.5,,,1,0,0,1
906313237570200,1790931973.372670,13372,tx,1540.9,212.7,436.5,,,1,0,0,1
906313378709300,1790931973.513811,13513,tx,1607.3,211.5,437.4,,,1,0,0,1
906313518698000,1790931973.653801,13653,tx,26803.0,237.5,449.3,,,1,0,0,1
906313659760400,1790931973.794865,13794,tx,11705.2,210.6,658.5,,,1,0,0,1
906313799861200,1790931973.934967,13934,tx,2603.6,214.0,587.9,,,1,0,0,1
906313941039100,1790931974.076147,14076,tx,1441.1,214.4,431.4,,,1,0,0,1
906314098676500,1790931974.233786,14233,tx,10493.7,156.5,389.2,,,1,0,0,1
906314238205000,1790931974.373315,14373,tx,2086.7,387.1,623.2,,,1,0,0,1
906314381301000,1790931974.516413,14516,tx,1640.2,458.3,703.2,,,1,0,0,1
906314522101500,1790931974.657214,14657,tx,71182.3,357.3,775.4,,,1,0,0,1
906314709417100,1790931974.844532,14844,tx,2707.7,148.0,747.9,,,1,0,0,1
906314849309500,1790931974.984426,14984,tx,2204.3,451.2,736.6,,,1,0,0,1
906314993277000,1790931975.128395,128,tx,1219.3,220.2,415.1,,,1,0,0,1
906315145028700,1790931975.280149,280,tx,1108.3,139.2,290.7,,,1,0,0,1
906315292866000,1790931975.427988,427,tx,1358.4,137.3,319.8,,,1,0,0,1
906315448146700,1790931975.583270,583,tx,1257.9,160.5,331.7,,,1,0,0,1
906315597743800,1790931975.732869,732,tx,1490.9,174.4,392.6,,,1,0,0,1
906315741985100,1790931975.877111,877,tx,3617.0,202.3,379.3,,,1,0,0,1
906315884994200,1790931976.020122,1020,tx,1418.5,195.6,455.5,,,1,0,0,1
906316028867000,1790931976.163996,1163,tx,63571.9,157.2,337.5,,,1,0,0,1
906316213431200,1790931976.348562,1348,tx,1879.0,217.7,524.1,,,1,0,0,1
906316358349200,1790931976.493482,1493,tx,1902.4,418.2,674.1,,,1,0,0,1
906316501445600,1790931976.636580,1636,tx,10409.3,260.6,478.8,,,1,0,0,1
906316639663600,1790931976.774799,1774,tx,1092.2,197.5,370.5,,,1,0,0,1
906316795209100,1790931976.930346,1930,tx,1104.0,123.4,319.0,,,1,0,0,1
906316935955400,1790931977.071094,2071,tx,1401.0,207.7,407.0,,,1,0,0,1
906317092036700,1790931977.227177,2227,tx,1358.9,195.4,405.5,,,1,0,0,1
906317234711300,1790931977.369853,2369,tx,2492.8,217.0,533.5,,,1,0,0,1
906317374509800,1790931977.509653,2509,tx,1697.1,248.0,515.7,,,1,0,0,1
906317517586600,1790931977.652731,2652,tx,73345.4,201.5,455.4,,,1,0,0,1
906317712540500,1790931977.847687,2847,tx,7188.9,307.0,458.8,,,1,0,0,1
906317864103600,1790931977.999252,2999,tx,1125.5,210.7,379.8,,,1,0,0,1
906318004278300,1790931978.139428,3139,tx,2135.4,343.1,682.5,,,1,0,0,1
906318147433300,1790931978.282585,3282,tx,4447.0,403.3,575.0,,,1,0,0,1
906318289515200,1790931978.424668,3424,tx,1412.5,266.9,457.8,,,1,0,0,1
906318434768100,1790931978.569922,3569,tx,1528.0,280.0,528.6,,,1,0,0,1
906318590641100,1790931978.725797,3725,tx,5054.7,191.4,348.6,,,1,0,0,1
906318732350900,1790931978.867508,3867,tx,1893.5,377.9,538.5,,,1,0,0,1
906318875850900,1790931979.011010,4011,tx,1160.4,139.3,411.2,,,1,0,0,1
906319016457300,1790931979.151618,4151,tx,72879.5,207.7,452.3,,,1,0,0,1
906319211583000,1790931979.346745,4346,tx,1563.3,242.2,405.6,,,1,0,0,1
906319359748200,1790931979.494912,4494,tx,9761.3,244.6,531.4,,,1,0,0,1
906319501421700,1790931979.636587,4636,tx,1349.5,401.8,589.8,,,1,0,0,1
906319643135400,1790931979.778282,4778,tx,1593.6,359.5,785.0,,,1,0,0,1
906319783286500,1790931979.918453,4918,tx,22623.5,254.0,665.9,,,1,0,0,1
906319925350400,1790931980.060520,5060,tx,1443.1,390.1,627.1,,,1,0,0,1
906320070456200,1790931980.205628,5205,tx,1899.1,469.7,648.5,,,1,0,0,1
906320222355900,1790931980.357529,5357,tx,5408.9,411.9,571.0,,,1,0,0,1
906320362698800,1790931980.497873,5497,tx,1559.5,243.5,463.2,,,1,0,0,1
906320503373200,1790931980.638549,5638,tx,1578.9,393.0,617.5,,,1,0,0,1
906320644010700,1790931980.779188,5779,tx,1594.6,238.3,461.0,,,1,0,0,1
906320788143700,1790931980.923322,5923,tx,1350.4,190.3,400.2,,,1,0,0,1
906320927864800,1790931981.063045,6063,tx,1240.0,222.0,410.9,,,1,0,0,1
906321070379400,1790931981.205560,6205,tx,1263.2,225.9,590.8,,,1,0,0,1
906321211259900,1790931981.346442,6346,tx,11176.5,407.1,721.3,,,1,0,0,1
906321351562200,1790931981.486747,6486,tx,1765.5,281.9,524.6,,,1,0,0,1
906321491253900,1790931981.626440,6626,tx,2099.8,417.8,648.0,,,1,0,0,1
906321634080800,1790931981.769269,6769,tx,1365.6,284.2,504.2,,,1,0,0,1
906321773010700,1790931981.908199,6908,tx,1764.1,283.0,579.1,,,1,0,0,1
906321914768600,1790931982.049959,7049,tx,1340.8,200.0,389.4,,,1,0,0,1
906322097413700,1790931982.232606,7232,tx,1336.0,435.7,571.4,,,1,0,0,1
906322243838200,1790931982.379032,7379,tx,1955.7,260.8,494.3,,,1,0,0,1
906322386676600,1790931982.521872,7521,tx,1599.1,249.7,535.2,,,1,0,0,1
906322528914900,1790931982.664112,7664,tx,22517.5,234.5,431.7,,,1,0,0,1
906322684297200,1790931982.819495,7819,tx,3157.5,236.8,824.8,,,1,0,0,1
906322826096700,1790931982.961297,7961,tx,2716.2,310.3,603.9,,,1,0,0,1
906322965279100,1790931983.100480,8100,tx,13626.4,341.1,700.8,,,1,0,0,1
906323110457600,1790931983.245660,8245,tx,1737.0,236.7,544.6,,,1,0,0,1
906323252079200,1790931983.387284,8387,tx,1972.8,240.9,547.3,,,1,0,0,1
906323393253900,1790931983.528459,8528,tx,21637.1,282.2,648.7,,,1,0,0,1
906323590191000,1790931983.725399,8725,tx,1624.6,197.2,398.5,,,1,0,0,1
906323738638500,1790931983.873848,8873,tx,1568.9,248.3,468.5,,,1,0,0,1
906323879880600,1790931984.015091,9015,tx,1385.2,188.6,412.1,,,1,0,0,1
906324019752400,1790931984.154964,9154,tx,27614.2,145.7,337.6,,,1,0,0,1
906324159085100,1790931984.294299,9294,tx,8122.4,165.3,386.4,,,1,0,0,1
906324297816300,1790931984.433032,9433,tx,1390.5,253.1,466.2,,,1,0,0,1
906324439562400,1790931984.574779,9574,tx,1883.0,258.0,501.8,,,1,0,0,1
906324595316800,1790931984.730536,9730,tx,8481.6,327.9,551.3,,,1,0,0,1
906324734487900,1790931984.869708,9869,tx,1439.3,294.0,494.0,,,1,0,0,1
906324890083900,1790931985.025305,10025,tx,1460.9,192.8,411.3,,,1,0,0,1
906325092275800,1790931985.227499,10227,tx,1797.2,170.5,329.7,,,1,0,0,1
906325232922200,1790931985.368147,10368,tx,1823.4,255.2,655.1,,,1,0,0,1
906325374547000,1790931985.509773,10509,tx,9600.9,245.7,501.4,,,1,0,0,1
906325516479200,1790931985.651707,10651,tx,27138.9,300.8,493.0,,,1,0,0,1
906325657170100,1790931985.792400,10792,tx,1620.1,204.3,426.2,,,1,0,0,1
906325798464400,1790931985.933696,10933,tx,8191.0,259.6,457.6,,,1,0,0,1
906325938864900,1790931986.074097,11074,tx,1533.4,266.3,464.2,,,1,0,0,1
906326079690800,1790931986.214924,11214,tx,8818.7,220.2,728.6,,,1,0,0,1
906326223625300,1790931986.358860,11358,tx,1386.8,220.9,517.8,,,1,0,0,1
906326364507000,1790931986.499744,11499,tx,1537.5,263.6,497.9,,,1,0,0,1
906326505031900,1790931986.640270,11640,tx,1276.5,227.2,419.2,,,1,0,0,1
906326645484100,1790931986.780724,11780,tx,2004.2,240.1,467.4,,,1,0,0,1
906326788991900,1790931986.924233,11924,tx,7267.0,296.0,616.1,,,1,0,0,1
906326928269500,1790931987.063512,12063,tx,1289.8,222.4,393.4,,,1,0,0,1
906327071829500,1790931987.207074,12207,tx,1307.9,151.1,340.8,,,1,0,0,1
906327212501700,1790931987.347747,12347,tx,3072.8,251.2,741.5,,,1,0,0,1
906327352381400,1790931987.487628,12487,tx,1977.4,342.4,558.6,,,1,0,0,1
906327495146700,1790931987.630395,12630,tx,1191.0,220.7,405.7,,,1,0,0,1
906327634412000,1790931987.769662,12769,tx,1313.4,407.2,599.9,,,1,0,0,1
906327774678600,1790931987.909930,12909,tx,9867.2,275.8,501.5,,,1,0,0,1
906327930734100,1790931988.065987,13065,tx,1393.4,177.1,365.7,,,1,0,0,1
906328091372200,1790931988.226627,13226,tx,1533.3,370.0,594.6,,,1,0,0,1
906328228561900,1790931988.363818,13363,tx,1357.6,277.2,510.3,,,1,0,0,1
906328368916500,1790931988.504174,13504,tx,1296.5,219.9,424.7,,,1,0,0,1
906328507998400,1790931988.643257,13643,tx,2161.5,279.9,567.2,,,1,0,0,1
906328649358700,1790931988.784619,13784,tx,11925.6,226.5,598.0,,,1,0,0,1
906328791163800,1790931988.926426,13926,tx,2126.4,416.4,703.0,,,1,0,0,1
906328932189000,1790931989.067453,14067,tx,1492.5,176.9,361.1,,,1,0,0,1
906329069173300,1790931989.204438,14204,tx,1444.4,205.7,340.4,,,1,0,0,1
906329216529600,1790931989.351796,14351,tx,1723.1,275.3,555.7,,,1,0,0,1
906329357822300,1790931989.493090,14493,tx,3000.0,292.5,636.5,,,1,0,0,1
906329500757500,1790931989.636027,14636,tx,1781.5,280.1,565.9,,,1,0,0,1
906329640874800,1790931989.776146,14776,tx,1625.4,213.5,392.0,,,1,0,0,1
906329784552500,1790931989.919825,14919,tx,1873.3,218.8,526.7,,,1,0,0,1
906329925676600,1790931990.060950,60,tx,1446.6,198.0,401.0,,,1,0,0,1
906330064325400,1790931990.199601,199,tx,8310.5,330.9,689.4,,,1,0,0,1
906330211046000,1790931990.346323,346,tx,1348.4,200.6,346.6,,,1,0,0,1
906330353195900,1790931990.488474,488,tx,2257.2,426.2,712.6,,,1,0,0,1
906330497261800,1790931990.632541,632,tx,2164.2,382.4,621.5,,,1,0,0,1
906330642866400,1790931990.778148,778,tx,1383.5,207.8,417.8,,,1,0,0,1
906330790022500,1790931990.925305,925,tx,2632.5,182.5,865.8,,,1,0,0,1
906330938752900,1790931991.074037,1074,tx,19284.5,191.9,505.3,,,1,0,0,1
906331095469800,1790931991.230756,1230,tx,8056.6,399.5,544.5,,,1,0,0,1
906331235986500,1790931991.371274,1371,tx,1157.9,214.5,383.0,,,1,0,0,1
906331376487700,1790931991.511776,1511,tx,22800.8,222.7,540.3,,,1,0,0,1
906331541357500,1790931991.676648,1676,tx,1236.1,183.7,323.5,,,1,0,0,1
906331688815000,1790931991.824106,1824,tx,1235.4,182.1,391.2,,,1,0,0,1
906331830156600,1790931991.965450,1965,tx,1322.4,229.3,519.6,,,1,0,0,1
906331970970600,1790931992.106266,2106,tx,1328.9,173.8,367.2,,,1,0,0,1
906332111990800,1790931992.247288,2247,tx,1314.7,224.9,412.3,,,1,0,0,1
906332252083600,1790931992.387382,2387,tx,12375.2,413.3,807.5,,,1,0,0,1
906332394949400,1790931992.530249,2530,tx,1269.2,208.1,389.2,,,1,0,0,1
906332590964200,1790931992.726266,2726,tx,1714.5,463.0,962.9,,,1,0,0,1
906332734014200,1790931992.869317,2869,tx,1082.7,248.8,394.3,,,1,0,0,1
906332876821300,1790931993.012126,3012,tx,2225.5,242.7,534.3,,,1,0,0,1
906333017112800,1790931993.152419,3152,tx,27030.0,136.7,505.4,,,1,0,0,1
906333159206200,1790931993.294514,3294,tx,1689.1,190.2,385.8,,,1,0,0,1
906333301963500,1790931993.437272,3437,tx,1994.2,241.1,732.9,,,1,0,0,1
906333443807300,1790931993.579118,3579,tx,1128.9,199.5,386.7,,,1,0,0,1
906333583813000,1790931993.719125,3719,tx,1748.9,226.2,412.5,,,1,0,0,1
906333723647700,1790931993.858961,3858,tx,1604.2,219.6,448.1,,,1,0,0,1
906333864091100,1790931993.999406,3999,tx,1908.5,261.3,535.7,,,1,0,0,1
906334004764400,1790931994.140081,4140,tx,8562.0,255.5,457.3,,,1,0,0,1
906334142405200,1790931994.277723,4277,tx,1269.4,402.6,553.2,,,1,0,0,1
906334289000800,1790931994.424319,4424,tx,1700.0,153.6,496.1,,,1,0,0,1
906334431052800,1790931994.566373,4566,tx,1881.6,227.8,526.2,,,1,0,0,1
906334571401200,1790931994.706723,4706,tx,1577.6,299.5,582.8,,,1,0,0,1
906334714254100,1790931994.849578,4849,tx,1717.2,176.9,977.7,,,1,0,0,1
906334855086600,1790931994.990411,4990,tx,2153.9,272.4,554.0,,,1,0,0,1
906334996486100,1790931995.131813,5131,tx,2815.2,300.7,478.6,,,1,0,0,1
906335136850600,1790931995.272178,5272,tx,1309.8,231.4,445.6,,,1,0,0,1
906335277766200,1790931995.413095,5413,tx,2029.0,173.2,584.8,,,1,0,0,1
906335419153100,1790931995.554484,5554,tx,2215.0,362.5,604.7,,,1,0,0,1
906335590816300,1790931995.726149,5726,tx,1645.1,139.3,328.0,,,1,0,0,1
906335732459500,1790931995.867794,5867,tx,1523.7,350.8,565.8,,,1,0,0,1
906335883827200,1790931996.019163,6019,tx,13178.0,180.8,424.0,,,1,0,0,1
906336057199600,1790931996.192537,6192,tx,8505.6,183.4,403.6,,,1,0,0,1
906336202895600,1790931996.338235,6338,tx,5586.0,200.8,546.7,,,1,0,0,1
906336344644700,1790931996.479985,6479,tx,1654.8,294.3,526.7,,,1,0,0,1
906336485644300,1790931996.620986,6620,tx,2332.3,303.5,881.7,,,1,0,0,1
906336628013300,1790931996.763357,6763,tx,11051.5,179.2,409.0,,,1,0,0,1
906336769373100,1790931996.904718,6904,tx,1598.5,357.9,564.2,,,1,0,0,1
906336910593800,1790931997.045940,7045,tx,1822.4,224.9,482.7,,,1,0,0,1
906337092928400,1790931997.228276,7228,tx,1805.8,217.3,427.8,,,1,0,0,1
906337239763400,1790931997.375113,7375,tx,1456.8,213.7,419.0,,,1,0,0,1
906337381235500,1790931997.516587,7516,tx,1573.6,224.8,435.1,,,1,0,0,1
906337522217500,1790931997.657570,7657,tx,22045.3,158.1,362.8,,,1,0,0,1
906337663669300,1790931997.799023,7799,tx,2163.6,215.7,524.5,,,1,0,0,1
906337806087200,1790931997.941442,7941,tx,1908.7,210.8,586.6,,,1,0,0,1
906337949044400,1790931998.084402,8084,tx,17395.7,192.4,403.3,,,1,0,0,1
906338089179800,1790931998.224539,8224,tx,2115.7,131.3,403.9,,,1,0,0,1
906338230990100,1790931998.366349,8366,tx,3664.9,513.0,908.5,,,1,0,0,1
906338386554800,1790931998.521917,8521,tx,13231.3,218.8,425.0,,,1,0,0,1
906338600679300,1790931998.736043,8736,tx,9974.7,221.8,384.7,,,1,0,0,1
906338750293300,1790931998.885659,8885,tx,1936.5,425.8,680.5,,,1,0,0,1
906338890295500,1790931999.025663,9025,tx,1506.6,179.3,355.0,,,1,0,0,1
906339053196200,1790931999.188565,9188,tx,17428.6,159.4,282.0,,,1,0,0,1
906339203090100,1790931999.338460,9338,tx,1195.1,157.5,346.1,,,1,0,0,1
906339344647300,1790931999.480019,9480,tx,1490.1,220.8,506.8,,,1,0,0,1
906339484316900,1790931999.619690,9619,tx,1211.3,148.2,329.5,,,1,0,0,1
906339639750700,1790931999.775126,9775,tx,1566.6,230.5,419.7,,,1,0,0,1
906339781593000,1790931999.916970,9916,tx,1487.7,183.1,528.8,,,1,0,0,1
906339921967600,1790932000.057345,10057,tx,1232.4,192.2,362.4,,,1,0,0,1
906340092379800,1790932000.227759,10227,tx,9086.7,297.6,587.8,,,1,0,0,1
906340236077000,1790932000.371458,10371,tx,15040.6,203.5,430.1,,,1,0,0,1
906340374651000,1790932000.510033,10510,tx,1792.3,227.5,475.8,,,1,0,0,1
906340518182100,1790932000.653566,10653,tx,27057.6,180.6,413.3,,,1,0,0,1
906340658970700,1790932000.794355,10794,tx,3898.2,198.4,1039.5,,,1,0,0,1
906340800368400,1790932000.935755,10935,tx,3343.8,299.8,467.5,,,1,0,0,1
906340941492900,1790932001.076881,11076,tx,1335.2,356.0,536.9,,,1,0,0,1
906341082603600,1790932001.217993,11217,tx,1289.1,201.9,403.0,,,1,0,0,1
906341225270200,1790932001.360661,11360,tx,15939.2,282.9,655.2,,,1,0,0,1
906341366236600,1790932001.501629,11501,tx,1541.8,250.0,442.7,,,1,0,0,1
906341506103800,1790932001.641498,11641,tx,1245.5,224.9,403.6,,,1,0,0,1
906341647105400,1790932001.782501,11782,tx,1750.2,246.4,793.1,,,1,0,0,1
906341790064700,1790932001.925462,11925,tx,1272.8,131.0,323.4,,,1,0,0,1
906341930883100,1790932002.066282,12066,tx,1235.8,197.1,387.8,,,1,0,0,1
906342071256600,1790932002.206657,12206,tx,1394.0,181.8,369.1,,,1,0,0,1
906342210915200,1790932002.346317,12346,tx,5667.2,180.5,383.2,,,1,0,0,1
906342354017600,1790932002.489421,12489,tx,1522.3,188.1,442.9,,,1,0,0,1
906342493026000,1790932002.628430,12628,tx,2800.0,185.7,545.8,,,1,0,0,1
906342635566600,1790932002.770973,12770,tx,1186.8,206.8,510.5,,,1,0,0,1
906342777978900,1790932002.913387,12913,tx,1341.5,262.9,448.7,,,1,0,0,1
906342919644700,1790932003.055053,13055,tx,1571.4,230.8,477.0,,,1,0,0,1
906343094355700,1790932003.229766,13229,tx,2104.5,235.1,574.0,,,1,0,0,1
906343232505100,1790932003.367917,13367,tx,1294.3,292.0,503.6,,,1,0,0,1
906343375673800,1790932003.511087,13511,tx,1728.7,217.4,426.6,,,1,0,0,1
906343516829600,1790932003.652245,13652,tx,28003.1,376.7,1084.3,,,1,0,0,1
906343675165300,1790932003.810582,13810,tx,2231.9,399.2,682.8,,,1,0,0,1
906343816296500,1790932003.951715,13951,tx,2183.1,348.8,642.7,,,1,0,0,1
906343957585400,1790932004.093005,14093,tx,17142.0,178.5,621.6,,,1,0,0,1
906344097876200,1790932004.233296,14233,tx,1934.5,198.4,496.1,,,1,0,0,1
906344239487400,1790932004.374910,14374,tx,1360.6,211.0,475.1,,,1,0,0,1
906344379632300,1790932004.515056,14515,tx,1411.8,188.2,419.6,,,1,0,0,1
906344522042800,1790932004.657468,14657,tx,71334.4,218.2,448.5,,,1,0,0,1
906344709904400,1790932004.845332,14845,tx,3073.6,370.6,1068.1,,,1,0,0,1
906344849933300,1790932004.985363,14985,tx,1298.5,169.1,359.7,,,1,0,0,1
906344992113900,1790932005.127544,127,tx,1440.4,264.2,452.7,,,1,0,0,1
906345129972400,1790932005.265404,265,tx,1611.5,148.7,347.7,,,1,0,0,1
906345276256400,1790932005.411690,411,tx,11157.8,205.1,390.1,,,1,0,0,1
906345420020300,1790932005.555455,555,tx,1483.2,210.9,446.7,,,1,0,0,1
906345574449900,1790932005.709887,709,tx,10690.1,234.6,658.4,,28065.1,1,0,0,1
906345727530100,1790932005.862968,862,idle,1232.1,337.4,514.2,,,0,0,0,0
906345976301700,1790932006.111742,1111,idle,11142.7,,,,,0,0,0,0
906346132642400,1790932006.268085,1268,idle,1552.0,,,,,0,0,0,0
906346273354000,1790932006.408798,1408,tx,139571.7,,,,,1,0,0,1
906346583652900,1790932006.719100,1719,tx,6140.5,219.5,450.2,,,1,0,0,1
906346727373500,1790932006.862822,1862,tx,1371.1,402.2,586.4,,,1,0,0,1
906346870613100,1790932007.006062,2006,tx,1782.3,247.2,589.1,,,1,0,0,1
906347009555400,1790932007.145007,2145,tx,1334.4,231.2,415.3,,,1,0,0,1
906347150587400,1790932007.286040,2286,tx,1283.9,247.2,435.3,,,1,0,0,1
906347291237300,1790932007.426692,2426,tx,1233.5,195.7,403.2,,,1,0,0,1
906347446586500,1790932007.582042,2582,tx,1439.0,260.9,450.2,,,1,0,0,1
906347604885000,1790932007.740342,2740,tx,1944.5,190.2,569.3,,,1,0,0,1
906347745388900,1790932007.880848,2880,tx,1487.8,193.7,580.9,,,1,0,0,1
906347886637600,1790932008.022098,3022,tx,2048.5,238.0,510.1,,,1,0,0,1
906348079574200,1790932008.215037,3215,tx,1285.8,241.0,476.3,,,1,0,0,1
906348230947800,1790932008.366412,3366,tx,1029.1,174.7,335.6,,,1,0,0,1
906348370897200,1790932008.506361,3506,tx,1636.2,224.9,444.7,,,1,0,0,1
906348512414200,1790932008.647882,3647,tx,1518.1,233.7,584.0,,,1,0,0,1
906348655075000,1790932008.790544,3790,tx,1946.0,222.5,500.0,,,1,0,0,1
906348796551400,1790932008.932022,3932,tx,1291.9,197.1,386.7,,,1,0,0,1
906348937922100,1790932009.073394,4073,tx,1580.3,207.9,415.8,,,1,0,0,1
906349077513900,1790932009.212987,4212,tx,1565.5,352.0,489.7,,,1,0,0,1
906349217216400,1790932009.352691,4352,tx,10474.6,195.5,385.6,,,1,0,0,1
906349358773900,1790932009.494250,4494,tx,2139.2,241.2,460.7,,,1,0,0,1
906349500842900,1790932009.636320,4636,tx,2721.7,438.4,1045.9,,,1,0,0,1
906349640133400,1790932009.775612,4775,tx,1242.8,248.1,442.6,,,1,0,0,1
906349782205900,1790932009.917686,4917,tx,1226.4,153.1,348.3,,,1,0,0,1
906349922901800,1790932010.058384,5058,tx,1315.4,216.4,425.7,,,1,0,0,1
906350063427900,1790932010.198911,5198,tx,1583.6,289.4,473.8,,,1,0,0,1
906350203710500,1790932010.339195,5339,tx,1312.6,237.7,426.1,,,1,0,0,1
906350346768900,1790932010.482255,5482,tx,1504.4,199.0,477.4,,,1,0,0,1
906350484554600,1790932010.620043,5620,tx,1508.3,146.4,390.6,,,1,0,0,1
906350625503700,1790932010.760993,5760,tx,8759.3,255.5,469.2,,,1,0,0,1
906350766374200,1790932010.901865,5901,tx,1369.1,376.8,546.9,,,1,0,0,1
906350906456400,1790932011.041948,6041,tx,1970.0,171.6,481.4,,167371.6,1,0,0,1
906351085251500,1790932011.220746,6220,idle,13177.1,225.2,432.7,,,0,0,0,0
906351234550700,1790932011.370046,6370,idle,1690.4,228.8,427.8,,,0,0,0,0
906351427225600,1790932011.562723,6562,idle,10150.7,,,,,0,0,0,0
906351713972200,1790932011.849473,6849,tx,14350.4,260.7,374.0,,,1,0,0,1
906351860870300,1790932011.996372,6996,tx,1164.0,174.5,337.7,,,1,0,0,1
906352002210100,1790932012.137713,7137,tx,2126.0,440.5,675.8,,,1,0,0,1
906352142907800,1790932012.278412,7278,tx,2741.9,423.4,1015.0,,,1,0,0,1
906352300702000,1790932012.436208,7436,tx,1683.9,213.7,525.0,,,1,0,0,1
906352442272700,1790932012.577780,7577,tx,1610.9,397.7,668.8,,,1,0,0,1
906352584260000,1790932012.719769,7719,tx,1525.9,398.8,694.3,,,1,0,0,1
906352726074700,1790932012.861586,7861,tx,1273.7,182.9,356.4,,,1,0,0,1
906352865911400,1790932013.001424,8001,tx,2858.8,302.6,537.7,,,1,0,0,1
906353006276800,1790932013.141790,8141,tx,1913.1,254.4,654.0,,,1,0,0,1
906353148612200,1790932013.284127,8284,tx,8963.5,159.3,409.5,,,1,0,0,1
906353287483200,1790932013.422828,8422,tx,2430.1,133.5,1563.3,,,1,0,0,1
906353428030100,1790932013.563548,8563,tx,3261.9,373.3,741.4,,,1,0,0,1
906353568894500,1790932013.704414,8704,tx,1207.4,182.7,388.8,,,1,0,0,1
906353707726200,1790932013.843247,8843,tx,1777.1,228.7,541.9,,,1,0,0,1
906353861967100,1790932013.997490,8997,tx,1638.5,172.6,441.8,,,1,0,0,1
906354003777100,1790932014.139301,9139,tx,1102.7,255.3,409.6,,,1,0,0,1
906354140874900,1790932014.276401,9276,tx,1693.9,160.2,373.5,,,1,0,0,1
906354294761700,1790932014.430289,9430,tx,1131.0,227.8,369.0,,,1,0,0,1
906354432129900,1790932014.567658,9567,tx,1320.0,213.5,381.3,,,1,0,0,1
906354623391400,1790932014.758923,9758,tx,1643.2,315.2,474.1,,,1,0,0,1
906354774019800,1790932014.909551,9909,tx,1937.0,240.7,533.8,,,1,0,0,1
906354928157100,1790932015.063691,10063,tx,1024.9,169.6,340.3,,,1,0,0,1
906355068362700,1790932015.203898,10203,tx,1277.9,321.2,549.4,,,1,0,0,1
906355210342500,1790932015.345879,10345,tx,3060.4,296.8,765.3,,,1,0,0,1
906355368467900,1790932015.504006,10504,tx,1201.6,345.6,497.8,,,1,0,0,1
906355508173300,1790932015.643713,10643,tx,4367.0,237.2,784.4,,,1,0,0,1
906355648089700,1790932015.783631,10783,tx,1322.0,197.7,380.9,,,1,0,0,1
906355788987400,1790932015.924530,10924,tx,2517.0,297.0,589.7,,,1,0,0,1
906355931756200,1790932016.067300,11067,tx,1378.4,197.6,409.0,,,1,0,0,1
906356114393800,1790932016.249940,11249,tx,1603.3,403.3,585.7,,,1,0,0,1
906356261107700,1790932016.396655,11396,tx,2601.1,476.7,775.6,,,1,0,0,1
906356400313500,1790932016.535862,11535,tx,2041.7,444.2,607.1,,,1,0,0,1
906356552515000,1790932016.688066,11688,tx,1312.1,223.2,455.9,,,1,0,0,1
906356701434200,1790932016.836987,11836,tx,1834.2,255.7,516.0,,,1,0,0,1
906356844594800,1790932016.980149,11980,tx,1267.4,207.9,398.9,,,1,0,0,1
906356985999800,1790932017.121555,12121,tx,3774.7,212.8,518.5,,,1,0,0,1
906357128440100,1790932017.263997,12263,tx,1411.9,307.7,531.1,,,1,0,0,1
906357272277400,1790932017.407836,12407,tx,1505.4,298.3,654.9,,,1,0,0,1
906357414488900,1790932017.550049,12550,tx,4534.4,222.1,388.7,,,1,0,0,1
906357614781100,1790932017.750343,12750,tx,1487.6,213.7,509.1,,,1,0,0,1
906357759160700,1790932017.894724,12894,tx,1272.9,223.1,404.5,,,1,0,0,1
906357901056700,1790932018.036608,13036,tx,1309.4,232.5,397.3,,,1,0,0,1
906358047869700,1790932018.183436,13183,tx,1611.5,191.4,342.7,,,1,0,0,1
906358197996100,1790932018.333564,13333,tx,1233.1,244.7,409.9,,,1,0,0,1
906358340340100,1790932018.475909,13475,tx,1601.3,345.8,607.6,,,1,0,0,1
906358481140900,1790932018.616710,13616,tx,2124.6,234.7,741.7,,,1,0,0,1
906358622953200,1790932018.758525,13758,tx,9502.8,217.3,547.5,,,1,0,0,1
906358764717000,1790932018.900290,13900,tx,2244.2,223.5,542.0,,,1,0,0,1
906358907960800,1790932019.043536,14043,tx,1176.6,188.4,390.5,,,1,0,0,1
906359117311900,1790932019.252889,14252,tx,1962.6,398.7,625.7,,,1,0,0,1
906359268410800,1790932019.403990,14403,tx,16561.4,332.9,773.1,,,1,0,0,1
906359409481800,1790932019.545062,14545,tx,4284.6,290.5,557.5,,,1,0,0,1
906359566131900,1790932019.701714,14701,tx,1242.4,226.3,413.4,,,1,0,0,1
906359706724700,1790932019.842307,14842,tx,11988.7,247.1,647.4,,,1,0,0,1
906359847972100,1790932019.983557,14983,tx,1512.0,213.5,441.9,,,1,0,0,1
906359995684500,1790932020.131271,131,tx,1561.3,241.1,482.6,,,1,0,0,1
906360136250600,1790932020.271838,271,tx,2071.0,432.8,681.1,,,1,0,0,1
906360285632100,1790932020.421221,421,tx,1526.4,228.4,460.6,,,1,0,0,1
906360434829900,1790932020.570421,570,tx,1587.9,247.3,549.5,,,1,0,0,1
906360642884200,1790932020.778478,778,tx,1205.4,265.4,456.3,,,1,0,0,1
906360791142200,1790932020.926737,926,tx,1344.7,218.2,385.3,,,1,0,0,1
906360931843200,1790932021.067440,1067,tx,4979.9,213.1,448.2,,,1,0,0,1
906361072221100,1790932021.207819,1207,tx,1382.0,158.3,291.0,,,1,0,0,1
906361210662200,1790932021.346262,1346,tx,1285.6,199.0,400.0,,,1,0,0,1
906361352097000,1790932021.487697,1487,tx,8010.8,180.1,401.9,,,1,0,0,1
906361495311700,1790932021.630914,1630,tx,1262.0,385.6,556.5,,,1,0,0,1
906361637806500,1790932021.773410,1773,tx,1496.9,186.1,558.3,,,1,0,0,1
906361779211100,1790932021.914816,1914,tx,2102.9,453.3,811.9,,,1,0,0,1
906361918759000,1790932022.054365,2054,tx,3217.5,241.6,478.3,,,1,0,0,1
906362152963300,1790932022.288572,2288,tx,1482.5,195.2,421.6,,,1,0,0,1
906362294243900,1790932022.429854,2429,tx,1710.5,440.1,741.4,,,1,0,0,1
906362433761400,1790932022.569373,2569,tx,1682.5,253.0,510.3,,,1,0,0,1
906362576368800,1790932022.711982,2711,tx,1431.9,413.1,523.3,,,1,0,0,1
906362716620200,1790932022.852235,2852,tx,1420.6,205.0,428.9,,,1,0,0,1
906362857644700,1790932022.993261,2993,tx,1324.1,211.5,396.6,,,1,0,0,1
906363000226100,1790932023.135844,3135,tx,8412.0,390.9,689.5,,,1,0,0,1
906363140461800,1790932023.276081,3276,tx,1271.4,290.4,486.0,,,1,0,0,1
906363282726500,1790932023.418347,3418,tx,2261.3,256.2,783.1,,,1,0,0,1
906363422991800,1790932023.558614,3558,tx,8664.1,192.6,511.3,,,1,0,0,1
906363650376500,1790932023.786001,3786,tx,1582.9,144.3,486.8,,,1,0,0,1
906363795614400,1790932023.931240,3931,tx,2967.6,320.9,687.0,,,1,0,0,1
906363950462800,1790932024.086090,4086,tx,2709.6,271.5,599.8,,,1,0,0,1
906364106241000,1790932024.241870,4241,tx,1695.9,223.8,420.5,,,1,0,0,1
906364247677600,1790932024.383308,4383,tx,3125.9,178.5,517.1,,,1,0,0,1
906364389119600,1790932024.524752,4524,tx,2486.7,473.2,796.8,,,1,0,0,1
906364528882800,1790932024.664515,4664,tx,9546.7,526.2,983.6,,,1,0,0,1
906364672934200,1790932024.808569,4808,tx,1406.3,200.0,490.9,,,1,0,0,1
906364813672400,1790932024.949309,4949,tx,1663.7,203.8,546.2,,,1,0,0,1
906364955169100,1790932025.090807,5090,tx,14762.9,408.1,652.2,,,1,0,0,1
906365146188900,1790932025.281829,5281,tx,1124.1,166.1,336.0,,,1,0,0,1
906365286451400,1790932025.422093,5422,tx,7741.6,362.7,576.0,,,1,0,0,1
906365427547400,1790932025.563190,5563,tx,1808.6,236.5,408.7,,,1,0,0,1
906365577825700,1790932025.713470,5713,tx,1363.2,169.7,300.1,,,1,0,0,1
906365725712500,1790932025.861358,5861,tx,6535.3,239.1,476.1,,,1,0,0,1
906365865954800,1790932026.001602,6001,tx,1604.5,208.4,446.6,,,1,0,0,1
906366009321600,1790932026.144971,6144,tx,1432.1,407.0,617.1,,,1,0,0,1
906366148940200,1790932026.284590,6284,tx,2164.4,258.6,534.1,,,1,0,0,1
906366290600200,1790932026.426252,6426,tx,1370.7,220.8,401.2,,,1,0,0,1
906366431901600,1790932026.567555,6567,tx,1776.6,243.9,515.3,,,1,0,0,1
906366650724000,1790932026.786380,6786,tx,2174.7,209.4,449.8,,,1,0,0,1
906366788616800,1790932026.924274,6924,tx,1526.6,242.6,550.6,,,1,0,0,1
906366931165200,1790932027.066824,7066,tx,14863.5,250.5,389.6,,,1,0,0,1
906367072696300,1790932027.208356,7208,tx,1123.9,224.3,360.5,,,1,0,0,1
906367211164900,1790932027.346826,7346,tx,1582.9,239.8,483.7,,,1,0,0,1
906367350215500,1790932027.485878,7485,tx,1740.0,446.7,647.0,,,1,0,0,1
906367494504300,1790932027.630169,7630,tx,1397.9,138.2,370.4,,,1,0,0,1
906367633864900,1790932027.769531,7769,tx,1424.0,197.5,439.3,,,1,0,0,1
906367775482600,1790932027.911150,7911,tx,1543.7,229.5,632.9,,,1,0,0,1
906367917738800,1790932028.053407,8053,tx,21053.4,288.5,605.7,,,1,0,0,1
906368156849500,1790932028.292521,8292,tx,9510.6,193.9,383.9,,,1,0,0,1
906368293920700,1790932028.429594,8429,tx,1393.5,219.3,460.1,,,1,0,0,1
906368434273600,1790932028.569948,8569,tx,1818.0,352.7,662.8,,,1,0,0,1
906368584287300,1790932028.719963,8719,tx,8864.5,454.3,603.0,,,1,0,0,1
906368730730900,1790932028.866408,8866,tx,3864.6,188.3,570.1,,,1,0,0,1
906368871843200,1790932029.007522,9007,tx,2341.8,185.1,579.5,,,1,0,0,1
906369013958800,1790932029.149639,9149,tx,1175.1,213.6,377.1,,,1,0,0,1
906369156787900,1790932029.292470,9292,tx,1737.3,194.4,469.8,,,1,0,0,1
906369296233300,1790932029.431916,9431,tx,2966.7,267.1,649.4,,,1,0,0,1
906369438165100,1790932029.573849,9573,tx,11960.5,314.8,724.2,,,1,0,0,1
906369644991100,1790932029.780679,9780,tx,1423.3,226.6,630.1,,,1,0,0,1
906369796541300,1790932029.932230,9932,tx,1800.8,237.1,542.3,,,1,0,0,1
906369952050500,1790932030.087740,10087,tx,3759.3,329.9,760.8,,,1,0,0,1
906370092041100,1790932030.227732,10227,tx,1591.8,178.2,406.3,,,1,0,0,1
906370232332900,1790932030.368026,10368,tx,1533.0,352.2,600.3,,,1,0,0,1
906370373077400,1790932030.508772,10508,tx,1447.9,182.1,434.6,,,1,0,0,1
906370513210500,1790932030.648906,10648,tx,1543.2,189.1,674.0,,,1,0,0,1
906370654544900,1790932030.790242,10790,tx,7182.9,308.6,606.9,,,1,0,0,1
906370796391400,1790932030.932090,10932,tx,1898.3,301.9,581.2,,,1,0,0,1
906370937154000,1790932031.072854,11072,tx,1936.9,487.4,811.2,,,1,0,0,1
906371145236700,1790932031.280940,11280,tx,1575.4,181.9,384.9,,,1,0,0,1
906371296516400,1790932031.432221,11432,tx,1321.5,251.4,462.0,,,1,0,0,1
906371452096700,1790932031.587802,11587,tx,1883.4,223.8,506.8,,,1,0,0,1
906371608323800,1790932031.744031,11744,tx,2191.9,278.2,738.8,,,1,0,0,1
906371765644400,1790932031.901353,11901,tx,2417.6,248.9,550.8,,,1,0,0,1
906371907776200,1790932032.043487,12043,tx,1394.4,177.7,364.8,,,1,0,0,1
906372050292000,1790932032.186004,12186,tx,27549.8,195.7,639.1,,,1,0,0,1
906372191866400,1790932032.327580,12327,tx,1486.5,273.0,522.5,,,1,0,0,1
906372333968500,1790932032.469683,12469,tx,1610.6,211.5,615.1,,,1,0,0,1
906372476839600,1790932032.612556,12612,tx,2821.9,287.9,671.5,,,1,0,0,1
906372650870800,1790932032.786589,12786,tx,8297.3,172.7,318.7,,,1,0,0,1
906372791858200,1790932032.927578,12927,tx,1443.6,192.8,401.1,,,1,0,0,1
906372950076400,1790932033.085797,13085,tx,13926.8,249.3,533.1,,,1,0,0,1
906373090342800,1790932033.226066,13226,tx,2364.1,427.5,692.3,,,1,0,0,1
906373231969400,1790932033.367694,13367,tx,1863.8,238.3,491.7,,,1,0,0,1
906373372973000,1790932033.508699,13508,tx,2350.6,474.0,940.5,,,1,0,0,1
906373515270700,1790932033.650998,13650,tx,1996.2,417.0,650.7,,,1,0,0,1
906373657056700,1790932033.792785,13792,tx,1524.8,189.5,374.6,,,1,0,0,1
906373797329100,1790932033.933059,13933,tx,1750.1,384.8,590.4,,,1,0,0,1
906373955118300,1790932034.090850,14090,tx,1551.8,174.9,354.7,,,1,0,0,1
906374149722600,1790932034.285456,14285,tx,7441.5,170.0,304.8,,,1,0,0,1
906374287454200,1790932034.423189,14423,tx,1777.9,254.9,444.6,,,1,0,0,1
906374429114300,1790932034.564851,14564,tx,1907.2,233.4,496.7,,,1,0,0,1
906374576668900,1790932034.712407,14712,tx,1276.4,156.2,339.3,,,1,0,0,1
906374727551900,1790932034.863292,14863,tx,1896.4,176.2,513.3,,,1,0,0,1
906374885073800,1790932035.020815,20,tx,1407.8,256.0,480.6,,,1,0,0,1
906375025177500,1790932035.160920,160,tx,6085.2,182.3,420.4,,,1,0,0,1
906375175341700,1790932035.311086,311,tx,1932.0,353.3,570.6,,,1,0,0,1
906375312881900,1790932035.448628,448,tx,1326.3,205.0,458.4,,,1,0,0,1
906375452991400,1790932035.588739,588,tx,1233.5,176.5,390.5,,,1,0,0,1
906375650697400,1790932035.786447,786,tx,1623.9,164.5,531.3,,,1,0,0,1
906375796457200,1790932035.932208,932,tx,1861.7,234.8,496.1,,,1,0,0,1
906375948844400,1790932036.084597,1084,tx,1213.3,211.4,407.1,,,1,0,0,1
906376105242100,1790932036.240996,1240,tx,1796.0,419.5,655.1,,,1,0,0,1
906376247843800,1790932036.383599,1383,tx,1326.1,185.7,409.9,,,1,0,0,1
906376391752200,1790932036.527509,1527,tx,1399.8,242.1,419.5,,,1,0,0,1
906376531716900,1790932036.667475,1667,tx,3324.6,257.4,644.7,,,1,0,0,1
906376672993200,1790932036.808753,1808,tx,1203.3,225.5,407.2,,,1,0,0,1
906376814350200,1790932036.950111,1950,tx,1591.1,237.0,593.9,,,1,0,0,1
906376954143800,1790932037.089907,2089,tx,1669.8,337.8,708.3,,,1,0,0,1
906377147157400,1790932037.282922,2282,tx,1727.3,293.8,461.5,,,1,0,0,1
906377286498000,1790932037.422264,2422,tx,2724.3,210.8,830.7,,,1,0,0,1
906377427717900,1790932037.563485,2563,tx,6641.9,248.1,428.8,,,1,0,0,1
906377567697600,1790932037.703467,2703,tx,25783.2,218.2,390.1,,,1,0,0,1
906377709287900,1790932037.845057,2845,tx,3737.9,295.8,797.6,,,1,0,0,1
906377850777100,1790932037.986548,2986,tx,2152.6,252.9,544.5,,,1,0,0,1
906378005338800,1790932038.141113,3141,tx,1264.2,327.4,504.6,,,1,0,0,1
906378146209900,1790932038.281985,3281,tx,1477.7,228.8,445.8,,,1,0,0,1
906378287577600,1790932038.423354,3423,tx,1790.4,250.3,537.0,,,1,0,0,1
906378427493000,1790932038.563271,3563,tx,1468.3,290.1,481.3,,,1,0,0,1
906378568300100,1790932038.704080,3704,tx,97394.3,299.2,529.0,,,1,0,0,1
906378782643100,1790932038.918425,3918,tx,1569.6,130.8,446.5,,,1,0,0,1
906378928615300,1790932039.064398,4064,tx,3811.8,378.4,1169.1,,,1,0,0,1
906379071877400,1790932039.207662,4207,tx,26680.6,337.7,683.8,,,1,0,0,1
906379223531800,1790932039.359318,4359,tx,1614.8,263.9,485.5,,,1,0,0,1
906379371721800,1790932039.507510,4507,tx,1781.2,228.1,617.8,,,1,0,0,1
906379530805400,1790932039.666595,4666,tx,2412.1,221.8,607.4,,,1,0,0,1
906379688069400,1790932039.823861,4823,tx,1994.8,273.7,491.7,,,1,0,0,1
906379828777600,1790932039.964570,4964,tx,12624.5,306.1,697.0,,,1,0,0,1
906379982372000,1790932040.118166,5118,tx,1420.7,284.9,534.3,,,1,0,0,1
906380162385400,1790932040.298182,5298,tx,5478.1,375.3,571.5,,,1,0,0,1
906380311793000,1790932040.447590,5447,tx,1264.8,192.9,387.9,,,1,0,0,1
906380454918100,1790932040.590717,5590,tx,2050.8,251.4,534.4,,,1,0,0,1
906380592367900,1790932040.728168,5728,tx,1860.3,186.2,444.2,,,1,0,0,1
906380737567800,1790932040.873370,5873,tx,1320.0,271.4,475.1,,,1,0,0,1
906380880117000,1790932041.015921,6015,tx,1717.3,253.6,497.8,,,1,0,0,1
906381021234500,1790932041.157040,6157,tx,2518.7,241.3,705.4,,,1,0,0,1
906381161878000,1790932041.297685,6297,tx,1464.4,224.2,487.5,,,1,0,0,1
906381304172500,1790932041.439981,6439,tx,1379.9,227.6,441.6,,,1,0,0,1
906381444282200,1790932041.580092,6580,tx,1648.9,369.5,574.2,,,1,0,0,1
906381665225300,1790932041.801037,6801,tx,1860.4,257.1,419.9,,,1,0,0,1
906381804944000,1790932041.940756,6940,tx,8958.1,188.6,389.4,,,1,0,0,1
906381943740700,1790932042.079556,7079,tx,1121.6,203.9,397.1,,,1,0,0,1
906382094836500,1790932042.230653,7230,tx,1545.6,228.0,403.8,,,1,0,0,1
906382242386400,1790932042.378204,7378,tx,8445.8,285.9,584.5,,,1,0,0,1
906382384374100,1790932042.520193,7520,tx,1551.9,377.2,587.8,,,1,0,0,1
906382526711100,1790932042.662532,7662,tx,1375.4,188.9,417.0,,,1,0,0,1
906382670252600,1790932042.806075,7806,tx,1598.7,355.7,687.2,,,1,0,0,1
906382812570500,1790932042.948394,7948,tx,1981.4,195.6,562.7,,,1,0,0,1
906382953149400,1790932043.088974,8088,tx,1826.9,236.7,464.2,,,1,0,0,1
906383160520400,1790932043.296348,8296,tx,1526.8,259.5,444.9,,,1,0,0,1
906383297889500,1790932043.433718,8433,tx,2899.1,441.8,870.0,,,1,0,0,1
906383440109400,1790932043.575940,8575,tx,6798.4,414.9,805.4,,,1,0,0,1
906383588928500,1790932043.724761,8724,tx,1063.9,213.3,358.2,,,1,0,0,1
906383738099900,1790932043.873933,8873,tx,1624.3,224.7,430.6,,,1,0,0,1
906383881910800,1790932044.017746,9017,tx,15841.1,182.7,549.9,,,1,0,0,1
906384039396000,1790932044.175232,9175,tx,1808.3,225.9,404.2,,,1,0,0,1
906384181658400,1790932044.317496,9317,tx,2228.8,255.9,550.0,,,1,0,0,1
906384321836700,1790932044.457676,9457,tx,5777.2,232.5,563.5,,,1,0,0,1
906384462759800,1790932044.598600,9598,tx,1846.2,220.1,453.2,,,1,0,0,1
906384667275300,1790932044.803119,9803,tx,1905.9,399.8,598.0,,,1,0,0,1
906384807413600,1790932044.943258,9943,tx,1501.4,324.3,547.3,,,1,0,0,1
906384946878600,1790932045.082724,10082,tx,3480.9,474.2,913.3,,,1,0,0,1
906385095255800,1790932045.231103,10231,tx,1374.0,401.3,698.7,,,1,0,0,1
906385244368500,1790932045.380218,10380,tx,1382.8,430.3,626.6,,,1,0,0,1
906385388000500,1790932045.523851,10523,tx,1681.4,254.7,542.2,,,1,0,0,1
906385530540000,1790932045.666392,10666,tx,1480.5,229.0,607.4,,,1,0,0,1
906385686555100,1790932045.822408,10822,tx,2699.5,270.8,619.1,,,1,0,0,1
906385828316300,1790932045.964170,10964,tx,3215.3,290.5,776.5,,,1,0,0,1
906385970543900,1790932046.106400,11106,tx,8231.6,168.9,768.6,,,1,0,0,1
906386162644300,1790932046.298503,11298,tx,1445.1,171.1,277.0,,,1,0,0,1
906386300389300,1790932046.436249,11436,tx,1735.6,220.7,496.3,,,1,0,0,1
906386442106700,1790932046.577968,11577,tx,1720.3,165.0,378.2,,,1,0,0,1
906386594700800,1790932046.730564,11730,tx,1799.6,254.0,548.9,,,1,0,0,1
906386742058300,1790932046.877923,11877,tx,1358.8,99.2,322.2,,,1,0,0,1
906386882158300,1790932047.018024,12018,tx,1375.9,190.4,406.0,,,1,0,0,1
906387023198400,1790932047.159066,12159,tx,1166.6,220.9,387.8,,,1,0,0,1
906387164028900,1790932047.299898,12299,tx,10607.6,159.2,323.6,,,1,0,0,1
906387306861600,1790932047.442732,12442,tx,1611.8,198.9,463.7,,,1,0,0,1
906387448173100,1790932047.584045,12584,tx,1289.0,224.3,444.2,,,1,0,0,1
906387665884500,1790932047.801759,12801,tx,1755.1,289.5,452.1,,,1,0,0,1
906387805192000,1790932047.941067,12941,tx,4312.0,296.3,851.5,,,1,0,0,1
906387947417200,1790932048.083294,13083,tx,2855.1,208.8,523.4,,,1,0,0,1
906388097221100,1790932048.233100,13233,tx,1091.6,206.2,340.7,,,1,0,0,1
906388245283700,1790932048.381164,13381,tx,1325.0,379.7,576.0,,,1,0,0,1
906388387136400,1790932048.523018,13523,tx,1389.2,217.3,463.2,,,1,0,0,1
906388529399800,1790932048.665283,13665,tx,1538.9,253.7,516.3,,,1,0,0,1
906388672039200,1790932048.807924,13807,tx,1484.1,213.1,407.6,,,1,0,0,1
906388814368500,1790932048.950254,13950,tx,2515.7,260.7,941.1,,,1,0,0,1
906388972909500,1790932049.108798,14108,tx,1705.5,204.2,427.7,,,1,0,0,1
906389160736800,1790932049.296627,14296,tx,1434.3,186.2,336.7,,,1,0,0,1
906389303871600,1790932049.439762,14439,tx,3848.6,497.5,922.5,,,1,0,0,1
906389444741900,1790932049.580635,14580,tx,2395.3,271.5,562.5,,,1,0,0,1
906389590285600,1790932049.726180,14726,tx,1468.1,158.8,294.8,,,1,0,0,1
906389727950500,1790932049.863846,14863,tx,1402.3,241.8,470.7,,,1,0,0,1
906389883731400,1790932050.019629,19,tx,2159.3,234.6,473.2,,,1,0,0,1
906390025630700,1790932050.161529,161,tx,1732.6,237.3,533.9,,,1,0,0,1
906390169776600,1790932050.305676,305,tx,2692.2,302.9,613.9,,,1,0,0,1
906390309348500,1790932050.445250,445,tx,2308.0,244.8,471.3,,,1,0,0,1
906390460578200,1790932050.596454,596,tx,10459.4,323.5,840.2,,,1,0,0,1
906390663149600,1790932050.799055,799,tx,9130.6,184.1,390.5,,,1,0,0,1
906390812561300,1790932050.948467,948,tx,1746.3,175.0,522.6,,,1,0,0,1
906390952929100,1790932051.088838,1088,tx,2250.1,172.5,429.7,,,1,0,0,1
906391105325500,1790932051.241236,1241,tx,1589.1,234.6,710.8,,,1,0,0,1
906391252336800,1790932051.388248,1388,tx,1676.3,216.0,568.1,,,1,0,0,1
906391394461800,1790932051.530375,1530,tx,1874.3,187.2,456.0,,,1,0,0,1
906391534903500,1790932051.670817,1670,tx,13884.1,389.8,871.7,,,1,0,0,1
906391673876700,1790932051.809793,1809,tx,1307.3,200.6,378.7,,,1,0,0,1
906391818016500,1790932051.953934,1953,tx,1158.9,185.8,349.1,,,1,0,0,1
906391959216700,1790932052.095135,2095,tx,1866.4,472.6,701.0,,,1,0,0,1
906392180777900,1790932052.316700,2316,tx,1344.1,211.7,349.7,,,1,0,0,1
906392318572200,1790932052.454495,2454,tx,1282.2,221.7,416.6,,,1,0,0,1
906392460378600,1790932052.596303,2596,tx,1342.4,326.8,577.1,,,1,0,0,1
906392608480600,1790932052.744406,2744,tx,2083.2,298.5,513.2,,,1,0,0,1
906392760044100,1790932052.895971,2895,tx,4585.5,188.6,468.2,,,1,0,0,1
906392902385300,1790932053.038314,3038,tx,1512.8,319.1,523.2,,,1,0,0,1
906393043777100,1790932053.179707,3179,tx,1663.2,247.1,486.7,,,1,0,0,1
906393183714700,1790932053.319646,3319,tx,6703.7,173.6,282.4,,,1,0,0,1
906393328708200,1790932053.464641,3464,tx,1601.4,202.5,451.3,,,1,0,0,1
906393485356600,1790932053.621291,3621,tx,2148.5,290.6,532.5,,,1,0,0,1
906393677204100,1790932053.813141,3813,tx,1682.2,138.2,318.6,,,1,0,0,1
906393814741200,1790932053.950679,3950,tx,1949.7,207.1,538.7,,,1,0,0,1
906393954914700,1790932054.090854,4090,tx,1016.7,248.5,402.5,,,1,0,0,1
906394104868600,1790932054.240810,4240,tx,1328.4,99.3,230.0,,,1,0,0,1
906394250828800,1790932054.386772,4386,tx,1207.4,195.7,370.8,,,1,0,0,1
906394389063400,1790932054.525008,4525,tx,1055.2,227.9,384.5,,,1,0,0,1
906394528497800,1790932054.664444,4664,tx,1382.1,251.5,440.0,,,1,0,0,1
906394668791000,1790932054.804738,4804,tx,975.3,188.8,343.5,,,1,0,0,1
906394808367500,1790932054.944316,4944,tx,1482.2,301.1,514.0,,,1,0,0,1
906394949043900,1790932055.084993,5084,tx,1379.6,162.8,422.3,,,1,0,0,1
906395177526800,1790932055.313479,5313,tx,1694.6,175.9,466.0,,,1,0,0,1
906395326499600,1790932055.462454,5462,tx,1218.7,227.0,427.2,,,1,0,0,1
906395463716900,1790932055.599672,5599,tx,1545.2,241.6,504.1,,,1,0,0,1
906395607396600,1790932055.743354,5743,tx,1486.2,389.2,556.5,,,1,0,0,1
906395749344400,1790932055.885303,5885,tx,2148.6,230.4,525.8,,,1,0,0,1
906395890954000,1790932056.026914,6026,tx,1518.4,201.0,383.6,,,1,0,0,1
906396031868600,1790932056.167830,6167,tx,1490.1,185.1,384.4,,,1,0,0,1
906396174403300,1790932056.310366,6310,tx,1303.4,259.9,456.5,,,1,0,0,1
906396313961400,1790932056.449925,6449,tx,2422.1,125.9,394.2,,,1,0,0,1
906396454079100,1790932056.590045,6590,tx,13525.5,240.4,495.2,,,1,0,0,1
906396685007100,1790932056.820975,6820,tx,8031.4,203.4,332.5,,,1,0,0,1
906396830600100,1790932056.966569,6966,tx,3291.3,323.8,772.5,,,1,0,0,1
906396972584600,1790932057.108556,7108,tx,1570.0,232.1,436.5,,,1,0,0,1
906397130348400,1790932057.266321,7266,tx,1790.6,294.6,586.4,,,1,0,0,1
906397271875800,1790932057.407850,7407,tx,1318.6,243.2,440.5,,,1,0,0,1
906397412229600,1790932057.548205,7548,tx,1170.1,122.4,339.5,,,1,0,0,1
906397553987500,1790932057.689964,7689,tx,11545.3,419.2,779.9,,,1,0,0,1
906397695173600,1790932057.831152,7831,tx,1696.5,191.6,422.5,,,1,0,0,1
906397836593100,1790932057.972573,7972,tx,1453.6,224.6,586.6,,,1,0,0,1
906397976999100,1790932058.112980,8112,tx,4709.6,425.7,836.3,,,1,0,0,1
906398185366100,1790932058.321350,8321,tx,1614.4,390.7,578.0,,,1,0,0,1
906398323597700,1790932058.459583,8459,tx,4067.9,227.7,474.1,,,1,0,0,1
906398481778100,1790932058.617765,8617,tx,1801.0,249.4,471.1,,,1,0,0,1
906398623249000,1790932058.759237,8759,tx,1384.4,453.4,632.4,,,1,0,0,1
906398764071300,1790932058.900061,8900,tx,11287.9,192.6,441.7,,,1,0,0,1
906398903642100,1790932059.039634,9039,tx,1549.5,254.2,447.7,,,1,0,0,1
906399047135200,1790932059.183127,9183,tx,6049.0,317.0,1169.0,,,1,0,0,1
906399189061700,1790932059.325056,9325,tx,8124.2,216.8,413.1,,,1,0,0,1
906399328719200,1790932059.464715,9464,tx,1429.7,221.7,441.1,,,1,0,0,1
906399484708700,1790932059.620704,9620,tx,4498.2,328.1,1209.0,,,1,0,0,1
906399678238200,1790932059.814238,9814,tx,8082.2,216.3,390.2,,,1,0,0,1
906399826077500,1790932059.962078,9962,tx,2438.8,447.5,769.9,,,1,0,0,1
906399964475100,1790932060.100477,10100,tx,17337.1,210.9,556.6,,,1,0,0,1
906400115506200,1790932060.251510,10251,tx,8570.5,304.6,463.4,,,1,0,0,1
906400261940300,1790932060.397946,10397,tx,1641.1,224.0,433.5,,,1,0,0,1
906400400078800,1790932060.536086,10536,tx,6420.7,282.2,456.2,,,1,0,0,1
906400544330400,1790932060.680339,10680,tx,1416.7,398.8,585.6,,,1,0,0,1
906400683989100,1790932060.819999,10819,tx,1272.7,161.8,452.5,,,1,0,0,1
906400826516300,1790932060.962527,10962,tx,2835.5,268.6,650.2,,,1,0,0,1
906400967318000,1790932061.103331,11103,tx,1373.0,437.9,624.8,,,1,0,0,1
906401177292200,1790932061.313307,11313,tx,2366.1,379.8,601.9,,,1,0,0,1
906401328410100,1790932061.464427,11464,tx,1795.7,232.6,553.7,,,1,0,0,1
906401469927400,1790932061.605945,11605,tx,2178.5,294.7,605.5,,,1,0,0,1
906401626386000,1790932061.762406,11762,tx,1300.3,262.9,483.0,,,1,0,0,1
906401766577000,1790932061.902598,11902,tx,1493.3,242.7,434.3,,,1,0,0,1
906401923219000,1790932062.059242,12059,tx,16519.7,252.3,503.8,,,1,0,0,1
906402062862000,1790932062.198886,12198,tx,1450.9,230.5,450.5,,,1,0,0,1
906402203303600,1790932062.339329,12339,tx,2028.7,324.8,612.9,,,1,0,0,1
906402344509900,1790932062.480536,12480,tx,3251.8,258.3,546.0,,,1,0,0,1
906402487237700,1790932062.623266,12623,tx,1910.9,249.9,641.7,,,1,0,0,1
906402681278600,1790932062.817309,12817,tx,1726.4,405.3,541.0,,,1,0,0,1
906402831388400,1790932062.967419,12967,tx,3537.1,282.6,709.5,,,1,0,0,1
906402969789700,1790932063.105823,13105,tx,1089.8,272.2,444.2,,,1,0,0,1
906403128859600,1790932063.264895,13264,tx,8154.7,222.1,474.3,,,1,0,0,1
906403269256200,1790932063.405293,13405,tx,1389.3,436.1,634.9,,,1,0,0,1
906403412175900,1790932063.548213,13548,tx,2904.2,271.0,684.7,,,1,0,0,1
906403552086100,1790932063.688125,13688,tx,3301.7,290.2,737.3,,,1,0,0,1
906403694154900,1790932063.830196,13830,tx,1395.7,161.1,390.1,,,1,0,0,1
906403834737700,1790932063.970780,13970,tx,1634.3,211.6,480.2,,,1,0,0,1
906403975282800,1790932064.111327,14111,tx,1522.7,267.1,599.5,,,1,0,0,1
906404181197300,1790932064.317244,14317,tx,1288.6,256.5,423.0,,,1,0,0,1
906404320869300,1790932064.456917,14456,tx,2592.3,259.5,537.4,,,1,0,0,1
906404461090200,1790932064.597139,14597,tx,1377.0,236.2,442.6,,,1,0,0,1
906404607183400,1790932064.743234,14743,tx,1182.7,204.3,343.2,,,1,0,0,1
906404744366300,1790932064.880418,14880,tx,2449.0,242.9,651.2,,,1,0,0,1
906404885228100,1790932065.021281,21,tx,18040.3,353.5,628.7,,,1,0,0,1
906405033073900,1790932065.169129,169,tx,1203.8,227.9,413.9,,,1,0,0,1
906405182400100,1790932065.318457,318,tx,1863.9,242.4,588.1,,,1,0,0,1
906405327371200,1790932065.463428,463,tx,2655.9,276.6,636.8,,,1,0,0,1
906405479486400,1790932065.615546,615,tx,1332.7,166.7,385.4,,,1,0,0,1
906405678089400,1790932065.814151,814,tx,1047.9,215.0,353.4,,,1,0,0,1
906405828389400,1790932065.964452,964,tx,1632.6,217.9,482.4,,,1,0,0,1
906405977680200,1790932066.113745,1113,tx,2038.0,264.9,609.2,,,1,0,0,1
906406135687400,1790932066.271754,1271,tx,2278.4,208.4,1487.8,,,1,0,0,1
906406292473900,1790932066.428542,1428,tx,2306.9,251.3,557.7,,,1,0,0,1
906406435517300,1790932066.571587,1571,tx,1341.8,151.9,355.0,,,1,0,0,1
906406577070500,1790932066.713141,1713,tx,1670.8,344.2,671.2,,,1,0,0,1
906406716627400,1790932066.852700,1852,tx,2291.3,205.3,418.3,,,1,0,0,1
906406860184600,1790932066.996258,1996,tx,20379.5,225.1,626.5,,,1,0,0,1
906407002023100,1790932067.138099,2138,tx,1421.8,168.8,388.8,,,1,0,0,1
906407177481200,1790932067.313559,2313,tx,1394.2,382.1,522.6,,,1,0,0,1
906407328876200,1790932067.464955,2464,tx,2281.5,403.8,842.4,,,1,0,0,1
906407469316900,1790932067.605397,2605,tx,3903.0,251.1,418.4,,49858.1,1,0,0,1
906407625718900,1790932067.761801,2761,idle,9676.1,146.8,329.0,,,0,0,0,0
906407878185600,1790932068.014270,3014,idle,10063.2,,,,,0,0,0,0
906408019216000,1790932068.155302,3155,idle,1595.5,,,,,0,0,0,0
906408158874400,1790932068.294962,3294,idle,1559.9,,,,,0,0,0,0
906408337286100,1790932068.473375,3473,tx,11079.4,193.2,450.5,,,1,0,0,1
906408486583700,1790932068.622674,3622,tx,1426.7,161.3,348.1,,,1,0,0,1
906408639987100,1790932068.776079,3776,tx,7246.0,168.1,307.2,,,1,0,0,1
906408779249800,1790932068.915343,3915,tx,3892.4,190.8,841.9,,,1,0,0,1
906408917917000,1790932069.054012,4054,tx,1665.2,222.7,431.7,,,1,0,0,1
906409075960300,1790932069.212057,4212,tx,1394.9,210.5,415.5,,,1,0,0,1
906409235518500,1790932069.371617,4371,tx,1345.1,203.7,487.3,,,1,0,0,1
906409376146700,1790932069.512246,4512,tx,22620.8,375.3,757.0,,,1,0,0,1
906409517470200,1790932069.653572,4653,tx,1443.8,227.4,386.7,,,1,0,0,1
906409656176800,1790932069.792280,4792,tx,1608.6,351.8,632.6,,,1,0,0,1
906409797487200,1790932069.933591,4933,tx,2056.6,233.7,514.8,,,1,0,0,1
906409936499400,1790932070.072605,5072,tx,11177.6,278.2,446.2,,,1,0,0,1
906410076126200,1790932070.212234,5212,tx,1116.3,131.1,336.0,,,1,0,0,1
906410214919100,1790932070.351028,5351,tx,1001.6,201.2,353.0,,,1,0,0,1
906410353832800,1790932070.489943,5489,tx,1745.6,221.6,499.9,,,1,0,0,1
906410493209700,1790932070.629322,5629,tx,1127.2,245.2,423.6,,,1,0,0,1
906410645853900,1790932070.781967,5781,tx,1164.9,245.6,420.7,,,1,0,0,1
906410800393300,1790932070.936508,5936,tx,9580.5,189.1,444.3,,,1,0,0,1
906410940072700,1790932071.076189,6076,tx,1538.8,447.7,785.7,,,1,0,0,1
906411080242900,1790932071.216361,6216,tx,63007.2,419.5,637.6,,,1,0,0,1
906411270026400,1790932071.406146,6406,tx,1223.7,177.0,382.9,,,1,0,0,1
906411408687600,1790932071.544809,6544,tx,1278.5,155.0,338.9,,,1,0,0,1
906411549433400,1790932071.685556,6685,tx,1313.1,243.2,432.6,,,1,0,0,1
906411690011800,1790932071.826136,6826,tx,1073.0,193.1,389.7,,,1,0,0,1
906411831989000,1790932071.968114,6968,tx,1840.4,265.6,522.2,,,1,0,0,1
906411972042000,1790932072.108169,7108,tx,1158.8,229.5,426.3,,,1,0,0,1
906412128294100,1790932072.264423,7264,tx,2795.6,188.4,381.4,,,1,0,0,1
906412267954600,1790932072.404085,7404,tx,1775.4,173.5,487.0,,,1,0,0,1
906412410097200,1790932072.546228,7546,tx,2049.8,207.6,496.4,,,1,0,0,1
906412551276500,1790932072.687410,7687,tx,8977.0,233.2,589.1,,,1,0,0,1
906412690158700,1790932072.826293,7826,tx,1661.5,370.7,746.8,,,1,0,0,1
906412833227500,1790932072.969363,7969,tx,2082.1,309.7,693.4,,,1,0,0,1
906412972724800,1790932073.108862,8108,tx,1171.7,195.2,388.4,,,1,0,0,1
906413140039900,1790932073.276179,8276,tx,1424.3,232.0,456.7,,,1,0,0,1
906413285624700,1790932073.421765,8421,tx,3258.7,323.8,738.0,,,1,0,0,1
906413427369000,1790932073.563511,8563,tx,10017.2,243.9,487.5,,,1,0,0,1
906413568346000,1790932073.704490,8704,tx,1701.3,203.5,625.8,,,1,0,0,1
906413707125900,1790932073.843270,8843,tx,4203.0,283.8,946.4,,,1,0,0,1
906413849707300,1790932073.985853,8985,tx,4343.6,382.0,886.4,,,1,0,0,1
906413990149000,1790932074.126297,9126,tx,7180.5,200.4,395.7,,,1,0,0,1
906414149226200,1790932074.285376,9285,tx,1329.5,284.8,455.8,,,1,0,0,1
906414288610600,1790932074.424761,9424,tx,1450.2,181.7,403.5,,,1,0,0,1
906414429867300,1790932074.566019,9566,tx,2371.3,261.6,571.9,,,1,0,0,1
906414571012600,1790932074.707166,9707,tx,2009.2,229.6,527.4,,,1,0,0,1
906414712475600,1790932074.848631,9848,tx,1775.4,205.5,464.5,,,1,0,0,1
906414854586900,1790932074.990743,9990,tx,21109.4,261.0,746.5,,,1,0,0,1
906415011735100,1790932075.147894,10147,tx,1852.5,295.7,568.0,,,1,0,0,1
906415153236700,1790932075.289397,10289,tx,1413.1,379.5,576.7,,,1,0,0,1
906415295227200,1790932075.431388,10431,tx,5712.4,184.2,366.2,,,1,0,0,1
906415435448700,1790932075.571612,10571,tx,2809.7,264.3,910.1,,,1,0,0,1
906415579232600,1790932075.715397,10715,tx,62487.7,515.4,760.3,,,1,0,0,1
906415754063800,1790932075.890230,10890,tx,1401.0,249.1,429.3,,,1,0,0,1
906415895236300,1790932076.031404,11031,tx,1530.2,368.1,573.9,,,1,0,0,1
906416037087800,1790932076.173257,11173,tx,1426.2,255.3,423.9,,,1,0,0,1
906416179273800,1790932076.315444,11315,tx,1520.3,387.3,584.2,,,1,0,0,1
906416321513000,1790932076.457685,11457,tx,2210.3,221.4,500.1,,,1,0,0,1
906416463108000,1790932076.599282,11599,tx,1332.9,217.3,401.6,,,1,0,0,1
906416601587400,1790932076.737763,11737,tx,16580.3,283.1,568.0,,,1,0,0,1
906416742099700,1790932076.878277,11878,tx,1310.6,184.1,418.7,,,1,0,0,1
906416884261300,1790932077.020440,12020,tx,1357.1,417.2,580.1,,,1,0,0,1
906417024699800,1790932077.160879,12160,tx,1450.3,248.4,461.0,,,1,0,0,1
906417165165700,1790932077.301347,12301,tx,12100.4,418.3,641.3,,,1,0,0,1
906417307436100,1790932077.443619,12443,tx,2379.3,272.9,802.8,,,1,0,0,1
906417448548100,1790932077.584732,12584,tx,1480.7,228.4,396.7,,,1,0,0,1
906417588676300,1790932077.724861,12724,tx,67096.8,252.2,565.4,,,1,0,0,1
906417758508300,1790932077.894695,12894,tx,3464.8,252.2,741.1,,,1,0,0,1
906417903771700,1790932078.039960,13039,tx,3013.7,285.0,610.6,,,1,0,0,1
906418045118900,1790932078.181309,13181,tx,1982.2,435.1,689.4,,,1,0,0,1
906418186659800,1790932078.322851,13322,tx,1717.4,201.7,596.3,,,1,0,0,1
906418329117000,1790932078.465309,13465,tx,3311.3,371.8,855.4,,,1,0,0,1
906418470913700,1790932078.607108,13607,tx,7113.7,267.6,616.9,,,1,0,0,1
906418661226200,1790932078.797423,13797,tx,1339.5,206.2,334.1,,,1,0,0,1
906418805607400,1790932078.941806,13941,tx,1869.9,281.4,690.9,,,1,0,0,1
906418944676500,1790932079.080876,14080,tx,1540.1,225.1,494.2,,,1,0,0,1
906419085436600,1790932079.221637,14221,tx,2094.3,259.7,552.8,,,1,0,0,1
906419225402400,1790932079.361605,14361,tx,8545.5,173.9,423.8,,,1,0,0,1
906419365861700,1790932079.502066,14502,tx,1251.0,205.2,396.6,,,1,0,0,1
906419507380200,1790932079.643585,14643,tx,2534.3,220.4,850.7,,,1,0,0,1
906419648914800,1790932079.785122,14785,tx,1415.3,208.2,419.5,,,1,0,0,1
906419791153000,1790932079.927361,14927,tx,1936.7,357.6,655.0,,,1,0,0,1
906419930105000,1790932080.066315,66,tx,1658.0,200.7,447.5,,,1,0,0,1
906420069995400,1790932080.206207,206,tx,1301.1,206.9,385.8,,,1,0,0,1
906420219289100,1790932080.355502,355,tx,1538.4,165.8,445.4,,,1,0,0,1
906420368948900,1790932080.505163,505,tx,1692.1,279.1,884.5,,,1,0,0,1
906420520115100,1790932080.656331,656,tx,1164.2,216.7,367.2,,,1,0,0,1
906420662472600,1790932080.798690,798,tx,1420.5,355.3,490.7,,,1,0,0,1
906420799945700,1790932080.936165,936,tx,1451.3,220.9,637.1,,,1,0,0,1
906420945451900,1790932081.081672,1081,tx,1359.9,199.8,421.4,,,1,0,0,1
906421086365000,1790932081.222587,1222,tx,4250.0,388.1,577.8,,,1,0,0,1
906421226541000,1790932081.362764,1362,tx,1747.0,206.1,540.9,,,1,0,0,1
906421365784400,1790932081.502009,1502,tx,1349.7,257.5,455.5,,,1,0,0,1
906421507934100,1790932081.644160,1644,tx,1870.6,215.3,507.9,,,1,0,0,1
906421667781800,1790932081.804010,1804,tx,9355.9,252.4,407.5,,,1,0,0,1
906421821786500,1790932081.958015,1958,tx,2634.2,297.2,681.7,,,1,0,0,1
906421959172600,1790932082.095403,2095,tx,23714.2,178.0,715.9,,,1,0,0,1
906422175513200,1790932082.311746,2311,tx,8438.8,220.4,366.2,,,1,0,0,1
906422335089500,1790932082.471325,2471,tx,1572.3,397.6,745.9,,,1,0,0,1
906422476547700,1790932082.612784,2612,tx,1997.9,263.7,551.0,,,1,0,0,1
906422618762700,1790932082.755001,2755,tx,23713.8,176.6,345.3,,,1,0,0,1
906422775548000,1790932082.911787,2911,tx,2648.7,230.4,595.4,,,1,0,0,1
906422914722800,1790932083.050963,3050,tx,2507.2,306.3,687.2,,,1,0,0,1
906423054370300,1790932083.190611,3190,tx,12016.9,334.3,842.4,,,1,0,0,1
906423194924200,1790932083.331168,3331,tx,1513.8,185.4,480.8,,,1,0,0,1
906423336984000,1790932083.473228,3473,tx,2857.0,436.2,823.9,,,1,0,0,1
906423478298500,1790932083.614545,3614,tx,5268.0,305.4,846.9,,,1,0,0,1
906423675813800,1790932083.812063,3812,tx,1318.1,208.4,353.9,,,1,0,0,1
906423824482400,1790932083.960733,3960,tx,2797.7,184.7,422.9,,,1,0,0,1
906423965538400,1790932084.101790,4101,tx,1416.3,187.9,389.0,,,1,0,0,1
906424107060200,1790932084.243314,4243,tx,1199.5,268.1,454.2,,,1,0,0,1
906424245772900,1790932084.382028,4382,tx,1193.8,223.1,394.1,,,1,0,0,1
906424387392700,1790932084.523649,4523,tx,1298.0,279.1,471.2,,,1,0,0,1
906424544357700,1790932084.680615,4680,tx,1826.0,224.5,502.0,,,1,0,0,1
906424701697800,1790932084.837957,4837,tx,1104.1,210.8,383.8,,,1,0,0,1
906424845650300,1790932084.981911,4981,tx,1728.0,181.5,444.5,,,1,0,0,1
906424988560300,1790932085.124823,5124,tx,2290.6,212.6,515.4,,,1,0,0,1
906425170261900,1790932085.306526,5306,tx,1249.9,170.8,315.5,,,1,0,0,1
906425317042600,1790932085.453307,5453,tx,3551.3,289.2,783.3,,,1,0,0,1
906425459003700,1790932085.595271,5595,tx,10116.6,194.9,437.3,,,1,0,0,1
906425600580500,1790932085.736849,5736,tx,1364.5,175.8,355.5,,,1,0,0,1
906425740953100,1790932085.877223,5877,tx,1711.9,245.7,570.0,,,1,0,0,1
906425882142300,1790932086.018414,6018,tx,2325.5,404.1,727.4,,,1,0,0,1
906426021832900,1790932086.158106,6158,tx,6442.4,252.1,574.0,,,1,0,0,1
906426177432700,1790932086.313708,6313,tx,3743.1,233.3,1793.3,,,1,0,0,1
906426318708600,1790932086.454984,6454,tx,2966.0,246.9,670.5,,,1,0,0,1
906426458933100,1790932086.595211,6595,tx,3534.6,445.5,783.3,,,1,0,0,1
906426598985900,1790932086.735265,6735,tx,1537.5,211.3,390.3,,,1,0,0,1
906426739931800,1790932086.876213,6876,tx,1248.8,212.2,414.3,,,1,0,0,1
906426880700300,1790932087.016982,7016,tx,19531.1,540.8,1113.6,,,1,0,0,1
906427020974100,1790932087.157258,7157,tx,1532.8,258.5,390.9,,,1,0,0,1
906427160120100,1790932087.296405,7296,tx,1223.3,185.9,488.8,,,1,0,0,1
906427301365200,1790932087.437651,7437,tx,2546.8,237.6,579.6,,,1,0,0,1
906427457059200,1790932087.593347,7593,tx,1266.7,223.2,414.4,,,1,0,0,1
906427598219300,1790932087.734509,7734,tx,1472.3,376.9,645.1,,,1,0,0,1
906427739039500,1790932087.875330,7875,tx,2680.5,432.9,785.9,,,1,0,0,1
906427894034000,1790932088.030326,8030,tx,2241.0,234.8,520.1,,,1,0,0,1
906428036121100,1790932088.172415,8172,tx,1703.1,432.9,781.1,,,1,0,0,1
906428173208300,1790932088.309504,8309,tx,1116.1,171.7,311.0,,,1,0,0,1
906428319229300,1790932088.455526,8455,tx,1492.9,363.2,573.0,,,1,0,0,1
906428459018700,1790932088.595317,8595,tx,1806.4,191.4,513.5,,,1,0,0,1
906428599493000,1790932088.735792,8735,tx,3139.4,292.2,692.2,,,1,0,0,1
906428741118100,1790932088.877419,8877,tx,10190.9,198.9,406.6,,,1,0,0,1
906428880831800,1790932089.017134,9017,tx,1693.1,199.1,383.0,,,1,0,0,1
906429022001600,1790932089.158306,9158,tx,2320.9,373.1,858.5,,,1,0,0,1
906429175346400,1790932089.311653,9311,tx,8978.3,362.1,546.3,,,1,0,0,1
906429318668500,1790932089.454976,9454,tx,1657.7,344.9,530.9,,,1,0,0,1
906429460251900,1790932089.596561,9596,tx,1655.4,229.6,619.8,,,1,0,0,1
906429599940900,1790932089.736251,9736,tx,1876.0,231.5,506.4,,,1,0,0,1
906429740497200,1790932089.876809,9876,tx,1061.7,208.0,389.8,,,1,0,0,1
906429880975700,1790932090.017289,10017,tx,1549.3,233.6,554.0,,,1,0,0,1
906430020221500,1790932090.156536,10156,tx,1372.2,394.8,594.9,,,1,0,0,1
906430159610700,1790932090.295927,10295,tx,7897.1,180.5,453.0,,,1,0,0,1
906430302220500,1790932090.438538,10438,tx,1563.7,427.9,664.9,,,1,0,0,1
906430443092600,1790932090.579412,10579,tx,1198.0,207.6,462.5,,,1,0,0,1
906430582387600,1790932090.718708,10718,tx,2311.9,272.8,690.3,,,1,0,0,1
906430722640100,1790932090.858962,10858,tx,1335.4,285.4,476.3,,,1,0,0,1
906430863992000,1790932091.000316,11000,tx,1212.1,144.5,371.6,,,1,0,0,1
906431003125700,1790932091.139451,11139,tx,1276.7,184.8,389.7,,,1,0,0,1
906431169834100,1790932091.306161,11306,tx,1438.7,219.9,412.3,,,1,0,0,1
906431316465700,1790932091.452794,11452,tx,1756.9,168.6,565.5,,,1,0,0,1
906431457190600,1790932091.593520,11593,tx,1430.1,200.8,383.6,,,1,0,0,1
906431598184200,1790932091.734515,11734,tx,1485.7,208.3,382.3,,,1,0,0,1
906431741854100,1790932091.878187,11878,tx,1534.1,154.5,375.5,,,1,0,0,1
906431882643600,1790932092.018977,12018,tx,4070.7,407.7,1020.3,,,1,0,0,1
906432025107800,1790932092.161443,12161,tx,6095.2,197.7,397.5,,,1,0,0,1
906432182133800,1790932092.318471,12318,tx,1856.6,187.8,372.5,,,1,0,0,1
906432324616800,1790932092.460956,12460,tx,1378.6,216.3,412.5,,,1,0,0,1
906432483209600,1790932092.619550,12619,tx,1999.1,406.3,642.4,,,1,0,0,1
906432673427500,1790932092.809770,12809,tx,8807.2,255.9,447.7,,,1,0,0,1
906432813521300,1790932092.949865,12949,tx,1302.9,207.9,427.3,,,1,0,0,1
906432954790100,1790932093.091136,13091,tx,1227.7,228.2,418.4,,,1,0,0,1
906433097262500,1790932093.233609,13233,tx,2022.6,386.1,642.2,,,1,0,0,1
906433239061000,1790932093.375408,13375,tx,2116.2,206.8,462.5,,,1,0,0,1
906433381533900,1790932093.517884,13517,tx,1472.1,251.6,477.3,,,1,0,0,1
906433520690800,1790932093.657042,13657,tx,2169.2,186.3,741.0,,,1,0,0,1
906433677699200,1790932093.814052,13814,tx,1511.1,218.7,377.1,,,1,0,0,1
906433828910300,1790932093.965265,13965,tx,1771.1,245.5,480.3,,,1,0,0,1
906433984001600,1790932094.120358,14120,tx,4791.0,201.8,459.5,,,1,0,0,1
906434121972100,1790932094.258330,14258,tx,48060.7,187.0,446.3,,,1,0,0,1
906434277835000,1790932094.414194,14414,tx,1275.1,200.3,369.1,,,1,0,0,1
906434417728600,1790932094.554089,14554,tx,2307.7,234.6,446.2,,,1,0,0,1
906434558628000,1790932094.694990,14694,tx,1336.1,191.2,407.2,,,1,0,0,1
906434699134500,1790932094.835498,14835,tx,1969.2,464.3,723.0,,,1,0,0,1
906434838666900,1790932094.975032,14975,tx,2195.4,770.5,1014.0,,,1,0,0,1
906434976442300,1790932095.112808,112,tx,9461.8,374.7,526.3,,,1,0,0,1
906435117183900,1790932095.253552,253,tx,63681.0,384.5,640.1,,,1,0,0,1
906435301447500,1790932095.437817,437,tx,6721.7,315.9,626.2,,,1,0,0,1
906435451427800,1790932095.587799,587,tx,1265.7,250.7,432.9,,,1,0,0,1
906435598609600,1790932095.734982,734,tx,1990.1,165.7,495.4,,,1,0,0,1
906435743862000,1790932095.880235,880,tx,17716.6,464.8,925.5,,,1,0,0,1
906435893193100,1790932096.029569,1029,tx,2315.9,176.8,646.0,,,1,0,0,1
906436034226600,1790932096.170604,1170,tx,1374.1,392.3,590.1,,,1,0,0,1
906436175614800,1790932096.311994,1311,tx,8957.3,175.0,537.9,,,1,0,0,1
906436317727900,1790932096.454108,1454,tx,1495.9,142.9,365.7,,,1,0,0,1
906436458820900,1790932096.595202,1595,tx,2043.8,162.2,377.0,,,1,0,0,1
906436599033100,1790932096.735416,1735,tx,1744.1,179.4,432.8,,,1,0,0,1
906436738723200,1790932096.875108,1875,tx,2020.6,165.9,506.2,,,1,0,0,1
906436879340800,1790932097.015727,2015,tx,1281.7,286.7,595.2,,,1,0,0,1
906437020082600,1790932097.156470,2156,tx,1148.5,194.6,374.5,,,1,0,0,1
906437174385400,1790932097.310775,2310,tx,1161.4,471.5,609.1,,,1,0,0,1
906437316606400,1790932097.452997,2452,tx,1240.9,225.6,485.6,,,1,0,0,1
906437458994200,1790932097.595386,2595,tx,2285.2,402.2,796.5,,,1,0,0,1
906437601824100,1790932097.738217,2738,tx,35519.4,466.4,860.8,,,1,0,0,1
906437740795800,1790932097.877191,2877,tx,1206.7,219.5,393.6,,,1,0,0,1
906437884789300,1790932098.021186,3021,tx,1697.3,293.0,551.2,,,1,0,0,1
906438025370700,1790932098.161767,3161,tx,1959.4,262.1,527.9,,,1,0,0,1
906438178731900,1790932098.315132,3315,tx,2473.2,259.7,770.1,,,1,0,0,1
906438323490400,1790932098.459891,3459,tx,2035.4,203.3,485.2,,,1,0,0,1
906438462716000,1790932098.599118,3599,tx,2054.9,280.3,592.2,,,1,0,0,1
906438602065900,1790932098.738470,3738,tx,2000.3,440.2,702.5,,,1,0,0,1
906438742538600,1790932098.878944,3878,tx,1493.3,193.0,496.5,,,1,0,0,1
906438883525100,1790932099.019932,4019,tx,1381.2,179.0,461.9,,,1,0,0,1
906439022836600,1790932099.159245,4159,tx,9536.2,349.7,587.4,,,1,0,0,1
906439163415500,1790932099.299825,4299,tx,1333.3,184.9,392.0,,,1,0,0,1
906439303097400,1790932099.439508,4439,tx,3198.7,301.5,689.3,,,1,0,0,1
906439445733100,1790932099.582145,4582,tx,2646.9,264.9,612.8,,,1,0,0,1
906439585463800,1790932099.721878,4721,tx,1650.7,225.0,486.6,,,1,0,0,1
906439725739200,1790932099.862155,4862,tx,1265.1,232.9,490.8,,,1,0,0,1
906439867412800,1790932100.003829,5003,tx,2535.1,281.7,625.6,,,1,0,0,1
906440008972200,1790932100.145391,5145,tx,6398.9,223.1,493.5,,,1,0,0,1
906440173728400,1790932100.310149,5310,tx,1355.5,272.5,441.3,,,1,0,0,1
906440324807700,1790932100.461229,5461,tx,2391.8,226.9,620.5,,,1,0,0,1
906440466600900,1790932100.603024,5603,tx,1176.8,219.5,382.2,,,1,0,0,1
906440609009600,1790932100.745435,5745,tx,29337.0,362.4,790.4,,,1,0,0,1
906440751669500,1790932100.888096,5888,tx,1892.6,256.6,535.4,,,1,0,0,1
906440895145800,1790932101.031574,6031,tx,1827.4,420.1,675.6,,,1,0,0,1
906441037090200,1790932101.173519,6173,tx,1520.9,199.5,440.3,,,1,0,0,1
906441182511700,1790932101.318943,6318,tx,7928.3,271.2,409.3,,,1,0,0,1
906441320208200,1790932101.456640,6456,tx,12433.5,376.7,661.3,,,1,0,0,1
906441459543100,1790932101.595977,6595,tx,2059.8,194.0,453.6,,,1,0,0,1
906441602602300,1790932101.739037,6739,tx,2223.2,171.1,652.2,,,1,0,0,1
906441742767000,1790932101.879204,6879,tx,1231.7,205.2,404.6,,,1,0,0,1
906441899290300,1790932102.035728,7035,tx,1560.9,322.7,626.1,,,1,0,0,1
906442042135100,1790932102.178575,7178,tx,2463.9,277.4,751.5,,,1,0,0,1
906442183663100,1790932102.320104,7320,tx,1694.7,226.4,465.9,,,1,0,0,1
906442324702400,1790932102.461145,7461,tx,1602.5,237.1,480.1,,,1,0,0,1
906442467619700,1790932102.604064,7604,tx,2049.9,274.9,541.1,,,1,0,0,1
906442608399200,1790932102.744845,7744,tx,2789.4,196.5,558.4,,,1,0,0,1
906442763859600,1790932102.900307,7900,tx,1748.6,248.6,488.7,,,1,0,0,1
906442904784600,1790932103.041233,8041,tx,1471.1,170.6,395.5,,,1,0,0,1
906443048004100,1790932103.184454,8184,tx,1776.2,254.9,442.7,,,1,0,0,1
906443189896400,1790932103.326348,8326,tx,1229.4,229.7,419.1,,,1,0,0,1
906443331863400,1790932103.468316,8468,tx,1622.8,200.8,437.9,,,1,0,0,1
906443472115300,1790932103.608570,8608,tx,2544.5,276.2,719.0,,,1,0,0,1
906443614993400,1790932103.751449,8751,tx,28067.8,225.8,410.7,,,1,0,0,1
906443757447800,1790932103.893905,8893,tx,1679.3,223.9,489.3,,,1,0,0,1
906443900036600,1790932104.036495,9036,tx,1628.8,197.8,412.7,,,1,0,0,1
906444040814000,1790932104.177275,9177,tx,1134.7,204.2,394.7,,,1,0,0,1
906444179353500,1790932104.315815,9315,tx,8386.6,386.6,588.1,,,1,0,0,1
906444322083900,1790932104.458547,9458,tx,1288.9,181.6,370.6,,,1,0,0,1
906444463761900,1790932104.600227,9600,tx,2035.2,194.0,575.1,,,1,0,0,1
906444606469300,1790932104.742936,9742,tx,1473.6,208.8,374.8,,,1,0,0,1
906444760274700,1790932104.896742,9896,tx,2756.8,213.4,600.6,,,1,0,0,1
906444899918200,1790932105.036388,10036,tx,2830.1,452.3,885.4,,,1,0,0,1
906445040577500,1790932105.177049,10177,tx,9438.6,232.9,512.9,,,1,0,0,1
906445180812200,1790932105.317285,10317,tx,1211.7,214.8,368.6,,,1,0,0,1
906445323212500,1790932105.459687,10459,tx,1621.9,427.5,651.9,,,1,0,0,1
906445464080700,1790932105.600556,10600,tx,1402.4,257.0,447.9,,,1,0,0,1
906445606504400,1790932105.742981,10742,tx,2704.6,227.7,506.3,,,1,0,0,1
906445765011400,1790932105.901490,10901,tx,2053.5,241.7,516.5,,,1,0,0,1
906445907033500,1790932106.043513,11043,tx,18741.4,300.0,773.0,,,1,0,0,1
906446049682600,1790932106.186163,11186,tx,1282.6,209.9,443.5,,,1,0,0,1
906446188896600,1790932106.325380,11325,tx,1474.0,212.2,425.8,,,1,0,0,1
906446331049900,1790932106.467533,11467,tx,4659.8,261.9,1225.9,,,1,0,0,1
906446487701700,1790932106.624188,11624,tx,1392.4,278.4,456.2,,,1,0,0,1
906446635137700,1790932106.771626,11771,tx,1213.2,184.5,306.7,,,1,0,0,1
906446774032000,1790932106.910521,11910,tx,2077.9,414.9,846.3,,,1,0,0,1
906446931565600,1790932107.068056,12068,tx,1540.9,180.3,467.0,,,1,0,0,1
906447075297000,1790932107.211789,12211,tx,2475.2,304.0,616.1,,,1,0,0,1
906447218006800,1790932107.354501,12354,tx,4263.7,218.0,557.3,,,1,0,0,1
906447358977900,1790932107.495473,12495,tx,2530.8,187.7,485.3,,,1,0,0,1
906447499790800,1790932107.636287,12636,tx,1724.4,270.4,527.3,,,1,0,0,1
906447670329100,1790932107.806828,12806,tx,1490.7,425.7,576.5,,,1,0,0,1
906447815773000,1790932107.952273,12952,tx,2220.1,235.4,548.8,,,1,0,0,1
906447959210900,1790932108.095712,13095,tx,1379.8,437.3,628.5,,,1,0,0,1
906448100432400,1790932108.236935,13236,tx,8630.1,240.7,680.0,,,1,0,0,1
906448243583800,1790932108.380088,13380,tx,2187.6,237.7,605.8,,,1,0,0,1
906448385203600,1790932108.521709,13521,tx,1351.7,349.0,535.9,,,1,0,0,1
906448525601900,1790932108.662109,13662,tx,1284.4,173.8,357.2,,,1,0,0,1
906448674876800,1790932108.811386,13811,tx,1681.9,178.2,610.7,,,1,0,0,1
906448821708800,1790932108.958219,13958,tx,2256.0,275.7,586.5,,,1,0,0,1
906448963432800,1790932109.099945,14099,tx,1158.3,221.5,491.1,,,1,0,0,1
906449104388900,1790932109.240902,14240,tx,3483.8,263.8,541.0,,,1,0,0,1
906449248247000,1790932109.384762,14384,tx,1565.0,414.8,621.6,,,1,0,0,1
906449388714300,1790932109.525230,14525,tx,1798.8,241.4,486.9,,,1,0,0,1
906449532400100,1790932109.668918,14668,tx,1753.6,227.0,655.1,,,1,0,0,1
906449673351500,1790932109.809871,14809,tx,1656.0,346.6,534.2,,,1,0,0,1
906449817201400,1790932109.953722,14953,tx,1733.2,440.1,664.9,,,1,0,0,1
906449958744700,1790932110.095267,95,tx,14137.7,294.5,578.5,,,1,0,0,1
906450110613200,1790932110.247137,247,tx,61602.5,219.6,471.2,,,1,0,0,1
906450273378000,1790932110.409903,409,tx,3234.8,186.5,526.2,,,1,0,0,1
906450428593700,1790932110.565120,565,tx,1819.4,230.2,510.1,,,1,0,0,1
906450568434900,1790932110.704963,704,tx,2684.7,271.9,565.1,,,1,0,0,1
906450711884600,1790932110.848415,848,tx,1735.5,378.6,844.1,,,1,0,0,1
906450856034000,1790932110.992565,992,tx,1174.0,171.6,360.9,,,1,0,0,1
906450997618900,1790932111.134152,1134,tx,1423.6,167.0,371.9,,,1,0,0,1
906451139229200,1790932111.275764,1275,tx,1740.5,473.5,684.1,,,1,0,0,1
906451279987000,1790932111.416523,1416,tx,5185.8,216.3,430.2,,,1,0,0,1
906451422227700,1790932111.558765,1558,tx,1859.8,376.8,641.6,,,1,0,0,1
906451563662900,1790932111.700202,1700,tx,1340.5,244.9,478.6,,,1,0,0,1
906451703571800,1790932111.840112,1840,tx,9196.4,252.3,550.9,,,1,0,0,1
906451844877400,1790932111.981419,1981,tx,1439.5,246.3,449.0,,,1,0,0,1
906451986066300,1790932112.122609,2122,tx,1178.1,185.8,364.8,,,1,0,0,1
906452172086200,1790932112.308632,2308,tx,1488.2,161.2,320.1,,,1,0,0,1
906452321379500,1790932112.457926,2457,tx,2390.4,272.0,579.9,,,1,0,0,1
906452462010500,1790932112.598559,2598,tx,1598.4,231.3,479.0,,,1,0,0,1
906452603243600,1790932112.739793,2739,tx,2598.7,236.7,668.2,,,1,0,0,1
906452744937100,1790932112.881488,2881,tx,2682.6,466.9,870.0,,,1,0,0,1
906452887526200,1790932113.024079,3024,tx,2246.1,258.4,573.0,,,1,0,0,1
906453044759200,1790932113.181314,3181,tx,1324.2,237.6,420.3,,,1,0,0,1
906453200456100,1790932113.337012,3337,tx,1177.3,253.3,444.4,,,1,0,0,1
906453341092600,1790932113.477649,3477,tx,3095.8,264.6,1115.4,,,1,0,0,1
906453485183200,1790932113.621742,3621,tx,1246.1,195.1,368.5,,,1,0,0,1
906453669768700,1790932113.806329,3806,tx,1174.9,151.3,287.3,,,1,0,0,1
906453816624300,1790932113.953187,3953,tx,1064.9,175.3,356.6,,,1,0,0,1
906453956746200,1790932114.093310,4093,tx,1193.8,207.2,347.1,,,1,0,0,1
906454099435100,1790932114.236000,4236,tx,1406.7,195.7,395.8,,,1,0,0,1
906454239799400,1790932114.376366,4376,tx,1272.4,199.0,469.0,,,1,0,0,1
906454380031400,1790932114.516600,4516,tx,917.4,166.9,324.6,,,1,0,0,1
906454524149600,1790932114.660719,4660,tx,2049.7,452.8,745.2,,,1,0,0,1
906454679910100,1790932114.816482,4816,tx,1651.4,173.3,315.8,,,1,0,0,1
906454818820900,1790932114.955394,4955,tx,1585.5,246.8,467.8,,,1,0,0,1
906454958931400,1790932115.095506,5095,tx,1490.2,196.9,409.9,,,1,0,0,1
906455101066500,1790932115.237642,5237,tx,9064.4,423.8,761.4,,,1,0,0,1
906455243612400,1790932115.380189,5380,tx,1146.3,225.3,411.5,,,1,0,0,1
906455384733300,1790932115.521312,5521,tx,2672.3,275.8,684.6,,,1,0,0,1
906455522865800,1790932115.659446,5659,tx,1626.0,234.4,467.1,,,1,0,0,1
906455663249800,1790932115.799831,5799,tx,1398.4,300.2,569.6,,,1,0,0,1
906455803397400,1790932115.939980,5939,tx,1286.3,205.0,476.4,,,1,0,0,1
906455943774200,1790932116.080359,6080,tx,1514.2,253.1,487.1,,,1,0,0,1
906456084307100,1790932116.220893,6220,tx,17408.7,278.2,662.4,,,1,0,0,1
906456225764100,1790932116.362351,6362,tx,1213.4,228.6,420.6,,,1,0,0,1
906456366626300,1790932116.503215,6503,tx,1232.5,144.3,344.4,,,1,0,0,1
906456506885700,1790932116.643476,6643,tx,2348.3,172.3,421.9,,,1,0,0,1
906456677051600,1790932116.813644,6813,tx,1306.6,209.0,340.5,,,1,0,0,1
906456820289500,1790932116.956883,6956,tx,1275.0,381.6,560.9,,,1,0,0,1
906456962897400,1790932117.099493,7099,tx,8072.0,183.1,345.1,,,1,0,0,1
906457104668800,1790932117.241265,7241,tx,1236.1,235.3,423.7,,,1,0,0,1
906457246091900,1790932117.382690,7382,tx,1360.2,233.7,457.8,,,1,0,0,1
906457389239000,1790932117.525838,7525,tx,1348.7,352.0,537.7,,,1,0,0,1
906457529342800,1790932117.665944,7665,tx,1686.6,195.6,582.4,,,1,0,0,1
906457673276400,1790932117.809879,7809,tx,1377.3,439.3,611.7,,,1,0,0,1
906457813211400,1790932117.949815,7949,tx,1676.7,452.2,700.5,,,1,0,0,1
906457955788600,1790932118.092394,8092,tx,1636.2,222.2,371.7,,,1,0,0,1
906458097831800,1790932118.234438,8234,tx,1545.6,208.9,460.2,,,1,0,0,1
906458238771000,1790932118.375380,8375,tx,1309.7,215.4,403.5,,,1,0,0,1
906458381181200,1790932118.517791,8517,tx,18676.7,312.5,725.1,,,1,0,0,1
906458524341800,1790932118.660953,8660,tx,1647.0,359.3,647.9,,,1,0,0,1
906458665558200,1790932118.802171,8802,tx,1390.7,188.2,396.9,,,1,0,0,1
906458805103600,1790932118.941718,8941,tx,1433.3,237.0,455.0,,,1,0,0,1
906458945770000,1790932119.082386,9082,tx,1792.2,208.0,406.2,,,1,0,0,1
906459089087000,1790932119.225704,9225,tx,1173.8,167.6,348.6,,,1,0,0,1
906459229722100,1790932119.366341,9366,tx,1317.4,186.0,374.1,,,1,0,0,1
906459371225800,1790932119.507846,9507,tx,11900.7,220.4,611.5,,,1,0,0,1
906459513710600,1790932119.650332,9650,tx,1404.5,254.8,471.5,,,1,0,0,1
906459669262000,1790932119.805886,9805,tx,1383.0,313.9,474.4,,,1,0,0,1
906459814069300,1790932119.950694,9950,tx,1034.4,240.9,412.0,,,1,0,0,1
906459954828300,1790932120.091455,10091,tx,1238.1,196.8,469.2,,,1,0,0,1
906460096641700,1790932120.233269,10233,tx,1853.0,261.2,536.1,,,1,0,0,1
906460237125600,1790932120.373755,10373,tx,5767.7,193.4,355.4,,,1,0,0,1
906460378740200,1790932120.515370,10515,tx,5946.1,472.8,1371.8,,,1,0,0,1
906460517935900,1790932120.654568,10654,tx,1366.7,216.4,396.5,,,1,0,0,1
906460682793000,1790932120.819427,10819,tx,2756.1,484.1,956.5,,,1,0,0,1
906460831379400,1790932120.968015,10968,tx,1362.7,232.3,590.8,,,1,0,0,1
906460971168900,1790932121.107806,11107,tx,1415.0,427.2,610.5,,,1,0,0,1
906461113338500,1790932121.249977,11249,tx,59959.7,199.4,511.5,,,1,0,0,1
906461301663100,1790932121.438303,11438,tx,2635.5,269.6,737.4,,,1,0,0,1
906461442141800,1790932121.578783,11578,tx,13807.5,312.7,675.9,,,1,0,0,1
906461580893700,1790932121.717536,11717,tx,1863.4,216.9,504.4,,,1,0,0,1
906461724189900,1790932121.860834,11860,tx,1499.8,385.8,594.3,,,1,0,0,1
906461864136400,1790932122.000782,12000,tx,1655.2,448.8,693.6,,,1,0,0,1
906462005286800,1790932122.141934,12141,tx,1367.6,340.3,531.0,,,1,0,0,1
906462177793600,1790932122.314443,12314,tx,1757.1,181.1,377.7,,,1,0,0,1
906462317556500,1790932122.454207,12454,tx,8533.6,223.8,457.2,,,1,0,0,1
906462458899200,1790932122.595551,12595,tx,1709.5,156.9,455.6,,,1,0,0,1
906462601173100,1790932122.737826,12737,tx,3108.9,284.1,778.3,,,1,0,0,1
906462742909900,1790932122.879565,12879,tx,1996.8,304.0,586.0,,,1,0,0,1
906462884243000,1790932123.020899,13020,tx,2356.2,270.4,595.3,,,1,0,0,1
906463024893800,1790932123.161552,13161,tx,1621.1,224.3,638.2,,,1,0,0,1
906463167255500,1790932123.303915,13303,tx,1730.1,395.2,606.6,,,1,0,0,1
906463308523400,1790932123.445184,13445,tx,8105.7,159.8,489.5,,,1,0,0,1
906463449307500,1790932123.585970,13585,tx,1386.3,331.9,532.4,,,1,0,0,1
906463591550800,1790932123.728215,13728,tx,1341.4,212.3,392.5,,,1,0,0,1
906463734686600,1790932123.871352,13871,tx,1537.0,227.2,465.7,,,1,0,0,1
906463877175900,1790932124.013843,14013,tx,1457.2,423.2,636.7,,,1,0,0,1
906464018302700,1790932124.154971,14154,tx,1739.1,202.5,601.5,,,1,0,0,1
906464174213600,1790932124.310884,14310,tx,7905.2,367.4,545.8,,,1,0,0,1
906464318810300,1790932124.455482,14455,tx,2052.8,234.9,560.2,,,1,0,0,1
906464458886900,1790932124.595560,14595,tx,2213.7,330.3,903.7,,,1,0,0,1
906464600864200,1790932124.737538,14737,tx,1495.4,278.3,488.2,,,1,0,0,1
906464741280000,1790932124.877956,14877,tx,1885.3,291.9,529.6,,,1,0,0,1
906464883605500,1790932125.020283,20,tx,1214.3,206.9,402.7,,,1,0,0,1
906465034143400,1790932125.170822,170,tx,1611.9,433.0,658.1,,,1,0,0,1
906465176067400,1790932125.312748,312,tx,1355.5,205.8,414.9,,,1,0,0,1
906465324228300,1790932125.460910,460,tx,1442.2,238.8,658.9,,,1,0,0,1
906465464224600,1790932125.600908,600,tx,2990.7,317.5,778.1,,,1,0,0,1
906465609042800,1790932125.745728,745,tx,1795.3,373.4,688.2,,,1,0,0,1
906465764140200,1790932125.900826,900,tx,3702.4,237.4,649.8,,,1,0,0,1
906465913093500,1790932126.049782,1049,tx,1127.2,184.2,373.7,,,1,0,0,1
906466051589700,1790932126.188279,1188,tx,968.0,206.6,368.4,,,1,0,0,1
906466193196700,1790932126.329887,1329,tx,1457.7,424.4,635.4,,,1,0,0,1
906466334835200,1790932126.471528,1471,tx,1437.5,173.7,344.8,,,1,0,0,1
906466476310400,1790932126.613004,1613,tx,8167.4,263.8,522.3,,,1,0,0,1
906466677722800,1790932126.814419,1814,tx,1472.1,214.5,404.1,,,1,0,0,1
906466822030200,1790932126.958728,1958,tx,1422.1,193.6,379.0,,,1,0,0,1
906466963007200,1790932127.099706,2099,tx,1095.9,157.5,339.7,,,1,0,0,1
906467102804700,1790932127.239505,2239,tx,1532.5,229.6,461.7,,,1,0,0,1
906467244416300,1790932127.381119,2381,tx,3247.2,322.0,486.3,,,1,0,0,1
906467385432500,1790932127.522135,2522,tx,1235.9,200.5,488.2,,,1,0,0,1
906467526799500,1790932127.663504,2663,tx,2343.6,249.0,608.0,,,1,0,0,1
906467668361100,1790932127.805068,2805,tx,1639.3,237.3,457.0,,,1,0,0,1
906467810154500,1790932127.946863,2946,tx,1068.3,206.6,394.3,,,1,0,0,1
906467951353700,1790932128.088063,3088,tx,1556.1,267.6,480.2,,,1,0,0,1
906468092200200,1790932128.228911,3228,tx,1422.6,405.8,593.8,,,1,0,0,1
906468232919200,1790932128.369632,3369,tx,1253.3,217.6,401.9,,,1,0,0,1
906468374940500,1790932128.511654,3511,tx,1901.4,419.2,897.0,,,1,0,0,1
906468517291700,1790932128.654006,3654,tx,5473.1,376.3,825.3,,,1,0,0,1
906468672832500,1790932128.809550,3809,tx,1407.9,246.4,382.1,,,1,0,0,1
906468817768200,1790932128.954487,3954,tx,2646.8,151.3,729.0,,,1,0,0,1
906468958382300,1790932129.095102,4095,tx,1618.5,235.8,458.2,,,1,0,0,1
906469098734400,1790932129.235456,4235,tx,5612.6,197.0,397.1,,,1,0,0,1
906469238868900,1790932129.375592,4375,tx,1516.6,215.7,487.8,,,1,0,0,1
906469381383100,1790932129.518107,4518,tx,1361.4,224.3,433.6,,51168.3,1,0,0,1
906469524268400,1790932129.660994,4660,idle,1613.5,315.9,588.2,,,0,0,0,0
906469681745700,1790932129.818473,4818,idle,155234.7,,,,,0,0,0,0
906469959442300,1790932130.096173,5096,idle,3518.9,,,,,0,0,0,0
906470108517100,1790932130.245249,5245,tx,188978.3,,,,,1,0,0,1
906470405751000,1790932130.542486,5542,tx,4188.6,196.2,633.2,,,1,0,0,1
906470543788400,1790932130.680525,5680,tx,1434.6,203.8,378.6,,,1,0,0,1
906470700617200,1790932130.837355,5837,tx,1225.9,195.5,385.4,,,1,0,0,1
906470840232400,1790932130.976972,5976,tx,1572.3,413.4,590.1,,,1,0,0,1
906470996485800,1790932131.133227,6133,tx,1180.8,245.2,420.4,,,1,0,0,1
906471148226400,1790932131.284969,6284,tx,1283.9,163.3,316.9,,,1,0,0,1
906471296235300,1790932131.432979,6432,tx,5109.8,311.9,561.7,,,1,0,0,1
906471452148600,1790932131.588894,6588,tx,1580.4,355.2,724.6,,,1,0,0,1
906471593018300,1790932131.729764,6729,tx,1966.5,197.3,425.9,,,1,0,0,1
906471732444500,1790932131.869193,6869,tx,2878.7,199.7,418.8,,,1,0,0,1
906471888705800,1790932132.025456,7025,tx,1786.9,268.6,528.7,,,1,0,0,1
906472030286400,1790932132.167038,7167,tx,1761.8,264.6,513.4,,,1,0,0,1
906472170243800,1790932132.306997,7306,tx,3686.0,386.7,556.1,,,1,0,0,1
906472310894000,1790932132.447648,7447,tx,1574.2,216.1,574.7,,,1,0,0,1
906472451777800,1790932132.588534,7588,tx,1259.4,228.9,421.5,,,1,0,0,1
906472593976200,1790932132.730732,7730,tx,3551.2,181.0,478.3,,,1,0,0,1
906472733388400,1790932132.870147,7870,tx,1251.4,290.8,500.3,,,1,0,0,1
906472871502800,1790932133.008263,8008,tx,1257.8,175.1,399.1,,,1,0,0,1
906473015458100,1790932133.152220,8152,tx,1751.3,215.0,402.5,,,1,0,0,1
906473196001900,1790932133.332766,8332,tx,8187.1,121.4,247.8,,,1,0,0,1
906473336803500,1790932133.473568,8473,tx,3585.4,356.9,981.6,,,1,0,0,1
906473482060100,1790932133.618827,8618,tx,6996.1,179.6,363.9,,,1,0,0,1
906473622548400,1790932133.759316,8759,tx,25602.1,179.2,492.8,,,1,0,0,1
906473764849300,1790932133.901618,8901,tx,3152.5,203.0,591.5,,,1,0,0,1
906473908420400,1790932134.045192,9045,tx,16064.7,261.8,496.3,,,1,0,0,1
906474051398000,1790932134.188171,9188,tx,1354.2,191.6,535.7,,,1,0,0,1
906474192590300,1790932134.329364,9329,tx,2175.4,243.9,932.3,,,1,0,0,1
906474333559200,1790932134.470335,9470,tx,1313.6,190.0,382.7,,,1,0,0,1
906474474757200,1790932134.611534,9611,tx,1361.9,191.2,349.5,,,1,0,0,1
906474617079300,1790932134.753857,9753,tx,80970.6,422.9,675.1,,,1,0,0,1
906474808314500,1790932134.945095,9945,tx,2103.7,218.0,642.9,,,1,0,0,1
906474945935300,1790932135.082717,10082,tx,1191.0,184.2,388.5,,,1,0,0,1
906475085687100,1790932135.222470,10222,tx,1610.2,199.2,478.7,,,1,0,0,1
906475224958800,1790932135.361744,10361,tx,10005.3,428.5,806.4,,,1,0,0,1
906475365754200,1790932135.502541,10502,tx,1555.6,198.2,497.8,,,1,0,0,1
906475507348900,1790932135.644137,10644,tx,1811.1,221.2,613.6,,,1,0,0,1
906475655235200,1790932135.792025,10792,tx,1537.7,390.2,574.0,,,1,0,0,1
906475805101800,1790932135.941893,10941,tx,1547.4,152.0,357.5,,,1,0,0,1
906475948482100,1790932136.085273,11085,tx,3869.8,437.5,1314.7,,,1,0,0,1
906476090505600,1790932136.227299,11227,tx,2437.6,305.5,713.9,,,1,0,0,1
906476232966400,1790932136.369762,11369,tx,1376.5,186.4,395.3,,,1,0,0,1
906476389498100,1790932136.526294,11526,tx,2058.1,222.1,642.7,,,1,0,0,1
906476531520300,1790932136.668319,11668,tx,5728.8,213.0,495.3,,,1,0,0,1
906476671819000,1790932136.808619,11808,tx,1596.0,226.8,414.3,,,1,0,0,1
906476812899900,1790932136.949701,11949,tx,1187.4,214.8,400.7,,,1,0,0,1
906476955762400,1790932137.092565,12092,tx,1234.6,190.9,383.4,,,1,0,0,1
906477110960900,1790932137.247766,12247,tx,38007.9,214.1,428.7,,,1,0,0,1
906477271217300,1790932137.408023,12408,tx,3634.7,317.5,1145.8,,,1,0,0,1
906477410525200,1790932137.547332,12547,tx,12565.6,286.6,779.4,,,1,0,0,1
906477559694400,1790932137.696503,12696,tx,1644.5,220.0,486.3,,,1,0,0,1
906477696780100,1790932137.833591,12833,tx,1844.3,247.6,473.7,,,1,0,0,1
906477847000500,1790932137.983813,12983,tx,8835.1,199.3,399.2,,,1,0,0,1
906477986725900,1790932138.123539,13123,tx,1125.7,202.3,337.9,,,1,0,0,1
906478140767300,1790932138.277582,13277,tx,2145.9,271.2,534.8,,,1,0,0,1
906478290019100,1790932138.426836,13426,tx,5522.2,250.9,433.7,,,1,0,0,1
906478431061600,1790932138.567880,13567,tx,2454.7,387.4,696.7,,,1,0,0,1
906478575268100,1790932138.712088,13712,tx,1921.8,297.7,560.6,,,1,0,0,1
906478719182100,1790932138.856003,13856,tx,11835.7,214.4,548.6,,,1,0,0,1
906478862372600,1790932138.999195,13999,tx,1758.4,265.0,511.3,,,1,0,0,1
906479003308200,1790932139.140133,14140,tx,1639.3,388.2,584.3,,,1,0,0,1
906479194158600,1790932139.330985,14330,tx,1714.9,243.0,412.8,,,1,0,0,1
906479332602400,1790932139.469430,14469,tx,1613.6,211.9,438.8,,,1,0,0,1
906479474932800,1790932139.611761,14611,tx,4748.4,389.1,778.2,,,1,0,0,1
906479615394400,1790932139.752225,14752,tx,27250.1,190.1,414.7,,,1,0,0,1
906479768595800,1790932139.905428,14905,tx,1680.2,245.0,444.7,,,1,0,0,1
906479913191600,1790932140.050025,50,tx,1381.3,315.5,676.8,,,1,0,0,1
906480062211200,1790932140.199045,199,tx,1368.5,419.2,614.6,,,1,0,0,1
906480204780700,1790932140.341617,341,tx,1389.1,171.7,344.6,,,1,0,0,1
906480354549200,1790932140.491387,491,tx,2387.3,337.3,704.9,,,1,0,0,1
906480495891400,1790932140.632731,632,tx,1442.6,239.7,443.3,,,1,0,0,1
906480720701100,1790932140.857543,857,tx,1471.7,214.8,501.0,,,1,0,0,1
906480864085400,1790932141.000929,1000,tx,2134.9,395.6,624.9,,,1,0,0,1
906481004719300,1790932141.141563,1141,tx,4265.7,242.0,1044.9,,,1,0,0,1
906481165346600,1790932141.302193,1302,tx,1292.7,263.3,423.1,,,1,0,0,1
906481317375600,1790932141.454224,1454,tx,1600.1,223.7,618.3,,,1,0,0,1
906481458109300,1790932141.594959,1594,tx,1653.4,451.1,697.4,,,1,0,0,1
906481600812400,1790932141.737664,1737,tx,1644.7,233.5,598.2,,,1,0,0,1
906481743593900,1790932141.880446,1880,tx,2970.2,316.0,707.0,,,1,0,0,1
906481885940100,1790932142.022794,2022,tx,2551.7,158.3,362.1,,,1,0,0,1
906482027132800,1790932142.163989,2163,tx,9434.7,405.5,603.7,,,1,0,0,1
906482224996500,1790932142.361855,2361,tx,7404.6,238.8,508.1,,,1,0,0,1
906482375091700,1790932142.511950,2511,tx,5878.0,356.3,655.3,,,1,0,0,1
906482517995800,1790932142.654856,2654,tx,2606.3,446.4,750.9,,,1,0,0,1
906482674681100,1790932142.811543,2811,tx,7685.3,275.3,468.5,,,1,0,0,1
906482814379500,1790932142.951244,2951,tx,1313.0,196.0,410.3,,,1,0,0,1
906482957176500,1790932143.094042,3094,tx,1876.1,363.0,646.1,,,1,0,0,1
906483098935800,1790932143.235803,3235,tx,1181.2,202.2,390.9,,,1,0,0,1
906483242785500,1790932143.379654,3379,tx,13987.6,236.7,719.7,,,1,0,0,1
906483385846900,1790932143.522717,3522,tx,1397.6,235.3,461.0,,,1,0,0,1
906483528337500,1790932143.665209,3665,tx,1481.4,216.4,524.7,,,1,0,0,1
906483726177300,1790932143.863051,3863,tx,1154.1,171.0,287.1,,,1,0,0,1
906483872150400,1790932144.009025,4009,tx,3138.3,307.6,760.2,,,1,0,0,1
906484014009000,1790932144.150885,4150,tx,5700.0,181.7,386.5,,,1,0,0,1
906484153927500,1790932144.290805,4290,tx,8364.3,154.1,1347.8,,,1,0,0,1
906484294794300,1790932144.431673,4431,tx,2121.2,222.9,672.4,,,1,0,0,1
906484435701000,1790932144.572582,4572,tx,1796.7,236.3,505.9,,,1,0,0,1
906484576204600,1790932144.713087,4713,tx,1350.6,439.5,623.6,,,1,0,0,1
906484717215300,1790932144.854099,4854,tx,1690.7,396.1,600.4,,,1,0,0,1
906484858899100,1790932144.995784,4995,tx,3717.7,489.7,868.1,,,1,0,0,1
906485001402300,1790932145.138289,5138,tx,1454.8,340.3,508.6,,,1,0,0,1
906485224034600,1790932145.360924,5360,tx,1236.9,239.4,372.8,,,1,0,0,1
906485361083100,1790932145.497973,5497,tx,1660.4,218.2,440.0,,,1,0,0,1
906485503599500,1790932145.640491,5640,tx,1577.4,173.7,582.5,,,1,0,0,1
906485654225400,1790932145.791119,5791,tx,1306.5,152.4,287.8,,,1,0,0,1
906485800825800,1790932145.937721,5937,tx,1439.7,197.5,408.9,,,1,0,0,1
906485941247600,1790932146.078144,6078,tx,2047.2,229.7,690.5,,,1,0,0,1
906486081566100,1790932146.218464,6218,tx,15069.5,270.5,623.3,,,1,0,0,1
906486221574900,1790932146.358474,6358,tx,1613.7,299.2,593.2,,,1,0,0,1
906486363897100,1790932146.500798,6500,tx,3642.9,409.7,789.8,,,1,0,0,1
906486505517100,1790932146.642419,6642,tx,2545.1,284.3,708.3,,,1,0,0,1
906486731089400,1790932146.867994,6867,tx,15156.7,136.6,318.6,,,1,0,0,1
906486879905700,1790932147.016812,7016,tx,1328.7,230.5,417.7,,,1,0,0,1
906487022341500,1790932147.159249,7159,tx,1359.1,265.4,466.1,,,1,0,0,1
906487163310000,1790932147.300219,7300,tx,1452.9,355.0,534.3,,,1,0,0,1
906487305163100,1790932147.442073,7442,tx,2653.2,250.0,607.9,,,1,0,0,1
906487445726100,1790932147.582638,7582,tx,1495.8,234.7,411.3,,,1,0,0,1
906487587666300,1790932147.724580,7724,tx,1812.9,250.3,613.1,,,1,0,0,1
906487729055800,1790932147.865971,7865,tx,7645.0,361.8,610.3,,,1,0,0,1
906487871087700,1790932148.008004,8008,tx,1441.8,196.1,393.9,,,1,0,0,1
906488012835600,1790932148.149753,8149,tx,2023.3,212.4,456.6,,,1,0,0,1
906488222707000,1790932148.359613,8359,tx,1588.3,231.5,440.2,,,1,0,0,1
906488373995700,1790932148.510917,8510,tx,1807.4,400.4,687.4,,,1,0,0,1
906488513115800,1790932148.650039,8650,tx,1209.0,225.0,416.2,,,1,0,0,1
906488661298000,1790932148.798223,8798,tx,1426.7,453.9,613.0,,,1,0,0,1
906488811604400,1790932148.948530,8948,tx,12843.3,290.0,722.5,,,1,0,0,1
906488964904800,1790932149.101832,9101,tx,1885.6,206.0,633.2,,,1,0,0,1
906489110938900,1790932149.247868,9247,tx,3642.3,412.7,878.5,,,1,0,0,1
906489251799300,1790932149.388729,9388,tx,23590.1,458.6,997.1,,,1,0,0,1
906489392132300,1790932149.529064,9529,tx,1439.8,399.9,621.5,,,1,0,0,1
906489534074600,1790932149.671008,9671,tx,1370.4,185.4,432.1,,,1,0,0,1
906489723781900,1790932149.860718,9860,tx,1456.9,178.3,390.3,,,1,0,0,1
906489875896300,1790932150.012834,10012,tx,2517.1,198.4,477.5,,,1,0,0,1
906490015084700,1790932150.152023,10152,tx,1543.6,171.5,394.7,,,1,0,0,1
906490171959400,1790932150.308900,10308,tx,1233.3,180.7,364.6,,,1,0,0,1
906490312840500,1790932150.449782,10449,tx,3392.5,1223.6,1447.1,,,1,0,0,1
906490454824000,1790932150.591768,10591,tx,8019.5,202.2,395.6,,,1,0,0,1
906490596520600,1790932150.733465,10733,tx,1297.5,157.3,358.4,,,1,0,0,1
906490738411500,1790932150.875358,10875,tx,1563.4,247.9,479.7,,,1,0,0,1
906490879094600,1790932151.016042,11016,tx,1361.5,161.9,370.1,,,1,0,0,1
906491022412300,1790932151.159361,11159,tx,2713.1,208.6,498.5,,,1,0,0,1
906491222424600,1790932151.359376,11359,tx,8414.7,170.2,423.3,,,1,0,0,1
906491365299400,1790932151.502252,11502,tx,1464.0,199.1,592.3,,,1,0,0,1
906491507190600,1790932151.644145,11644,tx,2226.9,372.8,638.4,,,1,0,0,1
906491653324500,1790932151.790280,11790,tx,1722.5,320.0,530.5,,,1,0,0,1
906491791379500,1790932151.928336,11928,tx,1609.6,175.4,390.2,,,1,0,0,1
906491931359000,1790932152.068318,12068,tx,1326.3,314.2,479.3,,,1,0,0,1
906492074064800,1790932152.211024,12211,tx,3902.6,253.1,726.7,,,1,0,0,1
906492215435300,1790932152.352397,12352,tx,1364.3,216.6,437.6,,,1,0,0,1
906492355571500,1790932152.492535,12492,tx,1440.7,225.6,439.0,,,1,0,0,1
906492497053700,1790932152.634018,12634,tx,2068.5,456.0,748.0,,,1,0,0,1
906492637728600,1790932152.774694,12774,tx,97721.6,480.6,989.5,,,1,0,0,1
906492847372400,1790932152.984340,12984,tx,4033.1,282.8,747.6,,,1,0,0,1
906492988258900,1790932153.125229,13125,tx,12884.2,152.3,465.6,,,1,0,0,1
906493150302000,1790932153.287273,13287,tx,1493.4,418.6,536.9,,,1,0,0,1
906493296829100,1790932153.433801,13433,tx,11121.5,407.1,886.0,,,1,0,0,1
906493437445100,1790932153.574419,13574,tx,2575.2,282.6,570.4,,,1,0,0,1
906493579539800,1790932153.716515,13716,tx,1662.3,214.4,481.8,,,1,0,0,1
906493721998000,1790932153.858975,13858,tx,3667.2,411.1,799.9,,,1,0,0,1
906493864879100,1790932154.001858,14001,tx,1391.9,180.9,388.0,,,1,0,0,1
906494007131100,1790932154.144112,14144,tx,1356.3,165.7,383.8,,,1,0,0,1
906494222681100,1790932154.359664,14359,tx,1300.6,209.3,349.5,,,1,0,0,1
906494364773300,1790932154.501757,14501,tx,1325.7,226.3,407.6,,,1,0,0,1
906494506401900,1790932154.643386,14643,tx,13257.5,297.6,1577.6,,,1,0,0,1
906494651594200,1790932154.788581,14788,tx,1448.7,288.1,430.1,,,1,0,0,1
906494803270600,1790932154.940259,14940,tx,1673.6,343.4,560.4,,,1,0,0,1
906494944013400,1790932155.081003,81,tx,19142.5,269.3,834.5,,,1,0,0,1
906495084806700,1790932155.221798,221,tx,1486.1,150.2,392.5,,,1,0,0,1
906495235326400,1790932155.372319,372,tx,1340.4,230.3,457.8,,,1,0,0,1
906495388803200,1790932155.525797,525,tx,3900.0,459.4,974.6,,,1,0,0,1
906495537330600,1790932155.674326,674,tx,2483.1,268.2,482.0,,,1,0,0,1
906495725550600,1790932155.862549,862,tx,8010.0,208.5,584.1,,,1,0,0,1
906495868808400,1790932156.005808,1005,tx,1340.6,209.3,387.7,,,1,0,0,1
906496009259000,1790932156.146260,1146,tx,1575.6,248.6,645.3,,,1,0,0,1
906496151280800,1790932156.288283,1288,tx,1980.4,344.0,538.1,,,1,0,0,1
906496292902400,1790932156.429907,1429,tx,1240.5,172.0,385.3,,,1,0,0,1
906496433454900,1790932156.570460,1570,tx,2814.7,222.6,486.4,,,1,0,0,1
906496574917200,1790932156.711925,1711,tx,1312.5,184.3,376.8,,,1,0,0,1
906496718796800,1790932156.855805,1855,tx,3280.1,185.5,371.2,,,1,0,0,1
906496859332600,1790932156.996342,1996,tx,1481.2,184.8,385.8,,,1,0,0,1
906497002151300,1790932157.139163,2139,tx,1415.6,284.3,649.7,,,1,0,0,1
906497221736200,1790932157.358750,2358,tx,1187.3,210.8,398.2,,,1,0,0,1
906497361164800,1790932157.498180,2498,tx,14066.5,273.9,637.4,,,1,0,0,1
906497504721400,1790932157.641738,2641,tx,1642.2,196.8,471.4,,,1,0,0,1
906497654111200,1790932157.791130,2791,tx,1216.5,186.7,334.5,,,1,0,0,1
906497803913100,1790932157.940933,2940,tx,18044.6,426.7,776.3,,,1,0,0,1
906497944759200,1790932158.081780,3081,tx,1934.9,210.7,653.2,,,1,0,0,1
906498086290500,1790932158.223313,3223,tx,2049.1,256.0,526.1,,,1,0,0,1
906498229530200,1790932158.366554,3366,tx,1355.8,214.1,408.0,,,1,0,0,1
906498387913000,1790932158.524939,3524,tx,1732.1,173.0,436.9,,,1,0,0,1
906498530210000,1790932158.667237,3667,tx,1521.1,343.1,582.7,,,1,0,0,1
906498729588600,1790932158.866618,3866,tx,1387.7,232.5,389.1,,,1,0,0,1
906498878106000,1790932159.015137,4015,tx,1494.0,336.4,721.5,,,1,0,0,1
906499018733500,1790932159.155766,4155,tx,2111.0,420.0,872.7,,,1,0,0,1
906499174687600,1790932159.311722,4311,tx,1532.5,194.7,373.7,,,1,0,0,1
906499316154400,1790932159.453190,4453,tx,2092.6,372.2,703.4,,,1,0,0,1
906499457105700,1790932159.594142,4594,tx,1676.9,403.1,635.9,,,1,0,0,1
906499599074200,1790932159.736113,4736,tx,1537.3,166.9,382.0,,,1,0,0,1
906499740806600,1790932159.877846,4877,tx,1910.3,254.3,520.7,,,1,0,0,1
906499882863800,1790932160.019905,5019,tx,16311.8,202.2,376.8,,,1,0,0,1
906500023501000,1790932160.160544,5160,tx,1750.7,269.4,513.6,,,1,0,0,1
906500222528000,1790932160.359573,5359,tx,1719.9,185.1,348.3,,,1,0,0,1
906500369168100,1790932160.506214,5506,tx,1763.6,333.2,582.7,,,1,0,0,1
906500510122100,1790932160.647170,5647,tx,1553.3,418.0,619.4,,,1,0,0,1
906500657892500,1790932160.794942,5794,tx,1932.8,162.5,413.4,,,1,0,0,1
906500807982500,1790932160.945034,5945,tx,1803.1,233.3,433.8,,,1,0,0,1
906500950206000,1790932161.087259,6087,tx,1474.8,431.1,615.2,,,1,0,0,1
906501090922900,1790932161.227977,6227,tx,2269.3,239.6,484.3,,,1,0,0,1
906501231008400,1790932161.368064,6368,tx,1294.3,212.3,428.2,,,1,0,0,1
906501373187100,1790932161.510244,6510,tx,1534.6,414.6,603.8,,,1,0,0,1
906501514892500,1790932161.651951,6651,tx,1555.0,181.6,527.9,,,1,0,0,1
906501739989800,1790932161.877051,6877,tx,5242.2,165.3,361.1,,,1,0,0,1
906501891262400,1790932162.028325,7028,tx,1981.7,228.5,412.7,,,1,0,0,1
906502031058500,1790932162.168122,7168,tx,1474.6,229.1,419.0,,,1,0,0,1
906502188208800,1790932162.325274,7325,tx,1704.3,299.0,586.9,,,1,0,0,1
906502330136000,1790932162.467203,7467,tx,1504.4,392.0,653.1,,,1,0,0,1
906502469657200,1790932162.606726,7606,tx,1086.8,146.6,315.7,,,1,0,0,1
906502609815300,1790932162.746885,7746,tx,8158.9,239.3,561.6,,,1,0,0,1
906502749460000,1790932162.886531,7886,tx,1199.0,195.0,384.4,,,1,0,0,1
906502904759900,1790932163.041833,8041,tx,1268.7,175.3,388.1,,,1,0,0,1
906503047480200,1790932163.184555,8184,tx,12311.0,178.8,562.8,,,1,0,0,1
906503222350700,1790932163.359427,8359,tx,1861.4,227.3,508.3,,,1,0,0,1
906503361383800,1790932163.498461,8498,tx,1617.1,237.4,500.8,,,1,0,0,1
906503502480200,1790932163.639559,8639,tx,1494.2,241.6,455.9,,,1,0,0,1
906503653057800,1790932163.790139,8790,tx,1513.1,154.8,307.2,,,1,0,0,1
906503800745500,1790932163.937828,8937,tx,2020.7,211.1,477.2,,,1,0,0,1
906503942086300,1790932164.079170,9079,tx,1268.3,209.6,416.1,,,1,0,0,1
906504083711000,1790932164.220796,9220,tx,1524.3,198.1,449.1,,,1,0,0,1
906504223750600,1790932164.360837,9360,tx,1706.8,217.3,454.5,,,1,0,0,1
906504364934900,1790932164.502023,9502,tx,4098.4,337.1,742.4,,,1,0,0,1
906504505830600,1790932164.642920,9642,tx,1573.5,195.5,496.0,,,1,0,0,1
906504730171900,1790932164.867264,9867,tx,1404.3,240.0,380.8,,,1,0,0,1
906504869453800,1790932165.006547,10006,tx,1376.4,189.0,432.9,,,1,0,0,1
906505012938900,1790932165.150034,10150,tx,1221.9,198.8,410.0,,,1,0,0,1
906505150713600,1790932165.287810,10287,tx,1319.3,237.4,399.7,,,1,0,0,1
906505296365200,1790932165.433463,10433,tx,1564.0,277.9,507.8,,,1,0,0,1
906505438918900,1790932165.576018,10576,tx,1518.8,241.4,450.3,,,1,0,0,1
906505578488800,1790932165.715589,10715,tx,1649.4,179.7,558.2,,,1,0,0,1
906505718044600,1790932165.855147,10855,tx,1183.1,229.2,412.9,,,1,0,0,1
906505858750800,1790932165.995853,10995,tx,2906.6,338.2,805.9,,,1,0,0,1
906505999982000,1790932166.137087,11137,tx,1436.5,206.7,422.6,,,1,0,0,1
906506222377700,1790932166.359485,11359,tx,9899.2,279.0,495.4,,,1,0,0,1
906506360756300,1790932166.497865,11497,tx,2411.5,294.6,516.7,,,1,0,0,1
906506498236800,1790932166.635347,11635,tx,1563.8,375.1,606.8,,,1,0,0,1
906506637719000,1790932166.774831,11774,tx,23989.5,194.9,361.7,,,1,0,0,1
906506777001700,1790932166.914114,11914,tx,11174.2,347.9,794.9,,,1,0,0,1
906506919084600,1790932167.056199,12056,tx,1280.2,199.7,392.7,,,1,0,0,1
906507059938400,1790932167.197054,12197,tx,2150.8,235.6,545.2,,,1,0,0,1
906507202434900,1790932167.339552,12339,tx,1285.4,212.9,391.3,,,1,0,0,1
906507344537700,1790932167.481657,12481,tx,1435.6,165.7,339.7,,,1,0,0,1
906507487143100,1790932167.624264,12624,tx,1872.5,379.7,576.7,,,1,0,0,1
906507628257000,1790932167.765379,12765,tx,98785.6,221.5,596.8,,,1,0,0,1
906507847113200,1790932167.984237,12984,tx,2035.1,183.7,691.9,,,1,0,0,1
906507986504800,1790932168.123630,13123,tx,14540.1,236.8,423.8,,,1,0,0,1
906508152556400,1790932168.289684,13289,tx,10787.1,202.3,319.7,,,1,0,0,1
906508300900300,1790932168.438029,13438,tx,10588.0,153.5,388.5,,,1,0,0,1
906508441090500,1790932168.578221,13578,tx,1555.3,245.6,433.8,,,1,0,0,1
906508581535900,1790932168.718668,13718,tx,1444.2,251.1,460.5,,,1,0,0,1
906508720098800,1790932168.857232,13857,tx,1800.3,365.9,633.7,,,1,0,0,1
906508864575400,1790932169.001709,14001,tx,1834.8,239.2,654.6,,,1,0,0,1
906509004845500,1790932169.141982,14141,tx,1445.4,199.4,399.3,,,1,0,0,1
906509224600600,1790932169.361740,14361,tx,1146.4,197.4,332.2,,,1,0,0,1
906509364568500,1790932169.501708,14501,tx,2209.8,244.7,551.1,,,1,0,0,1
906509507065900,1790932169.644207,14644,tx,10165.3,429.9,754.8,,,1,0,0,1
906509650076900,1790932169.787220,14787,tx,1277.4,234.9,344.2,,,1,0,0,1
906509787752500,1790932169.924897,14924,tx,1569.2,216.3,407.8,,,1,0,0,1
906509927585300,1790932170.064731,64,tx,3878.8,146.2,572.1,,,1,0,0,1
906510079689200,1790932170.216837,216,tx,1410.9,175.9,380.0,,,1,0,0,1
906510219225300,1790932170.356374,356,tx,1633.8,319.3,534.9,,,1,0,0,1
906510367510300,1790932170.504641,504,tx,1295.6,163.6,352.3,,,1,0,0,1
906510515837900,1790932170.652990,652,tx,1325.2,265.4,479.2,,,1,0,0,1
906510733694200,1790932170.870848,870,tx,2020.3,247.9,491.3,,,1,0,0,1
906510881648400,1790932171.018804,1018,tx,1506.0,248.1,480.5,,,1,0,0,1
906511033931900,1790932171.171089,1171,tx,8783.3,174.5,381.9,,,1,0,0,1
906511175865200,1790932171.313024,1313,tx,1432.3,179.6,369.1,,,1,0,0,1
906511318426200,1790932171.455587,1455,tx,1660.3,223.0,432.7,,,1,0,0,1
906511460162700,1790932171.597325,1597,tx,1494.7,272.7,610.6,,,1,0,0,1
906511600106600,1790932171.737270,1737,tx,1079.6,240.3,383.5,,,1,0,0,1
906511741272100,1790932171.878437,1878,tx,1417.1,333.3,537.8,,,1,0,0,1
906511882150300,1790932172.019316,2019,tx,1479.7,396.7,605.7,,,1,0,0,1
906512023446700,1790932172.160614,2160,tx,9933.7,268.9,428.0,,,1,0,0,1
906512247098600,1790932172.384269,2384,tx,1144.1,185.6,298.9,,,1,0,0,1
906512397893700,1790932172.535064,2535,tx,2780.2,394.4,739.1,,,1,0,0,1
906512540470100,1790932172.677643,2677,tx,2699.3,286.7,605.0,,,1,0,0,1
906512680353300,1790932172.817528,2817,tx,10707.8,238.2,508.5,,,1,0,0,1
906512822087000,1790932172.959263,2959,tx,1079.2,195.6,392.9,,,1,0,0,1
906512963071500,1790932173.100249,3100,tx,1408.6,200.8,407.9,,,1,0,0,1
906513102374900,1790932173.239554,3239,tx,1877.0,216.8,591.7,,,1,0,0,1
906513243229900,1790932173.380410,3380,tx,2414.2,324.2,628.8,,,1,0,0,1
906513384192100,1790932173.521374,3521,tx,1463.9,417.9,610.0,,,1,0,0,1
906513525608000,1790932173.662791,3662,tx,1534.9,184.9,439.5,,,1,0,0,1
906513741181900,1790932173.878367,3878,tx,1459.1,188.4,334.3,,,1,0,0,1
906513887647700,1790932174.024834,4024,tx,17216.1,246.0,543.8,,,1,0,0,1
906514028123600,1790932174.165311,4165,tx,1658.5,314.2,674.2,,,1,0,0,1
906514177132900,1790932174.314323,4314,tx,1734.8,198.9,337.2,,,1,0,0,1
906514326232600,1790932174.463424,4463,tx,1233.9,400.2,592.1,,,1,0,0,1
906514466607500,1790932174.603801,4603,tx,1329.2,193.9,394.7,,,1,0,0,1
906514610495300,1790932174.747690,4747,tx,1350.7,128.4,276.7,,,1,0,0,1
906514750350500,1790932174.887546,4887,tx,8419.1,205.5,529.3,,,1,0,0,1
906514893040200,1790932175.030237,5030,tx,2101.2,224.2,654.5,,,1,0,0,1
906515032845700,1790932175.170044,5170,tx,1411.2,200.3,503.9,,,1,0,0,1
906515240448500,1790932175.377650,5377,tx,1467.1,243.0,407.0,,,1,0,0,1
906515379854900,1790932175.517057,5517,tx,1266.8,207.1,431.8,,,1,0,0,1
906515523119700,1790932175.660323,5660,tx,11349.5,219.9,932.0,,,1,0,0,1
906515670949500,1790932175.808155,5808,tx,1563.8,180.3,354.2,,,1,0,0,1
906515820427400,1790932175.957634,5957,tx,1575.6,190.7,411.5,,,1,0,0,1
906515960965100,1790932176.098173,6098,tx,17535.5,255.5,858.7,,,1,0,0,1
906516102826500,1790932176.240037,6240,tx,1289.6,238.4,441.4,,,1,0,0,1
906516244027300,1790932176.381239,6381,tx,1393.9,178.4,403.1,,,1,0,0,1
906516385080700,1790932176.522293,6522,tx,3713.5,273.2,678.8,,,1,0,0,1
906516524723300,1790932176.661938,6661,tx,1830.6,208.6,464.5,,,1,0,0,1
906516742892500,1790932176.880109,6880,tx,1348.1,224.7,468.8,,,1,0,0,1
906516887004800,1790932177.024223,7024,tx,1198.3,167.8,342.2,,,1,0,0,1
906517029311100,1790932177.166531,7166,tx,1707.4,181.2,590.5,,,1,0,0,1
906517171828000,1790932177.309049,7309,tx,1631.0,189.4,293.1,,,1,0,0,1
906517312659400,1790932177.449882,7449,tx,1289.9,233.2,432.1,,,1,0,0,1
906517455234100,1790932177.592458,7592,tx,1849.4,171.1,459.7,,,1,0,0,1
906517597260100,1790932177.734486,7734,tx,8512.1,344.2,527.6,,,1,0,0,1
906517736990000,1790932177.874217,7874,tx,2161.7,382.9,699.8,,,1,0,0,1
906517890696700,1790932178.027925,8027,tx,1276.1,171.0,450.3,,,1,0,0,1
906518032599300,1790932178.169829,8169,tx,10491.0,194.0,445.9,,,1,0,0,1
906518241210300,1790932178.378443,8378,tx,1308.1,426.1,619.3,,,1,0,0,1
906518382349600,1790932178.519583,8519,tx,1495.2,210.9,537.7,,,1,0,0,1
906518524449300,1790932178.661685,8661,tx,1161.6,134.7,279.4,,,1,0,0,1
906518671068700,1790932178.808306,8808,tx,1571.9,295.0,697.8,,,1,0,0,1
906518811039600,1790932178.948277,8948,tx,8526.0,208.2,430.0,,,1,0,0,1
906518952489900,1790932179.089730,9089,tx,1267.1,270.7,475.8,,,1,0,0,1
906519108813000,1790932179.246054,9246,tx,1408.2,199.1,423.4,,,1,0,0,1
906519246646100,1790932179.383889,9383,tx,9304.8,187.1,382.0,,,1,0,0,1
906519393428700,1790932179.530673,9530,tx,1369.1,236.7,398.6,,,1,0,0,1
906519534099400,1790932179.671345,9671,tx,1425.2,167.2,390.3,,,1,0,0,1
906519742160100,1790932179.879408,9879,tx,1251.5,146.7,314.9,,,1,0,0,1
906519879631800,1790932180.016881,10016,tx,3254.9,313.2,790.0,,,1,0,0,1
906520020081600,1790932180.157332,10157,tx,9118.5,382.4,667.5,,,1,0,0,1
906520172384700,1790932180.309637,10309,tx,1498.1,311.8,468.1,,,1,0,0,1
906520321341500,1790932180.458595,10458,tx,2847.3,312.5,727.6,,,1,0,0,1
906520460547200,1790932180.597803,10597,tx,1281.7,181.2,372.7,,,1,0,0,1
906520600973800,1790932180.738230,10738,tx,2025.3,229.7,418.1,,,1,0,0,1
906520742072600,1790932180.879331,10879,tx,1487.0,195.0,371.1,,,1,0,0,1
906520882781300,1790932181.020041,11020,tx,8343.0,192.7,361.2,,,1,0,0,1
906521020380600,1790932181.157642,11157,tx,2031.5,231.0,503.5,,,1,0,0,1
906521246360000,1790932181.383624,11383,tx,1746.3,314.5,481.5,,,1,0,0,1
906521385773300,1790932181.523038,11523,tx,4380.8,261.2,598.5,,,1,0,0,1
906521526882600,1790932181.664149,11664,tx,2187.4,211.6,521.7,,,1,0,0,1
906521668807000,1790932181.806075,11806,tx,1304.1,133.0,262.8,,,1,0,0,1
906521808474400,1790932181.945744,11945,tx,1499.4,237.9,516.7,,,1,0,0,1
906521948440100,1790932182.085711,12085,tx,1620.7,178.9,459.0,,,1,0,0,1
906522091031600,1790932182.228304,12228,tx,9085.0,406.0,759.1,,,1,0,0,1
906522232903100,1790932182.370177,12370,tx,1436.9,192.7,522.1,,,1,0,0,1
906522376293700,1790932182.513569,12513,tx,1779.0,265.6,523.7,,,1,0,0,1
906522519143900,1790932182.656420,12656,tx,18592.9,343.4,597.0,,,1,0,0,1
906522742376100,1790932182.879655,12879,tx,4061.8,321.8,431.2,,,1,0,0,1
906522895070800,1790932183.032351,13032,tx,1594.9,190.1,630.6,,,1,0,0,1
906523037782300,1790932183.175064,13175,tx,2645.4,531.3,918.4,,,1,0,0,1
906523194417500,1790932183.331702,13331,tx,1279.3,194.3,378.7,,,1,0,0,1
906523334313700,1790932183.471599,13471,tx,1569.3,237.0,565.6,,,1,0,0,1
906523476178500,1790932183.613465,13613,tx,1897.8,367.2,569.7,,,1,0,0,1
906523617304100,1790932183.754592,13754,tx,3615.8,333.0,492.0,,,1,0,0,1
906523759044200,1790932183.896334,13896,tx,1544.7,205.9,433.3,,,1,0,0,1
906523900689800,1790932184.037981,14037,tx,1147.6,177.2,375.8,,,1,0,0,1
906524044169300,1790932184.181462,14181,tx,2564.7,298.5,644.2,,,1,0,0,1
906524251159000,1790932184.388454,14388,tx,1549.8,414.8,599.7,,,1,0,0,1
906524389227100,1790932184.526523,14526,tx,1709.9,390.7,571.0,,,1,0,0,1
906524545739300,1790932184.683037,14683,tx,2224.3,298.2,680.2,,,1,0,0,1
906524687106000,1790932184.824405,14824,tx,1793.4,376.5,636.1,,,1,0,0,1
906524828230100,1790932184.965531,14965,tx,12484.1,299.9,521.4,,,1,0,0,1
906524970288700,1790932185.107590,107,tx,2013.4,235.7,653.2,,,1,0,0,1
906525120536300,1790932185.257839,257,tx,5693.0,504.6,1187.4,,,1,0,0,1
906525258751700,1790932185.396057,396,tx,10988.2,184.8,407.2,,,1,0,0,1
906525397869700,1790932185.535177,535,tx,1752.1,334.7,578.9,,,1,0,0,1
906525538846000,1790932185.676154,676,tx,1531.3,203.6,401.7,,,1,0,0,1
906525740056700,1790932185.877367,877,tx,1793.3,254.8,483.4,,,1,0,0,1
906525890213700,1790932186.027525,1027,tx,1378.1,417.1,612.7,,,1,0,0,1
906526048623500,1790932186.185937,1185,tx,1410.5,199.0,584.3,,,1,0,0,1
906526188925200,1790932186.326240,1326,tx,1343.0,198.7,406.3,,,1,0,0,1
906526330939500,1790932186.468256,1468,tx,2859.4,482.1,832.5,,,1,0,0,1
906526471342400,1790932186.608660,1608,tx,1313.7,176.2,392.5,,,1,0,0,1
906526613336700,1790932186.750656,1750,tx,1460.8,226.4,516.3,,,1,0,0,1
906526755021100,1790932186.892342,1892,tx,2848.7,297.9,710.4,,,1,0,0,1
906526896837200,1790932187.034159,2034,tx,17131.9,223.6,546.7,,,1,0,0,1
906527039757700,1790932187.177081,2177,tx,1854.0,185.0,596.5,,,1,0,0,1
906527241257100,1790932187.378583,2378,tx,1489.2,447.6,589.4,,,1,0,0,1
906527383227500,1790932187.520555,2520,tx,1402.5,413.6,599.2,,,1,0,0,1
906527527384100,1790932187.664713,2664,tx,1265.3,212.7,424.7,,,1,0,0,1
906527673302800,1790932187.810633,2810,tx,5133.9,236.3,589.1,,,1,0,0,1
906527811372100,1790932187.948704,2948,tx,2169.0,218.0,490.4,,,1,0,0,1
906527953363200,1790932188.090696,3090,tx,2352.4,207.4,408.5,,,1,0,0,1
906528096003800,1790932188.233339,3233,tx,8366.2,242.4,435.6,,,1,0,0,1
906528238046000,1790932188.375382,3375,tx,1359.8,235.2,413.5,,,1,0,0,1
906528379202900,1790932188.516541,3516,tx,1756.3,242.1,536.3,,,1,0,0,1
906528521690900,1790932188.659030,3659,tx,1191.8,222.9,437.0,,,1,0,0,1
906528741077600,1790932188.878419,3878,tx,1400.5,184.4,338.2,,,1,0,0,1
906528899010700,1790932189.036354,4036,tx,1803.6,453.7,674.1,,,1,0,0,1
906529040621000,1790932189.177966,4177,tx,1947.6,268.4,561.4,,,1,0,0,1
906529197946900,1790932189.335293,4335,tx,1329.0,232.2,422.6,,,1,0,0,1
906529340283200,1790932189.477631,4477,tx,1350.4,328.1,509.3,,,1,0,0,1
906529481574700,1790932189.618924,4618,tx,1276.6,213.5,404.7,,,1,0,0,1
906529623489400,1790932189.760840,4760,tx,1969.9,254.2,555.5,,,1,0,0,1
906529764103700,1790932189.901456,4901,tx,2445.6,424.1,694.5,,,1,0,0,1
906529907304000,1790932190.044658,5044,tx,1343.7,212.5,553.9,,,1,0,0,1
906530046649800,1790932190.184005,5184,tx,4983.6,358.9,787.6,,,1,0,0,1
906530240955300,1790932190.378313,5378,tx,8199.7,180.6,349.8,,,1,0,0,1
906530392038100,1790932190.529397,5529,tx,10458.4,329.0,719.1,,,1,0,0,1
906530534777900,1790932190.672138,5672,tx,1369.8,157.5,356.7,,,1,0,0,1
906530690266300,1790932190.827628,5827,tx,1317.0,326.2,509.2,,,1,0,0,1
906530833095500,1790932190.970459,5970,tx,13180.4,278.5,674.0,,,1,0,0,1
906530988646700,1790932191.126012,6126,tx,1244.8,162.3,408.0,,,1,0,0,1
906531132031100,1790932191.269397,6269,tx,5726.0,216.2,406.3,,,1,0,0,1
906531273336400,1790932191.410704,6410,tx,5741.2,259.5,470.2,,113555.8,1,0,0,1
906531414232300,1790932191.551602,6551,idle,1615.5,279.9,513.4,,,0,0,0,0
906531554625200,1790932191.691996,6691,idle,1652.7,240.5,573.8,,,0,0,0,0
906531755236800,1790932191.892610,6892,idle,34710.7,,,,,0,0,0,0
906531893236200,1790932192.030611,7030,idle,3650.1,,,,,0,0,0,0
906532037154400,1790932192.174530,7174,idle,210741.9,,,,,0,0,0,1
906532375695000,1790932192.513074,7513,tx,6928.2,193.4,369.6,,,1,0,0,1
906532527602600,1790932192.664984,7664,tx,2002.3,229.7,459.1,,,1,0,0,1
906532675582100,1790932192.812964,7812,tx,22867.0,247.0,829.6,,,1,0,0,1
906532824362900,1790932192.961747,7961,tx,1252.1,157.3,347.3,,,1,0,0,1
906532965920600,1790932193.103306,8103,tx,1270.3,238.3,348.8,,,1,0,0,1
906533107012400,1790932193.244399,8244,tx,2107.0,436.9,710.5,,,1,0,0,1
906533246347000,1790932193.383735,8383,tx,1250.1,299.8,500.6,,,1,0,0,1
906533386994400,1790932193.524383,8524,tx,2133.7,395.7,782.4,,,1,0,0,1
906533528419600,1790932193.665811,8665,tx,1678.5,176.6,674.7,,,1,0,0,1
906533708195900,1790932193.845589,8845,tx,1270.1,361.4,562.2,,,1,0,0,1
906533855418300,1790932193.992813,8992,tx,1759.8,197.0,556.6,,,1,0,0,1
906533997047800,1790932194.134444,9134,tx,1817.8,399.6,655.3,,,1,0,0,1
906534137972500,1790932194.275370,9275,tx,1721.0,411.9,729.9,,,1,0,0,1
906534277989500,1790932194.415389,9415,tx,1560.3,213.1,451.8,,,1,0,0,1
906534418317000,1790932194.555717,9555,tx,3455.9,250.5,724.6,,,1,0,0,1
906534560903600,1790932194.698306,9698,tx,1094.5,189.3,378.4,,,1,0,0,1
906534706002100,1790932194.843406,9843,tx,1206.9,175.2,361.7,,,1,0,0,1
906534858716300,1790932194.996121,9996,tx,3198.7,273.0,624.4,,,1,0,0,1
906534999864000,1790932195.137270,10137,tx,10613.0,407.6,746.1,,,1,0,0,1
906535141751000,1790932195.279159,10279,tx,59525.8,150.9,452.4,,,1,0,0,1
906535302137000,1790932195.439546,10439,tx,2775.5,266.6,640.9,,,1,0,0,1
906535453256400,1790932195.590667,10590,tx,2080.3,155.9,582.7,,,1,0,0,1
906535610201100,1790932195.747614,10747,tx,2569.0,287.8,867.6,,,1,0,0,1
906535750996700,1790932195.888411,10888,tx,23793.9,527.0,789.3,,,1,0,0,1
906535891664200,1790932196.029080,11029,tx,1286.1,246.5,424.0,,,1,0,0,1
906536033331400,1790932196.170749,11170,tx,1369.2,253.1,467.0,,,1,0,0,1
906536205072300,1790932196.342492,11342,tx,1148.7,271.6,405.4,,,1,0,0,1
906536350134200,1790932196.487555,11487,tx,2327.8,296.2,627.2,,,1,0,0,1
906536492224600,1790932196.629647,11629,tx,1993.3,233.8,658.6,,,1,0,0,1
906536633154100,1790932196.770578,11770,tx,69945.1,371.8,620.6,,,1,0,0,1
906536805233900,1790932196.942659,11942,tx,1842.3,256.5,684.1,,,1,0,0,1
906536948803800,1790932197.086230,12086,tx,2676.7,290.0,948.6,,,1,0,0,1
906537102932300,1790932197.240361,12240,tx,1346.7,184.6,460.5,,,1,0,0,1
906537243855000,1790932197.381285,12381,tx,1587.9,255.5,502.1,,,1,0,0,1
906537385913500,1790932197.523345,12523,tx,1921.4,213.1,553.0,,,1,0,0,1
906537529248800,1790932197.666682,12666,tx,2599.7,161.2,488.1,,,1,0,0,1
906537710490600,1790932197.847925,12847,tx,1236.9,212.0,346.7,,,1,0,0,1
906537859525500,1790932197.996962,12996,tx,1584.1,219.8,448.8,,,1,0,0,1
906538001888500,1790932198.139326,13139,tx,1837.5,175.8,483.5,,,1,0,0,1
906538142334300,1790932198.279774,13279,tx,58411.9,286.1,742.6,,,1,0,0,1
906538302497500,1790932198.439938,13439,tx,1273.0,213.1,383.0,,,1,0,0,1
906538442923800,1790932198.580366,13580,tx,1876.5,229.0,490.3,,,1,0,0,1
906538584489600,1790932198.721933,13721,tx,2071.1,239.3,686.7,,,1,0,0,1
906538723364000,1790932198.860809,13860,tx,1564.1,221.4,436.7,,,1,0,0,1
906538866273200,1790932199.003720,14003,tx,1360.6,283.8,512.1,,,1,0,0,1
906539008319100,1790932199.145767,14145,tx,1900.1,176.4,555.8,,,1,0,0,1
906539148210700,1790932199.285660,14285,tx,62836.5,333.2,562.6,,,1,0,0,1
906539333068300,1790932199.470520,14470,tx,1841.3,441.8,715.0,,,1,0,0,1
906539475174400,1790932199.612627,14612,tx,10376.0,192.6,542.4,,,1,0,0,1
906539617300200,1790932199.754755,14754,tx,1527.0,256.5,538.7,,,1,0,0,1
906539756004900,1790932199.893461,14893,tx,1954.6,157.1,372.4,,,1,0,0,1
906539898453200,1790932200.035911,35,tx,1478.9,150.9,515.3,,,1,0,0,1
906540037195900,1790932200.174655,174,tx,8983.3,289.4,575.8,,,1,0,0,1
906540191295900,1790932200.328757,328,tx,2028.7,215.3,419.4,,,1,0,0,1
906540339876100,1790932200.477338,477,tx,2828.7,426.2,765.4,,,1,0,0,1
906540491290300,1790932200.628754,628,tx,5074.6,227.6,467.3,,,1,0,0,1
906540629211900,1790932200.766677,766,tx,1785.2,305.0,541.5,,,1,0,0,1
906540773126800,1790932200.910594,910,tx,1337.9,383.5,587.2,,,1,0,0,1
906540914755100,1790932201.052223,1052,tx,28047.2,219.4,1105.0,,,1,0,0,1
906541069398000,1790932201.206867,1206,tx,2016.8,269.4,603.7,,,1,0,0,1
906541221260700,1790932201.358732,1358,tx,1702.7,413.8,532.7,,,1,0,0,1
906541361949600,1790932201.499422,1499,tx,1291.6,246.1,427.6,,,1,0,0,1
906541503499500,1790932201.640974,1640,tx,1443.1,191.4,415.8,,,1,0,0,1
906541643876100,1790932201.781352,1781,tx,1370.6,203.3,406.3,,,1,0,0,1
906541784619700,1790932201.922097,1922,tx,11052.7,252.4,677.4,,,1,0,0,1
906541926486700,1790932202.063965,2063,tx,2162.3,231.5,667.5,,,1,0,0,1
906542067809800,1790932202.205290,2205,tx,2296.3,366.3,875.9,,,1,0,0,1
906542207530500,1790932202.345012,2345,tx,1751.5,193.1,364.2,,,1,0,0,1
906542350363200,1790932202.487846,2487,tx,2778.4,210.6,714.0,,,1,0,0,1
906542492644500,1790932202.630129,2630,tx,1897.8,258.3,443.1,,,1,0,0,1
906542636145200,1790932202.773631,2773,tx,1512.2,333.0,589.8,,,1,0,0,1
906542775072900,1790932202.912560,2912,tx,1025.8,170.1,351.5,,,1,0,0,1
906542918229100,1790932203.055718,3055,tx,1312.4,348.1,557.4,,,1,0,0,1
906543058144100,1790932203.195635,3195,tx,1714.0,319.0,631.6,,,1,0,0,1
906543214607700,1790932203.352100,3352,tx,2712.8,172.2,335.5,,,1,0,0,1
906543354403500,1790932203.491897,3491,tx,1049.6,204.4,350.6,,,1,0,0,1
906543495272400,1790932203.632767,3632,tx,3407.1,206.0,829.6,,,1,0,0,1
906543633732000,1790932203.771228,3771,tx,3925.4,508.9,909.6,,,1,0,0,1
906543774891900,1790932203.912390,3912,tx,1656.9,218.5,403.2,,,1,0,0,1
906543916248400,1790932204.053748,4053,tx,1561.5,388.9,564.6,,,1,0,0,1
906544058739400,1790932204.196240,4196,tx,1496.3,219.5,463.4,,,1,0,0,1
906544229965800,1790932204.367469,4367,tx,1359.5,186.3,386.8,,,1,0,0,1
906544373588200,1790932204.511092,4511,tx,1746.8,283.0,624.4,,,1,0,0,1
906544513729400,1790932204.651235,4651,tx,1247.1,261.4,460.4,,,1,0,0,1
906544656151300,1790932204.793658,4793,tx,1309.7,387.4,562.1,,,1,0,0,1
906544796015100,1790932204.933524,4933,tx,1770.0,217.2,407.8,,,1,0,0,1
906544936589900,1790932205.074099,5074,tx,2657.1,298.1,675.9,,,1,0,0,1
906545076706900,1790932205.214218,5214,tx,6793.3,199.9,525.7,,,1,0,0,1
906545217746900,1790932205.355260,5355,tx,7596.1,208.6,367.5,,,1,0,0,1
906545357889100,1790932205.495404,5495,tx,1878.6,354.9,807.8,,,1,0,0,1
906545499872100,1790932205.637388,5637,tx,22452.2,466.4,817.5,,,1,0,0,1
906545655883300,1790932205.793401,5793,tx,1504.6,204.7,448.9,,,1,0,0,1
906545798192700,1790932205.935712,5935,tx,2633.0,250.4,669.2,,,1,0,0,1
906545939711800,1790932206.077232,6077,tx,18829.3,290.4,678.2,,,1,0,0,1
906546080326900,1790932206.217849,6217,tx,1400.6,257.9,438.5,,,1,0,0,1
906546221925300,1790932206.359449,6359,tx,2297.8,183.1,451.7,,,1,0,0,1
906546365481600,1790932206.503006,6503,tx,1279.2,234.2,441.5,,,1,0,0,1
906546506707300,1790932206.644233,6644,tx,4844.9,239.7,529.1,,,1,0,0,1
906546645899800,1790932206.783427,6783,tx,2453.0,443.7,758.9,,,1,0,0,1
906546787067800,1790932206.924597,6924,tx,1955.3,300.1,680.6,,,1,0,0,1
906546928000600,1790932207.065530,7065,tx,36828.9,287.7,742.3,,,1,0,0,1
906547068828800,1790932207.206361,7206,tx,1654.8,290.2,587.5,,,1,0,0,1
906547234224200,1790932207.371758,7371,tx,1382.9,360.2,497.3,,,1,0,0,1
906547383120600,1790932207.520656,7520,tx,1506.9,444.0,667.3,,,1,0,0,1
906547525397000,1790932207.662934,7662,tx,1494.0,231.7,455.2,,,1,0,0,1
906547667755400,1790932207.805293,7805,tx,23043.3,273.9,955.1,,,1,0,0,1
906547807584300,1790932207.945124,7945,tx,8168.2,135.9,300.9,,,1,0,0,1
906547945955900,1790932208.083497,8083,tx,1151.1,242.3,410.7,,,1,0,0,1
906548089916300,1790932208.227459,8227,tx,1286.4,191.2,380.1,,,1,0,0,1
906548231331200,1790932208.368876,8368,tx,1576.9,271.4,459.5,,,1,0,0,1
906548371584200,1790932208.509130,8509,tx,1720.0,250.4,527.3,,,1,0,0,1
906548511869400,1790932208.649416,8649,tx,2469.2,200.2,396.0,,,1,0,0,1
906548653920300,1790932208.791469,8791,tx,3047.3,417.4,769.8,,,1,0,0,1
906548793300300,1790932208.930850,8930,tx,1424.3,226.6,429.6,,,1,0,0,1
906548933680500,1790932209.071232,9071,tx,1463.1,220.6,613.7,,,1,0,0,1
906549073826800,1790932209.211380,9211,tx,1632.4,255.6,503.3,,,1,0,0,1
906549215543000,1790932209.353097,9353,tx,1120.2,185.5,353.8,,,1,0,0,1
906549356587900,1790932209.494144,9494,tx,1349.5,178.8,356.8,,,1,0,0,1
906549498560400,1790932209.636117,9636,tx,1425.8,208.3,406.8,,,1,0,0,1
906549657454100,1790932209.795013,9795,tx,48640.4,177.7,364.7,,,1,0,0,1
906549824087100,1790932209.961648,9961,tx,2238.4,228.7,623.2,,,1,0,0,1
906549970050600,1790932210.107612,10107,tx,2148.1,256.4,783.6,,,1,0,0,1
906550110222000,1790932210.247786,10247,tx,1627.9,312.9,494.8,,,1,0,0,1
906550249751100,1790932210.387316,10387,tx,1223.3,188.8,378.6,,,1,0,0,1
906550390042200,1790932210.527609,10527,tx,1359.7,196.7,420.1,,,1,0,0,1
906550530150300,1790932210.667718,10667,tx,1612.3,392.5,576.7,,,1,0,0,1
906550671346500,1790932210.808916,10808,tx,15437.8,291.5,479.1,,,1,0,0,1
906550815129500,1790932210.952700,10952,tx,2607.4,216.0,828.5,,,1,0,0,1
906550955470300,1790932211.093043,11093,tx,1300.6,231.2,465.6,,,1,0,0,1
906551097240400,1790932211.234814,11234,tx,1331.4,355.3,494.3,,,1,0,0,1
906551236582700,1790932211.374158,11374,tx,2343.9,156.9,418.3,,,1,0,0,1
906551378623300,1790932211.516199,11516,tx,2335.1,435.6,815.1,,,1,0,0,1
906551519196300,1790932211.656775,11656,tx,14628.8,276.2,533.0,,,1,0,0,1
906551736245300,1790932211.873826,11873,tx,12813.5,308.8,532.1,,,1,0,0,1
906551880236200,1790932212.017818,12017,tx,1291.4,300.3,471.1,,,1,0,0,1
906552021066100,1790932212.158650,12158,tx,1232.5,179.7,350.2,,,1,0,0,1
906552162515300,1790932212.300100,12300,tx,24259.9,171.3,705.7,,,1,0,0,1
906552303619300,1790932212.441206,12441,tx,1955.3,291.7,639.3,,,1,0,0,1
906552447760800,1790932212.585349,12585,tx,1577.6,193.8,402.6,,,1,0,0,1
906552589283800,1790932212.726872,12726,tx,5707.8,314.2,770.0,,,1,0,0,1
906552745413800,1790932212.883005,12883,tx,1197.7,220.8,380.1,,,1,0,0,1
906552885084300,1790932213.022677,13022,tx,1252.5,182.5,370.2,,,1,0,0,1
906553025646600,1790932213.163241,13163,tx,1455.7,234.5,441.1,,,1,0,0,1
906553168015000,1790932213.305609,13305,tx,71705.5,257.1,698.0,,,1,0,0,1
906553358298400,1790932213.495896,13495,tx,3650.8,220.2,488.3,,,1,0,0,1
906553497450100,1790932213.635049,13635,tx,1476.5,280.5,478.8,,,1,0,0,1
906553636615700,1790932213.774216,13774,tx,1935.4,210.4,415.9,,,1,0,0,1
906553776854300,1790932213.914456,13914,tx,1511.3,254.0,480.8,,,1,0,0,1
906553916823200,1790932214.054427,14054,tx,1385.2,163.5,501.3,,,1,0,0,1
906554073414100,1790932214.211019,14211,tx,1921.2,247.3,514.5,,,1,0,0,1
906554215130100,1790932214.352737,14352,tx,1928.6,473.5,616.0,,,1,0,0,1
906554355946300,1790932214.493554,14493,tx,1557.8,437.8,755.2,,,1,0,0,1
906554498675100,1790932214.636285,14636,tx,1308.0,239.9,427.6,,,1,0,0,1
906554640270200,1790932214.777881,14777,tx,2101.5,277.6,603.8,,,1,0,0,1
906554780085600,1790932214.917698,14917,tx,1295.4,178.9,363.9,,,1,0,0,1
906554923637000,1790932215.061250,61,tx,12948.0,454.7,1014.2,,,1,0,0,1
906555073036000,1790932215.210651,210,tx,1979.9,436.6,648.5,,,1,0,0,1
906555214093900,1790932215.351711,351,tx,1448.0,414.2,620.8,,,1,0,0,1
906555353022200,1790932215.490640,490,tx,8706.5,433.1,709.6,,,1,0,0,1
906555503031100,1790932215.640651,640,tx,1442.1,232.6,427.5,,,1,0,0,1
906555647284900,1790932215.784906,784,tx,1961.8,233.8,520.2,,,1,0,0,1
906555794200400,1790932215.931823,931,tx,1416.0,369.0,569.3,,,1,0,0,1
906555938197300,1790932216.075820,1075,tx,1350.1,386.5,574.4,,,1,0,0,1
906556094037700,1790932216.231664,1231,tx,2077.0,425.1,750.2,,,1,0,0,1
906556246608400,1790932216.384235,1384,tx,9319.5,237.7,505.8,,,1,0,0,1
906556389484500,1790932216.527113,1527,tx,1333.0,182.7,334.0,,,1,0,0,1
906556532572300,1790932216.670203,1670,tx,3139.7,190.0,694.0,,,1,0,0,1
906556683109200,1790932216.820741,1820,tx,1449.2,209.9,324.1,,,1,0,0,1
906556833251900,1790932216.970886,1970,tx,1609.8,294.6,520.5,,,1,0,0,1
906556974367700,1790932217.112003,2112,tx,1848.1,205.6,673.1,,,1,0,0,1
906557116156100,1790932217.253793,2253,tx,3670.4,378.7,564.5,,,1,0,0,1
906557257892300,1790932217.395530,2395,tx,1196.7,204.5,395.9,,,1,0,0,1
906557398157100,1790932217.535796,2535,tx,3029.5,332.8,603.9,,,1,0,0,1
906557539739800,1790932217.677381,2677,tx,1229.1,165.7,383.7,,,1,0,0,1
906557738436900,1790932217.876080,2876,tx,1236.9,211.3,416.3,,,1,0,0,1
906557886114400,1790932218.023759,3023,tx,9264.8,178.5,363.1,,,1,0,0,1
906558028906600,1790932218.166553,3166,tx,2056.5,178.0,456.2,,,1,0,0,1
906558193294800,1790932218.330943,3330,tx,1308.3,311.3,446.1,,,1,0,0,1
906558342951500,1790932218.480601,3480,tx,2510.6,273.0,931.0,,,1,0,0,1
906558483990700,1790932218.621641,3621,tx,1432.8,207.2,386.6,,,1,0,0,1
906558626611800,1790932218.764264,3764,tx,2039.6,287.6,798.5,,,1,0,0,1
906558767720800,1790932218.905375,3905,tx,1606.2,189.4,394.5,,,1,0,0,1
906558907399600,1790932219.045055,4045,tx,1404.5,205.4,391.4,,,1,0,0,1
906559048600200,1790932219.186257,4186,tx,1572.3,184.1,419.3,,,1,0,0,1
906559230236900,1790932219.367896,4367,tx,1608.2,421.4,525.7,,,1,0,0,1
906559376249200,1790932219.513909,4513,tx,2194.9,281.1,489.1,,,1,0,0,1
906559517043700,1790932219.654706,4654,tx,8830.9,439.9,658.3,,,1,0,0,1
906559657452200,1790932219.795115,4795,tx,27502.7,261.5,451.2,,,1,0,0,1
906559798413400,1790932219.936077,4936,tx,3995.8,222.4,535.6,,,1,0,0,1
906559939777600,1790932220.077443,5077,tx,2596.2,398.0,966.9,,,1,0,0,1
906560096044100,1790932220.233712,5233,tx,1759.7,416.9,631.4,,,1,0,0,1
906560237681500,1790932220.375351,5375,tx,1700.1,210.7,408.4,,,1,0,0,1
906560377859600,1790932220.515530,5515,tx,1721.5,367.1,724.2,,,1,0,0,1
906560518781600,1790932220.656454,5656,tx,1375.0,204.1,395.3,,,1,0,0,1
906560659767600,1790932220.797441,5797,tx,72322.1,158.1,332.3,,,1,0,0,1
906560849613400,1790932220.987289,5987,tx,1726.6,219.1,448.7,,,1,0,0,1
906561003544500,1790932221.141222,6141,tx,1321.4,224.8,406.0,,,1,0,0,1
906561146842000,1790932221.284521,6284,tx,1155.0,195.6,389.2,,,1,0,0,1
906561287146100,1790932221.424826,6424,tx,1543.6,367.8,603.0,,,1,0,0,1
906561430588200,1790932221.568270,6568,tx,1578.2,248.2,483.7,,,1,0,0,1
906561570681000,1790932221.708364,6708,tx,1050.6,150.7,324.6,,,1,0,0,1
906561716297400,1790932221.853982,6853,tx,4088.1,239.2,440.1,,,1,0,0,1
906561867444600,1790932222.005131,7005,tx,1468.2,279.0,470.6,,,1,0,0,1
906562009628700,1790932222.147316,7147,tx,1561.2,239.9,486.5,,,1,0,0,1
906562149303300,1790932222.286992,7286,tx,81823.1,297.7,512.0,,,1,0,0,1
906562355798700,1790932222.493489,7493,tx,3553.0,434.7,854.1,,,1,0,0,1
906562493410000,1790932222.631103,7631,tx,1596.4,232.8,426.7,,,1,0,0,1
906562635974400,1790932222.773668,7773,tx,1391.2,187.9,390.0,,,1,0,0,1
906562777624700,1790932222.915320,7915,tx,3417.3,430.8,919.4,,,1,0,0,1
906562918755600,1790932223.056453,8056,tx,16348.7,166.0,374.5,,,1,0,0,1
906563058455700,1790932223.196154,8196,tx,1942.8,222.8,487.7,,,1,0,0,1
906563208278100,1790932223.345978,8345,tx,1745.6,152.5,406.2,,,1,0,0,1
906563358001000,1790932223.495702,8495,tx,3884.5,165.7,338.9,,,1,0,0,1
906563499684600,1790932223.637388,8637,tx,1347.5,180.5,366.2,,,1,0,0,1
906563641726600,1790932223.779431,8779,tx,1309.0,214.3,386.9,,,1,0,0,1
906563782394000,1790932223.920099,8920,tx,10745.8,215.9,1008.6,,,1,0,0,1
906563923005500,1790932224.060713,9060,tx,1792.2,165.4,348.2,,,1,0,0,1
906564063764400,1790932224.201473,9201,tx,1476.1,216.5,421.1,,,1,0,0,1
906564206480500,1790932224.344191,9344,tx,1321.2,170.6,374.9,,,1,0,0,1
906564348133800,1790932224.485846,9485,tx,1999.9,235.5,514.6,,,1,0,0,1
906564488757000,1790932224.626470,9626,tx,1172.6,222.3,462.7,,,1,0,0,1
906564629601800,1790932224.767317,9767,tx,1228.8,176.8,345.9,,,1,0,0,1
906564771508500,1790932224.909225,9909,tx,10903.1,181.0,604.5,,,1,0,0,1
906564913862500,1790932225.051580,10051,tx,1380.1,222.1,416.5,,,1,0,0,1
906565055552000,1790932225.193271,10193,tx,1230.8,224.5,403.4,,,1,0,0,1
906565232999700,1790932225.370721,10370,tx,1454.8,233.7,386.7,,,1,0,0,1
906565384104900,1790932225.521827,10521,tx,2289.1,390.4,655.2,,,1,0,0,1
906565526328700,1790932225.664052,10664,tx,4954.8,286.3,677.6,,,1,0,0,1
906565685152300,1790932225.822878,10822,tx,1094.8,177.5,315.1,,,1,0,0,1
906565838256300,1790932225.975983,10975,tx,2615.4,174.6,472.4,,,1,0,0,1
906565977630200,1790932226.115359,11115,tx,8272.9,176.4,625.0,,,1,0,0,1
906566118665300,1790932226.256396,11256,tx,1764.6,284.1,521.0,,,1,0,0,1
906566258976900,1790932226.396708,11396,tx,1352.9,235.0,424.7,,,1,0,0,1
906566400532000,1790932226.538264,11538,tx,3055.2,305.2,802.0,,,1,0,0,1
906566541377400,1790932226.679112,11679,tx,1257.3,181.8,376.8,,,1,0,0,1
906566737152100,1790932226.874889,11874,tx,5811.3,404.2,570.4,,,1,0,0,1
906566888293200,1790932227.026031,12026,tx,1240.2,195.0,415.4,,,1,0,0,1
906567030278300,1790932227.168018,12168,tx,1384.2,234.3,464.3,,,1,0,0,1
906567188366300,1790932227.326108,12326,tx,1350.1,199.1,446.6,,,1,0,0,1
906567332934600,1790932227.470678,12470,tx,1433.8,254.4,479.0,,,1,0,0,1
906567474175100,1790932227.611919,12611,tx,1988.4,305.1,572.8,,,1,0,0,1
906567617914400,1790932227.755660,12755,tx,12243.0,313.4,749.7,,,1,0,0,1
906567773611500,1790932227.911359,12911,tx,1390.0,295.0,511.0,,,1,0,0,1
906567913142800,1790932228.050891,13050,tx,2957.9,349.1,742.3,,,1,0,0,1
906568055752800,1790932228.193503,13193,tx,2582.7,194.2,388.7,,,1,0,0,1
906568240417200,1790932228.378170,13378,tx,7821.9,235.0,408.9,,,1,0,0,1
906568386537300,1790932228.524291,13524,tx,1396.6,240.3,423.2,,,1,0,0,1
906568528739200,1790932228.666494,13666,tx,1711.2,205.9,421.8,,,1,0,0,1
906568669693600,1790932228.807450,13807,tx,21101.3,196.7,466.8,,,1,0,0,1
906568809486200,1790932228.947244,13947,tx,3508.2,320.3,700.8,,,1,0,0,1
906568951297500,1790932229.089057,14089,tx,1618.2,233.9,651.4,,,1,0,0,1
906569093436900,1790932229.231198,14231,tx,1950.8,241.1,523.6,,,1,0,0,1
906569233601800,1790932229.371365,14371,tx,1433.9,269.4,467.1,,,1,0,0,1
906569376486200,1790932229.514250,14514,tx,3126.5,179.7,429.3,,,1,0,0,1
906569517987700,1790932229.655753,14655,tx,1487.9,179.2,424.2,,,1,0,0,1
906569660479600,1790932229.798246,14798,tx,73108.6,255.6,688.8,,,1,0,0,1
906569846842700,1790932229.984611,14984,tx,1589.1,276.4,603.8,,,1,0,0,1
906569990083500,1790932230.127854,127,tx,1794.1,351.3,608.0,,,1,0,0,1
906570127978800,1790932230.265750,265,tx,20080.1,381.9,723.6,,,1,0,0,1
906570267979800,1790932230.405753,405,tx,3091.9,204.1,1012.6,,,1,0,0,1
906570412676600,1790932230.550452,550,tx,1581.6,228.5,425.8,,,1,0,0,1
906570562932800,1790932230.700708,700,tx,12235.9,353.7,766.2,,,1,0,0,1
906570716585100,1790932230.854363,854,tx,7472.4,227.5,390.6,,,1,0,0,1
906570865981200,1790932231.003760,1003,tx,3164.1,346.6,812.1,,,1,0,0,1
906571008810200,1790932231.146591,1146,tx,11704.1,247.2,1277.7,,,1,0,0,1
906571149516100,1790932231.287298,1287,tx,1291.1,207.0,398.3,,,1,0,0,1
906571290857000,1790932231.428640,1428,tx,1367.8,189.2,459.9,,,1,0,0,1
906571432462800,1790932231.570247,1570,tx,3566.9,279.6,770.9,,,1,0,0,1
906571572142100,1790932231.709929,1709,tx,1428.2,417.1,595.4,,,1,0,0,1
906571713838000,1790932231.851626,1851,tx,1401.5,229.1,428.7,,,1,0,0,1
906571854356400,1790932231.992146,1992,tx,3084.5,246.8,595.9,,,1,0,0,1
906571996071100,1790932232.133863,2133,tx,2283.1,256.3,646.0,,,1,0,0,1
906572138766800,1790932232.276560,2276,tx,1287.4,183.8,412.2,,,1,0,0,1
906572280576200,1790932232.418370,2418,tx,2618.6,279.6,596.9,,,1,0,0,1
906572421056200,1790932232.558852,2558,tx,1807.0,424.3,667.1,,,1,0,0,1
906572563458400,1790932232.701256,2701,tx,1326.4,204.2,467.4,,,1,0,0,1
906572730357500,1790932232.868157,2868,tx,1217.6,297.9,434.2,,,1,0,0,1
906572872054600,1790932233.009855,3009,tx,13764.6,358.6,689.4,,,1,0,0,1
906573009559400,1790932233.147361,3147,tx,1557.8,151.2,488.6,,,1,0,0,1
906573155360500,1790932233.293164,3293,tx,1209.1,239.1,422.8,,,1,0,0,1
906573296430800,1790932233.434235,3434,tx,7701.9,292.4,674.4,,,1,0,0,1
906573438060700,1790932233.575867,3575,tx,1812.5,407.2,624.4,,,1,0,0,1
906573580182200,1790932233.717990,3717,tx,1870.0,270.9,541.0,,,1,0,0,1
906573720045400,1790932233.857855,3857,tx,1135.7,142.9,328.9,,,1,0,0,1
906573862054500,1790932233.999865,3999,tx,1479.9,161.6,625.1,,,1,0,0,1
906574004707800,1790932234.142520,4142,tx,1337.7,227.4,437.2,,,1,0,0,1
906574148807700,1790932234.286621,4286,tx,1892.8,301.0,573.8,,,1,0,0,1
906574288893500,1790932234.426708,4426,tx,12166.2,244.0,967.7,,,1,0,0,1
906574430192900,1790932234.568010,4568,tx,1388.0,322.7,513.8,,,1,0,0,1
906574574098100,1790932234.711916,4711,tx,1662.2,428.2,658.5,,,1,0,0,1
906574716117500,1790932234.853937,4853,tx,1440.9,437.7,645.6,,,1,0,0,1
906574857043300,1790932234.994864,4994,tx,1600.4,326.4,694.0,,,1,0,0,1
906574998851700,1790932235.136674,5136,tx,1506.4,242.2,465.9,,,1,0,0,1
906575138413700,1790932235.276238,5276,tx,1579.8,280.4,516.3,,,1,0,0,1
906575279880300,1790932235.417706,5417,tx,1587.0,280.2,509.6,,,1,0,0,1
906575420246200,1790932235.558059,5558,tx,1306.1,352.6,542.4,,,1,0,0,1
906575561115400,1790932235.698944,5698,tx,1503.3,424.3,646.7,,,1,0,0,1
906575737061500,1790932235.874892,5874,tx,1296.8,160.4,297.2,,,1,0,0,1
906575876037000,1790932236.013869,6013,tx,1320.7,215.0,381.4,,,1,0,0,1
906576018006700,1790932236.155839,6155,tx,5680.3,355.6,828.2,,,1,0,0,1
906576158763500,1790932236.296598,6296,tx,27001.4,222.7,504.9,,,1,0,0,1
906576299114500,1790932236.436950,6436,tx,1622.7,420.9,621.7,,,1,0,0,1
906576440250500,1790932236.578088,6578,tx,2590.0,278.7,532.5,,,1,0,0,1
906576581483200,1790932236.719321,6719,tx,10997.2,227.0,563.1,,,1,0,0,1
906576722474200,1790932236.860315,6860,tx,2189.9,143.4,562.0,,,1,0,0,1
906576864272600,1790932237.002114,7002,tx,2700.0,294.3,655.1,,,1,0,0,1
906577006385800,1790932237.144229,7144,tx,1525.8,227.8,437.8,,,1,0,0,1
906577148671600,1790932237.286516,7286,tx,1488.8,215.3,405.2,,,1,0,0,1
906577289878200,1790932237.427725,7427,tx,1232.6,220.7,408.6,,,1,0,0,1
906577429616700,1790932237.567464,7567,tx,1841.3,230.3,496.5,,,1,0,0,1
906577571897700,1790932237.709747,7709,tx,4932.6,213.4,371.7,,,1,0,0,1
906577713415100,1790932237.851265,7851,tx,1339.6,223.9,465.9,,,1,0,0,1
906577854121000,1790932237.991973,7991,tx,1394.2,402.8,601.2,,,1,0,0,1
906577994968600,1790932238.132822,8132,tx,2095.2,133.0,395.2,,,1,0,0,1
906578135299200,1790932238.273154,8273,tx,1306.0,257.2,448.2,,,1,0,0,1
906578276245900,1790932238.414103,8414,tx,1313.2,371.4,577.9,,,1,0,0,1
906578416614200,1790932238.554472,8554,tx,1287.8,163.1,353.4,,,1,0,0,1
906578557965800,1790932238.695825,8695,tx,12116.7,385.6,723.8,,,1,0,0,1
906578734123100,1790932238.871985,8871,tx,7437.2,136.8,280.0,,,1,0,0,1
906578872040700,1790932239.009904,9009,tx,1999.6,439.5,692.7,,,1,0,0,1
906579012829800,1790932239.150694,9150,tx,1394.3,232.4,463.1,,,1,0,0,1
906579153376300,1790932239.291242,9291,tx,2037.1,236.4,520.3,,,1,0,0,1
906579294333800,1790932239.432201,9432,tx,1900.9,231.2,509.7,,,1,0,0,1
906579439423500,1790932239.577292,9577,tx,1488.4,229.3,411.2,,,1,0,0,1
906579581844800,1790932239.719715,9719,tx,1912.9,414.8,818.6,,,1,0,0,1
906579723235700,1790932239.861108,9861,tx,1440.9,366.4,550.1,,,1,0,0,1
906579864336600,1790932240.002209,10002,tx,17105.8,257.1,524.0,,,1,0,0,1
906580002711500,1790932240.140586,10140,tx,1554.9,230.0,600.6,,,1,0,0,1
906580148753000,1790932240.286629,10286,tx,1417.2,224.4,410.5,,,1,0,0,1
906580291319800,1790932240.429198,10429,tx,2104.0,252.2,476.8,,,1,0,0,1
906580433228200,1790932240.571107,10571,tx,2247.3,240.2,529.0,,,1,0,0,1
906580574692800,1790932240.712574,10712,tx,1378.6,205.7,553.9,,,1,0,0,1
906580715524200,1790932240.853406,10853,tx,1370.0,232.1,445.5,,,1,0,0,1
906580860101200,1790932240.997985,10997,tx,1516.0,430.6,636.2,,,1,0,0,1
906581001126200,1790932241.139011,11139,tx,1620.6,417.0,624.4,,,1,0,0,1
906581142584100,1790932241.280469,11280,tx,2722.0,433.0,1025.2,,,1,0,0,1
906581285026200,1790932241.422914,11422,tx,6479.9,188.7,371.9,,,1,0,0,1
906581426997900,1790932241.564887,11564,tx,1515.7,389.7,692.1,,,1,0,0,1
906581566322800,1790932241.704214,11704,tx,3408.5,832.8,1335.1,,,1,0,0,1
906581731422600,1790932241.869315,11869,tx,2787.4,228.1,407.4,,,1,0,0,1
906581877547600,1790932242.015441,12015,tx,1552.9,202.2,441.1,,,1,0,0,1
906582019340300,1790932242.157236,12157,tx,1067.7,208.5,388.2,,,1,0,0,1
906582161835800,1790932242.299733,12299,tx,26943.0,357.0,595.3,,,1,0,0,1
906582302861100,1790932242.440760,12440,tx,1392.1,210.9,395.2,,,1,0,0,1
906582442014200,1790932242.579914,12579,tx,1493.9,402.0,705.4,,,1,0,0,1
906582583761500,1790932242.721663,12721,tx,1993.8,268.5,575.0,,,1,0,0,1
906582725380600,1790932242.863284,12863,tx,1409.1,185.2,390.6,,,1,0,0,1
906582864917100,1790932243.002822,13002,tx,1232.4,170.9,369.9,,,1,0,0,1
906583005929700,1790932243.143834,13143,tx,3106.2,492.5,806.0,,,1,0,0,1
906583148040600,1790932243.285948,13285,tx,81089.6,370.5,660.1,,,1,0,0,1
906583347383800,1790932243.485293,13485,tx,1924.5,206.2,446.7,,,1,0,0,1
906583491507100,1790932243.629418,13629,tx,1279.6,166.0,403.8,,,1,0,0,1
906583631000800,1790932243.768913,13768,tx,2283.9,423.1,700.7,,,1,0,0,1
906583772407200,1790932243.910320,13910,tx,2146.7,286.5,557.2,,,1,0,0,1
906583913507100,1790932244.051422,14051,tx,17043.4,193.7,389.1,,,1,0,0,1
906584054377600,1790932244.192294,14192,tx,1571.3,206.4,459.7,,,1,0,0,1
906584211552800,1790932244.349471,14349,tx,1257.8,202.9,342.6,,,1,0,0,1
906584353758700,1790932244.491679,14491,tx,8696.6,204.4,558.3,,,1,0,0,1
906584495691800,1790932244.633613,14633,tx,1091.9,200.0,392.3,,,1,0,0,1
906584652040400,1790932244.789963,14789,tx,2544.8,338.7,691.5,,,1,0,0,1
906584792444500,1790932244.930369,14930,tx,2974.8,190.2,389.3,,,1,0,0,1
906584941676900,1790932245.079603,79,tx,1459.3,182.9,366.1,,,1,0,0,1
906585079960500,1790932245.217888,217,tx,1277.0,203.5,383.5,,,1,0,0,1
906585218730100,1790932245.356659,356,tx,1222.1,181.4,370.5,,,1,0,0,1
906585369809900,1790932245.507740,507,tx,1695.2,233.3,555.7,,,1,0,0,1
906585508724400,1790932245.646656,646,tx,2112.1,253.1,545.2,,,1,0,0,1
906585661703500,1790932245.799637,799,tx,48909.3,253.7,495.3,,,1,0,0,1
906585834513800,1790932245.972449,972,tx,1533.2,264.2,547.6,,,1,0,0,1
906585985889900,1790932246.123827,1123,tx,8525.5,213.7,404.9,,,1,0,0,1
906586128640500,1790932246.266579,1266,tx,1532.7,214.7,457.3,,,1,0,0,1
906586269613600,1790932246.407553,1407,tx,3043.6,297.1,615.9,,,1,0,0,1
906586409777800,1790932246.547719,1547,tx,1256.5,228.7,439.8,,,1,0,0,1
906586552011800,1790932246.689954,1689,tx,1179.9,193.6,411.0,,,1,0,0,1
906586693433200,1790932246.831378,1831,tx,1495.3,201.8,582.4,,,1,0,0,1
906586835943900,1790932246.973890,1973,tx,1397.3,206.3,433.3,,,1,0,0,1
906586977787500,1790932247.115735,2115,tx,8673.8,204.3,393.8,,,1,0,0,1
906587137890300,1790932247.275839,2275,tx,2264.2,317.2,662.5,,,1,0,0,1
906587280651800,1790932247.418602,2418,tx,2253.1,388.5,820.1,,,1,0,0,1
906587418897200,1790932247.556849,2556,tx,7331.4,164.9,407.4,,,1,0,0,1
906587561968500,1790932247.699921,2699,tx,1804.0,223.3,470.0,,,1,0,0,1
906587730001100,1790932247.867956,2867,tx,1269.9,173.5,353.1,,,1,0,0,1
906587872471800,1790932248.010428,3010,tx,2058.8,212.9,450.7,,,1,0,0,1
906588012453500,1790932248.150412,3150,tx,1303.9,163.0,538.3,,,1,0,0,1
906588151799500,1790932248.289758,3289,tx,5152.3,522.5,894.0,,,1,0,0,1
906588290970400,1790932248.428931,3428,tx,9141.7,406.0,703.3,,,1,0,0,1
906588448336400,1790932248.586299,3586,tx,1566.0,169.6,523.6,,,1,0,0,1
906588589481600,1790932248.727445,3727,tx,1961.5,243.0,525.0,,,1,0,0,1
906588728444500,1790932248.866409,3866,tx,8057.4,223.3,417.1,,,1,0,0,1
906588871341000,1790932249.009308,4009,tx,1320.6,254.4,402.9,,,1,0,0,1
906589012896100,1790932249.150864,4150,tx,1325.4,236.3,433.8,,,1,0,0,1
906589170314900,1790932249.308285,4308,tx,63226.3,261.3,494.4,,,1,0,0,1
906589370689800,1790932249.508661,4508,tx,5138.9,281.6,1184.9,,,1,0,0,1
906589513789500,1790932249.651763,4651,tx,1333.3,214.2,415.3,,,1,0,0,1
906589655311400,1790932249.793287,4793,tx,1297.6,210.2,480.0,,,1,0,0,1
906589796677800,1790932249.934654,4934,tx,3542.2,253.7,634.4,,,1,0,0,1
906589954300400,1790932250.092278,5092,tx,1391.0,330.0,462.1,,,1,0,0,1
906590095221100,1790932250.233201,5233,tx,1255.9,153.8,463.4,,,1,0,0,1
906590236251200,1790932250.374232,5374,tx,1483.9,309.9,481.1,,,1,0,0,1
906590377831700,1790932250.515814,5515,tx,1394.6,139.3,416.9,,,1,0,0,1
906590519690600,1790932250.657675,5657,tx,1547.1,207.6,397.2,,,1,0,0,1
906590661398800,1790932250.799384,5799,tx,1655.8,214.8,472.3,,,1,0,0,1
906590802845600,1790932250.940833,5940,tx,9312.3,217.9,383.5,,,1,0,0,1
906590942779200,1790932251.080768,6080,tx,1695.7,162.7,388.8,,,1,0,0,1
906591084639700,1790932251.222630,6222,tx,1589.8,272.0,586.8,,,1,0,0,1
906591224608600,1790932251.362600,6362,tx,1701.1,215.4,404.2,,,1,0,0,1
906591365561700,1790932251.503554,6503,tx,1354.0,235.1,513.8,,,1,0,0,1
906591507269400,1790932251.645264,6645,tx,1360.8,268.8,490.8,,,1,0,0,1
906591652311800,1790932251.790308,6790,tx,1456.2,201.8,449.3,,,1,0,0,1
906591793903600,1790932251.931901,6931,tx,1196.5,254.0,443.4,,,1,0,0,1
906591936233500,1790932252.074232,7074,tx,1235.8,341.2,530.7,,,1,0,0,1
906592076814100,1790932252.214814,7214,tx,2149.5,402.3,806.3,,,1,0,0,1
906592246156300,1790932252.384158,7384,tx,1696.7,470.7,645.7,,,1,0,0,1
906592389536100,1790932252.527539,7527,tx,2164.7,271.9,598.5,,,1,0,0,1
906592546941100,1790932252.684946,7684,tx,11968.9,418.9,785.8,,,1,0,0,1
906592699728800,1790932252.837736,7837,tx,7877.3,200.9,441.5,,,1,0,0,1
906592845622600,1790932252.983631,7983,tx,3528.3,341.2,1063.2,,,1,0,0,1
906592992567400,1790932253.130577,8130,tx,7227.1,160.6,336.1,,,1,0,0,1
906593142866200,1790932253.280878,8280,tx,1565.7,220.1,544.7,,,1,0,0,1
906593283871400,1790932253.421884,8421,tx,1884.7,216.0,596.0,,33389.2,1,0,0,1
906593424972900,1790932253.562987,8562,idle,8572.1,212.7,427.0,,,0,0,0,0
906593687181600,1790932253.825199,8825,idle,34588.1,,,,,0,0,0,0
906593833227100,1790932253.971246,8971,idle,3247.6,,,,,0,0,0,0
906593974704800,1790932254.112725,9112,idle,157937.4,,,,,0,0,0,1
906594236147200,1790932254.374170,9374,tx,2478.2,253.8,735.4,,,1,0,0,1
906594380990900,1790932254.519015,9519,tx,1867.4,227.3,696.8,,,1,0,0,1
906594522664500,1790932254.660690,9660,tx,13444.0,209.3,482.2,,,1,0,0,1
906594665770800,1790932254.803798,9803,tx,1361.0,179.8,326.9,,,1,0,0,1
906594805118800,1790932254.943147,9943,tx,1503.9,398.2,547.4,,,1,0,0,1
906594944318100,1790932255.082348,10082,tx,1521.2,168.4,385.8,,,1,0,0,1
906595083553500,1790932255.221585,10221,tx,2535.6,243.0,542.8,,,1,0,0,1
906595238465800,1790932255.376499,10376,tx,1600.1,164.4,359.1,,,1,0,0,1
906595380155400,1790932255.518189,10518,tx,4408.8,188.8,566.5,,,1,0,0,1
906595518674700,1790932255.656711,10656,tx,1231.2,161.4,360.5,,,1,0,0,1
906595658589300,1790932255.796626,10796,tx,1283.6,182.6,392.1,,,1,0,0,1
906595800295800,1790932255.938335,10938,tx,1453.1,162.3,640.8,,,1,0,0,1
906595940559800,1790932256.078600,11078,tx,19087.5,256.1,424.9,,,1,0,0,1
906596083537900,1790932256.221580,11221,tx,2716.9,227.8,412.6,,,1,0,0,1
906596222404200,1790932256.360447,11360,tx,1767.1,214.7,497.0,,,1,0,0,1
906596362501900,1790932256.500546,11500,tx,2774.5,274.0,649.4,,,1,0,0,1
906596502518100,1790932256.640564,11640,tx,1401.6,246.7,511.5,,,1,0,0,1
906596644876800,1790932256.782925,11782,tx,2219.6,145.9,412.0,,,1,0,0,1
906596785548700,1790932256.923598,11923,tx,1356.1,151.6,356.5,,,1,0,0,1
906596927971300,1790932257.066022,12066,tx,23193.7,309.3,684.5,,,1,0,0,1
906597082347600,1790932257.220400,12220,tx,3058.6,306.8,598.0,,,1,0,0,1
906597234306200,1790932257.372360,12372,tx,2480.3,233.6,965.3,,,1,0,0,1
906597373019200,1790932257.511075,12511,tx,4842.9,112.4,299.0,,,1,0,0,1
906597513742700,1790932257.651799,12651,tx,2350.2,150.8,399.4,,,1,0,0,1
906597653990300,1790932257.792048,12792,tx,1820.0,420.8,730.9,,,1,0,0,1
906597793453400,1790932257.931513,12931,tx,2398.5,257.0,513.6,,,1,0,0,1
906597933916600,1790932258.071978,13071,tx,1351.3,227.8,420.8,,,1,0,0,1
906598073937600,1790932258.212001,13212,tx,1669.9,148.9,307.4,,,1,0,0,1
906598240696100,1790932258.378760,13378,tx,6381.5,177.4,319.7,,,1,0,0,1
906598384652600,1790932258.522718,13522,tx,3923.9,143.4,655.7,,,1,0,0,1
906598526059100,1790932258.664126,13664,tx,1555.6,265.0,570.1,,,1,0,0,1
906598665512100,1790932258.803581,13803,tx,2436.2,220.5,618.7,,,1,0,0,1
906598805743300,1790932258.943813,13943,tx,1782.6,176.7,477.4,,,1,0,0,1
906598948654100,1790932259.086726,14086,tx,1374.5,214.2,422.6,,,1,0,0,1
906599090008300,1790932259.228081,14228,tx,2188.6,221.4,778.1,,,1,0,0,1
906599231038200,1790932259.369112,14369,tx,4024.9,441.4,680.4,,,1,0,0,1
906599371522800,1790932259.509598,14509,tx,1426.0,162.5,326.6,,,1,0,0,1
906599511562200,1790932259.649640,14649,tx,1393.4,211.1,438.4,,,1,0,0,1
906599653613400,1790932259.791691,14791,tx,1922.1,223.0,528.4,,,1,0,0,1
906599792559400,1790932259.930639,14930,tx,4664.7,228.3,570.1,,,1,0,0,1
906599930187000,1790932260.068269,68,tx,1628.5,293.2,505.4,,,1,0,0,1
906600080187600,1790932260.218271,218,tx,1217.2,344.2,519.0,,,1,0,0,1
906600234382600,1790932260.372468,372,tx,2538.2,340.0,1290.4,,,1,0,0,1
906600371762100,1790932260.509849,509,tx,1883.0,380.0,793.2,,,1,0,0,1
906600521644300,1790932260.659732,659,tx,1836.4,242.6,522.5,,,1,0,0,1
906600672897600,1790932260.810987,810,tx,28539.4,440.0,753.0,,,1,0,0,1
906600816740000,1790932260.954831,954,tx,1353.0,245.5,391.0,,,1,0,0,1
906600962846000,1790932261.100939,1100,tx,1925.6,214.5,499.9,,,1,0,0,1
906601104275500,1790932261.242370,1242,tx,1641.6,239.7,499.1,,,1,0,0,1
906601260903000,1790932261.398999,1398,tx,1211.7,251.0,441.4,,,1,0,0,1
906601401431400,1790932261.539529,1539,tx,1385.0,214.0,425.2,,,1,0,0,1
906601542142200,1790932261.680241,1680,tx,1396.6,376.9,583.6,,,1,0,0,1
906601683742000,1790932261.821842,1821,tx,56303.1,161.6,343.4,,,1,0,0,1
906601854812000,1790932261.992913,1992,tx,8751.3,298.6,767.4,,,1,0,0,1
906602013230700,1790932262.151334,2151,tx,1628.0,244.0,507.7,,,1,0,0,1
906602154258100,1790932262.292363,2292,tx,1997.8,140.3,347.8,,,1,0,0,1
906602294693100,1790932262.432800,2432,tx,15167.5,142.5,626.0,,,1,0,0,1
906602440258200,1790932262.578366,2578,tx,1449.4,268.6,489.4,,,1,0,0,1
906602592945100,1790932262.731053,2731,tx,1729.7,423.1,671.6,,,1,0,0,1
906602742931500,1790932262.881043,2881,tx,1148.3,176.3,303.7,,,1,0,0,1
906602888367000,1790932263.026480,3026,tx,1527.8,162.7,445.1,,,1,0,0,1
906603030169500,1790932263.168283,3168,tx,1409.4,309.7,524.0,,,1,0,0,1
906603187709400,1790932263.325825,3325,tx,59285.6,187.3,528.9,,,1,0,0,1
906603352802900,1790932263.490920,3490,tx,3329.8,479.7,904.5,,,1,0,0,1
906603497918500,1790932263.636037,3636,tx,9686.7,220.7,424.8,,,1,0,0,1
906603640681100,1790932263.778801,3778,tx,1817.6,245.3,630.1,,,1,0,0,1
906603781520800,1790932263.919642,3919,tx,1646.1,221.8,482.1,,,1,0,0,1
906603936936700,1790932264.075060,4075,tx,8226.4,173.3,361.8,,,1,0,0,1
906604092968100,1790932264.231093,4231,tx,1660.9,132.7,355.1,,,1,0,0,1
906604236152300,1790932264.374279,4374,tx,1429.1,398.2,606.1,,,1,0,0,1
906604375149700,1790932264.513278,4513,tx,2382.2,329.0,544.6,,,1,0,0,1
906604516209600,1790932264.654339,4654,tx,1988.8,229.4,685.9,,,1,0,0,1
906604656290000,1790932264.794421,4794,tx,1431.6,175.6,346.9,,,1,0,0,1
906604795926000,1790932264.934058,4934,tx,1252.3,259.2,454.7,,,1,0,0,1
906604933878100,1790932265.072012,5072,tx,13446.1,404.2,783.3,,,1,0,0,1
906605079858800,1790932265.217993,5217,tx,1973.6,217.5,502.4,,,1,0,0,1
906605220309700,1790932265.358447,5358,tx,2250.5,210.9,372.9,,,1,0,0,1
906605362239600,1790932265.500378,5500,tx,1524.8,216.0,524.3,,,1,0,0,1
906605504758100,1790932265.642898,5642,tx,2063.9,179.1,525.2,,,1,0,0,1
906605648304200,1790932265.786446,5786,tx,1503.6,206.9,464.8,,,1,0,0,1
906605787602800,1790932265.925746,5925,tx,5054.7,192.7,359.5,,,1,0,0,1
906605928617900,1790932266.066762,6066,tx,956.9,187.2,358.9,,,1,0,0,1
906606067325900,1790932266.205472,6205,tx,1159.0,273.9,418.9,,,1,0,0,1
906606234618600,1790932266.372766,6372,tx,1353.4,185.8,317.0,,,1,0,0,1
906606380895100,1790932266.519044,6519,tx,2083.9,399.1,771.2,,,1,0,0,1
906606522160100,1790932266.660310,6660,tx,1809.7,303.7,583.0,,,1,0,0,1
906606662733200,1790932266.800885,6800,tx,8449.6,203.0,387.1,,,1,0,0,1
906606803454300,1790932266.941608,6941,tx,1377.8,202.7,432.9,,,1,0,0,1
906606945596600,1790932267.083751,7083,tx,1299.1,213.0,498.7,,,1,0,0,1
906607085798900,1790932267.223955,7223,tx,2872.2,431.3,785.6,,,1,0,0,1
906607238959300,1790932267.377117,7377,tx,1326.8,213.0,400.3,,,1,0,0,1
906607384887000,1790932267.523046,7523,tx,1920.9,245.4,520.0,,,1,0,0,1
906607525989600,1790932267.664104,7664,tx,3544.9,305.5,683.4,,,1,0,0,1
906607668401600,1790932267.806541,7806,tx,1153.8,203.9,389.7,,,1,0,0,1
906607809061300,1790932267.947225,7947,tx,1508.6,366.4,662.1,,,1,0,0,1
906607951273600,1790932268.089439,8089,tx,1872.9,197.4,453.3,,,1,0,0,1
906608092103000,1790932268.230270,8230,tx,4539.8,391.8,550.3,,,1,0,0,1
906608232888300,1790932268.371057,8371,tx,1364.0,177.0,364.0,,,1,0,0,1
906608373156900,1790932268.511326,8511,tx,1335.6,400.3,592.8,,,1,0,0,1
906608515621300,1790932268.653792,8653,tx,1433.3,219.3,428.7,,,1,0,0,1
906608657121300,1790932268.795294,8795,tx,1492.0,303.1,496.3,,,1,0,0,1
906608812524900,1790932268.950699,8950,tx,1491.0,269.6,491.2,,,1,0,0,1
906608954685000,1790932269.092860,9092,tx,20636.0,193.0,560.7,,,1,0,0,1
906609096323200,1790932269.234500,9234,tx,1657.1,119.5,341.5,,,1,0,0,1
906609249428900,1790932269.387608,9387,tx,1325.0,125.9,263.2,,,1,0,0,1
906609394428300,1790932269.532609,9532,tx,11746.4,253.7,540.2,,,1,0,0,1
906609536240800,1790932269.674423,9674,tx,1216.1,310.4,480.1,,,1,0,0,1
906609674033600,1790932269.812217,9812,tx,1559.3,432.8,715.6,,,1,0,0,1
906609814936000,1790932269.953121,9953,tx,1637.2,209.5,706.1,,,1,0,0,1
906609972814700,1790932270.111001,10111,tx,1252.9,221.6,394.7,,,1,0,0,1
906610113105600,1790932270.251293,10251,tx,1558.6,435.3,646.1,,,1,0,0,1
906610255052600,1790932270.393242,10393,tx,1494.0,182.2,314.4,,,1,0,0,1
906610393969200,1790932270.532160,10532,tx,2166.5,187.2,381.6,,,1,0,0,1
906610536646400,1790932270.674838,10674,tx,1415.3,227.1,455.5,,,1,0,0,1
906610677324300,1790932270.815518,10815,tx,1456.5,235.9,457.6,,,1,0,0,1
906610816921800,1790932270.955117,10955,tx,10216.6,276.1,501.7,,,1,0,0,1
906610962151100,1790932271.100347,11100,tx,8556.6,461.4,1438.2,,,1,0,0,1
906611114883000,1790932271.253080,11253,tx,3032.6,396.9,797.1,,,1,0,0,1
906611255029400,1790932271.393229,11393,tx,11120.6,426.6,642.4,,,1,0,0,1
906611395489500,1790932271.533691,11533,tx,1695.0,203.3,436.2,,,1,0,0,1
906611537067900,1790932271.675270,11675,tx,2149.8,213.1,688.2,,,1,0,0,1
906611677964900,1790932271.816169,11816,tx,1386.7,179.6,386.0,,,1,0,0,1
906611819930200,1790932271.958136,11958,tx,1408.6,248.7,438.4,,,1,0,0,1
906611960620600,1790932272.098828,12098,tx,1071.0,242.7,378.3,,,1,0,0,1
906612103386700,1790932272.241595,12241,tx,4383.9,310.6,756.7,,,1,0,0,1
906612256751500,1790932272.394962,12394,tx,1307.9,202.2,342.8,,,1,0,0,1
906612401617300,1790932272.539829,12539,tx,1128.3,246.2,432.0,,,1,0,0,1
906612543177700,1790932272.681391,12681,tx,2002.4,319.0,596.0,,,1,0,0,1
906612684815700,1790932272.823030,12823,tx,2540.3,231.2,386.7,,,1,0,0,1
906612824670600,1790932272.962887,12962,tx,1419.4,229.2,450.9,,,1,0,0,1
906612966090400,1790932273.104307,13104,tx,1768.8,249.3,600.6,,,1,0,0,1
906613107090600,1790932273.245309,13245,tx,2284.1,293.2,600.8,,,1,0,0,1
906613254097000,1790932273.392318,13392,tx,1192.1,167.3,307.0,,,1,0,0,1
906613405177400,1790932273.543399,13543,tx,1532.9,222.0,483.7,,,1,0,0,1
906613546950900,1790932273.685174,13685,tx,10299.6,389.5,649.4,,,1,0,0,1
906613687674700,1790932273.825900,13825,tx,1282.5,228.5,402.9,,,1,0,0,1
906613827953500,1790932273.966180,13966,tx,1411.3,192.2,407.8,,,1,0,0,1
906613967268500,1790932274.105496,14105,tx,1410.2,218.3,405.1,,,1,0,0,1
906614110377800,1790932274.248607,14248,tx,1384.4,209.1,456.3,,,1,0,0,1
906614250339600,1790932274.388571,14388,tx,1122.1,208.3,380.7,,,1,0,0,1
906614389752400,1790932274.527984,14527,tx,2000.0,207.9,593.6,,,1,0,0,1
906614531026800,1790932274.669261,14669,tx,2034.9,435.4,645.0,,,1,0,0,1
906614671972800,1790932274.810208,14810,tx,1545.2,203.0,426.6,,,1,0,0,1
906614813606100,1790932274.951843,14951,tx,1257.0,228.2,381.1,,,1,0,0,1
906614955120400,1790932275.093358,93,tx,2301.1,270.7,565.3,,,1,0,0,1
906615102561200,1790932275.240801,240,tx,1603.9,297.4,514.4,,,1,0,0,1
906615257407300,1790932275.395649,395,tx,1311.3,263.4,456.5,,,1,0,0,1
906615408379300,1790932275.546622,546,tx,10173.1,240.3,453.5,,,1,0,0,1
906615552713700,1790932275.690958,690,tx,1422.0,232.2,439.9,,,1,0,0,1
906615695744000,1790932275.833990,833,tx,28517.4,213.7,564.5,,,1,0,0,1
906615852362000,1790932275.990610,990,tx,5613.9,209.6,345.9,,,1,0,0,1
906615999060800,1790932276.137310,1137,tx,2168.6,317.3,614.7,,,1,0,0,1
906616136303900,1790932276.274554,1274,tx,2020.5,224.1,586.9,,,1,0,0,1
906616281547200,1790932276.419799,1419,tx,7733.3,228.0,364.6,,,1,0,0,1
906616422167400,1790932276.560421,1560,tx,1725.9,301.8,511.7,,,1,0,0,1
906616563041600,1790932276.701297,1701,tx,1514.6,444.2,656.4,,,1,0,0,1
906616703617200,1790932276.841874,1841,tx,42562.1,143.8,323.5,,,1,0,0,1
906616872779600,1790932277.011038,2011,tx,1091.2,148.9,293.6,,,1,0,0,1
906617019399700,1790932277.157659,2157,tx,1251.6,171.6,342.9,,,1,0,0,1
906617161816100,1790932277.300076,2300,tx,13683.3,215.7,434.2,,,1,0,0,1
906617303851600,1790932277.442115,2442,tx,1291.2,272.6,427.6,,,1,0,0,1
906617443911500,1790932277.582175,2582,tx,1268.3,179.2,376.7,,,1,0,0,1
906617585917400,1790932277.724183,2724,tx,1699.8,209.9,413.4,,,1,0,0,1
906617768770900,1790932277.907038,2907,tx,9528.9,194.7,510.8,,,1,0,0,1
906617915737200,1790932278.054006,3054,tx,2273.5,180.2,490.3,,,1,0,0,1
906618058279900,1790932278.196550,3196,tx,1572.1,232.9,428.0,,,1,0,0,1
906618199721100,1790932278.337993,3337,tx,2309.3,242.8,601.1,,,1,0,0,1
906618339549100,1790932278.477823,3477,tx,1231.9,202.8,394.7,,,1,0,0,1
906618481450400,1790932278.619725,3619,tx,8623.5,291.7,651.8,,,1,0,0,1
906618639647100,1790932278.777923,3777,tx,2331.0,222.0,629.0,,,1,0,0,1
906618782361000,1790932278.920639,3920,tx,1207.8,208.7,402.5,,,1,0,0,1
906618921215900,1790932279.059495,4059,tx,15657.7,265.8,480.2,,,1,0,0,1
906619063369400,1790932279.201650,4201,tx,2393.4,190.2,422.2,,,1,0,0,1
906619207689800,1790932279.345972,4345,tx,63564.4,158.5,437.7,,,1,0,0,1
906619396890100,1790932279.535174,4535,tx,1314.3,262.4,455.9,,,1,0,0,1
906619538337400,1790932279.676623,4676,tx,1470.9,225.5,417.0,,,1,0,0,1
906619679383500,1790932279.817671,4817,tx,8332.5,202.8,392.5,,,1,0,0,1
906619820336500,1790932279.958625,4958,tx,1377.5,315.1,506.8,,,1,0,0,1
906619961639500,1790932280.099930,5099,tx,1706.1,170.0,584.6,,,1,0,0,1
906620103411600,1790932280.241704,5241,tx,2658.5,242.5,518.4,,,1,0,0,1
906620258910300,1790932280.397204,5397,tx,1485.7,283.5,498.7,,,1,0,0,1
906620401565400,1790932280.539860,5539,tx,3316.9,414.2,1110.2,,,1,0,0,1
906620542312700,1790932280.680608,5680,tx,2459.2,270.4,817.6,,,1,0,0,1
906620683059700,1790932280.821357,5821,tx,1440.8,398.2,595.8,,,1,0,0,1
906620824583700,1790932280.962883,5962,tx,1416.2,226.9,416.3,,,1,0,0,1
906620965616500,1790932281.103917,6103,tx,1276.3,209.9,372.3,,,1,0,0,1
906621107017100,1790932281.245319,6245,tx,2663.4,423.8,665.1,,,1,0,0,1
906621265929200,1790932281.404233,6404,tx,2000.6,229.7,427.1,,,1,0,0,1
906621406403100,1790932281.544708,6544,tx,1793.8,211.6,491.6,,,1,0,0,1
906621547574700,1790932281.685881,6685,tx,1044.2,175.4,340.2,,,1,0,0,1
906621688378100,1790932281.826686,6826,tx,1952.7,315.1,594.9,,,1,0,0,1
906621828521600,1790932281.966831,6966,tx,1747.3,215.2,517.5,,,1,0,0,1
906621969184000,1790932282.107495,7107,tx,18900.1,220.4,511.6,,,1,0,0,1
906622111128200,1790932282.249440,7249,tx,1861.6,367.3,556.5,,,1,0,0,1
906622268371300,1790932282.406686,7406,tx,1445.3,196.0,698.2,,,1,0,0,1
906622409567900,1790932282.547884,7547,tx,6892.4,232.5,442.9,,,1,0,0,1
906622552011100,1790932282.690328,7690,tx,2246.1,201.2,698.2,,,1,0,0,1
906622693448200,1790932282.831767,7831,tx,1516.5,216.2,422.4,,,1,0,0,1
906622834903300,1790932282.973223,7973,tx,1392.9,223.7,421.8,,,1,0,0,1
906622978687300,1790932283.117009,8117,tx,1106.3,157.2,330.2,,,1,0,0,1
906623121739600,1790932283.260063,8260,tx,2497.6,231.8,613.2,,,1,0,0,1
906623264743400,1790932283.403068,8403,tx,1608.4,183.2,499.3,,,1,0,0,1
906623405965000,1790932283.544291,8544,tx,4284.0,194.2,380.5,,,1,0,0,1
906623548976900,1790932283.687304,8687,tx,1679.3,421.9,654.5,,,1,0,0,1
906623690005800,1790932283.828334,8828,tx,2520.5,330.6,676.9,,,1,0,0,1
906623830760600,1790932283.969091,8969,tx,9681.8,246.1,455.9,,,1,0,0,1
906623973420100,1790932284.111752,9111,tx,1167.6,210.4,396.6,,,1,0,0,1
906624114676600,1790932284.253010,9253,tx,1331.2,206.3,373.8,,,1,0,0,1
906624270659200,1790932284.408994,9408,tx,7449.0,144.7,322.0,,,1,0,0,1
906624412739400,1790932284.551076,9551,tx,2132.7,227.1,507.5,,,1,0,0,1
906624554964000,1790932284.693301,9693,tx,1839.6,391.3,616.9,,,1,0,0,1
906624695471700,1790932284.833811,9833,tx,4359.6,195.8,767.8,,,1,0,0,1
906624837007000,1790932284.975348,9975,tx,1619.6,380.7,623.3,,,1,0,0,1
906624979339400,1790932285.117682,10117,tx,1390.9,171.9,467.0,,,1,0,0,1
906625119772700,1790932285.258116,10258,tx,2070.3,249.8,525.1,,,1,0,0,1
906625269158900,1790932285.407504,10407,tx,1620.3,424.2,629.2,,,1,0,0,1
906625415691000,1790932285.554038,10554,tx,1361.9,253.0,446.2,,,1,0,0,1
906625555776300,1790932285.694125,10694,tx,1395.1,270.6,567.4,,,1,0,0,1
906625697454000,1790932285.835804,10835,tx,6275.4,233.4,539.6,,,1,0,0,1
906625853708100,1790932285.992060,10992,tx,1357.9,197.8,409.4,,,1,0,0,1
906625994063700,1790932286.132417,11132,tx,1410.0,451.6,639.9,,,1,0,0,1
906626135389800,1790932286.273743,11273,tx,11961.1,126.2,401.2,,,1,0,0,1
906626279585300,1790932286.417941,11417,tx,1788.5,241.5,544.0,,,1,0,0,1
906626420256000,1790932286.558614,11558,tx,1294.1,229.4,427.6,,,1,0,0,1
906626576160500,1790932286.714520,11714,tx,2581.3,334.4,526.6,,,1,0,0,1
906626719488500,1790932286.857849,11857,tx,49813.3,149.8,466.4,,,1,0,0,1
906626902336800,1790932287.040699,12040,tx,16852.5,164.0,366.8,,,1,0,0,1
906627050330400,1790932287.188694,12188,tx,1123.8,231.9,411.1,,,1,0,0,1
906627191679300,1790932287.330045,12330,tx,2701.8,253.1,596.4,,,1,0,0,1
906627332577100,1790932287.470944,12470,tx,9997.1,170.3,665.0,,,1,0,0,1
906627474925200,1790932287.613294,12613,tx,1364.3,148.2,335.1,,,1,0,0,1
906627618337400,1790932287.756707,12756,tx,1794.0,286.8,534.4,,,1,0,0,1
906627761524300,1790932287.899896,12899,tx,1624.4,229.1,445.6,,,1,0,0,1
906627903741200,1790932288.042114,13042,tx,1475.9,218.3,420.8,,,1,0,0,1
906628044970300,1790932288.183345,13183,tx,2289.7,241.4,447.3,,,1,0,0,1
906628187110300,1790932288.325486,13325,tx,2726.5,310.4,687.4,,,1,0,0,1
906628328307500,1790932288.466685,13466,tx,3071.9,247.2,717.7,,,1,0,0,1
906628471634800,1790932288.610013,13610,tx,1978.3,240.1,501.1,,,1,0,0,1
906628613167300,1790932288.751547,13751,tx,2845.7,184.5,587.9,,,1,0,0,1
906628767177700,1790932288.905560,13905,tx,1276.0,363.8,534.7,,,1,0,0,1
906628912987800,1790932289.051371,14051,tx,2240.2,310.7,594.7,,,1,0,0,1
906629055026800,1790932289.193412,14193,tx,1654.5,439.2,669.8,,,1,0,0,1
906629197327100,1790932289.335713,14335,tx,32791.9,235.6,575.0,,,1,0,0,1
906629336578500,1790932289.474966,14474,tx,1587.5,150.1,324.9,,,1,0,0,1
906629479048500,1790932289.617438,14617,tx,1745.1,360.8,559.8,,,1,0,0,1
906629621868800,1790932289.760260,14760,tx,1549.5,191.7,423.7,,,1,0,0,1
906629765998400,1790932289.904391,14904,tx,1436.5,232.6,367.2,,,1,0,0,1
906629920367600,1790932290.058761,58,tx,2074.6,277.4,565.5,,,1,0,0,1
906630070952600,1790932290.209347,209,tx,12167.0,279.2,804.8,,,1,0,0,1
906630211195700,1790932290.349593,349,tx,59288.8,237.4,438.0,,,1,0,0,1
906630378095100,1790932290.516493,516,tx,4393.9,344.4,881.6,,,1,0,0,1
906630527526300,1790932290.665926,665,tx,1244.7,257.0,461.1,,,1,0,0,1
906630671149400,1790932290.809551,809,tx,1296.6,421.4,561.8,,,1,0,0,1
906630821320400,1790932290.959723,959,tx,3015.4,259.7,982.9,,,1,0,0,1
906630971082500,1790932291.109487,1109,tx,1555.8,255.0,545.3,,,1,0,0,1
906631112449000,1790932291.250855,1250,tx,1600.4,210.3,461.1,,,1,0,0,1
906631271928200,1790932291.410336,1410,tx,6036.9,185.8,300.5,,,1,0,0,1
906631412230900,1790932291.550640,1550,tx,1414.3,225.1,420.3,,,1,0,0,1
906631552111200,1790932291.690522,1690,tx,1547.1,321.5,572.1,,,1,0,0,1
906631692765000,1790932291.831177,1831,tx,2432.1,241.6,827.3,,,1,0,0,1
906631834535600,1790932291.972950,1972,tx,1484.2,224.1,445.2,,,1,0,0,1
906631974687900,1790932292.113103,2113,tx,1749.0,209.5,384.4,,,1,0,0,1
906632117512900,1790932292.255930,2255,tx,1698.3,247.0,510.0,,,1,0,0,1
906632262009300,1790932292.400428,2400,tx,1389.4,432.2,627.9,,,1,0,0,1
906632403691600,1790932292.542111,2542,tx,1168.1,213.5,416.0,,,1,0,0,1
906632544792200,1790932292.683213,2683,tx,1509.1,167.1,392.3,,,1,0,0,1
906632687368100,1790932292.825791,2825,tx,1664.1,235.3,538.0,,,1,0,0,1
906632828854100,1790932292.967278,2967,tx,2122.6,257.7,468.2,,,1,0,0,1
906632972305400,1790932293.110731,3110,tx,1466.2,234.2,414.9,,,1,0,0,1
906633114435100,1790932293.252861,3252,tx,3303.2,231.5,696.2,,,1,0,0,1
906633267710800,1790932293.406140,3406,tx,1422.3,205.8,497.2,,,1,0,0,1
906633410667600,1790932293.549098,3549,tx,1293.4,234.8,387.8,,,1,0,0,1
906633551294700,1790932293.689725,3689,tx,3753.3,509.1,921.4,,,1,0,0,1
906633694185200,1790932293.832618,3832,tx,2164.5,219.5,665.4,,,1,0,0,1
906633837444800,1790932293.975879,3975,tx,1939.7,250.2,479.0,,,1,0,0,1
906633979526400,1790932294.117962,4117,tx,2775.4,289.3,686.5,,,1,0,0,1
906634121214100,1790932294.259651,4259,tx,12359.7,381.1,1019.7,,,1,0,0,1
906634270724400,1790932294.409163,4409,tx,8098.6,198.8,482.5,,,1,0,0,1
906634415469100,1790932294.553909,4553,tx,4041.1,254.3,1313.8,,,1,0,0,1
906634562151800,1790932294.700594,4700,tx,3267.4,266.2,687.3,,,1,0,0,1
906634704611500,1790932294.843055,4843,tx,61246.8,166.8,341.3,,,1,0,0,1
906634890865700,1790932295.029311,5029,tx,17138.4,292.1,518.6,,,1,0,0,1
906635037062900,1790932295.175510,5175,tx,1717.0,388.1,578.3,,,1,0,0,1
906635175805200,1790932295.314254,5314,tx,1358.0,226.9,423.7,,,1,0,0,1
906635317201500,1790932295.455651,5455,tx,24438.9,439.7,1354.1,,,1,0,0,1
906635459404000,1790932295.597855,5597,tx,1294.6,209.1,392.9,,,1,0,0,1
906635602215300,1790932295.740668,5740,tx,1451.1,248.3,434.9,,,1,0,0,1
906635768323300,1790932295.906778,5906,tx,1186.8,244.0,383.5,,,1,0,0,1
906635914795600,1790932296.053252,6053,tx,1431.8,187.8,389.0,,,1,0,0,1
906636056227400,1790932296.194685,6194,tx,2267.5,284.6,577.6,,,1,0,0,1
906636198786700,1790932296.337246,6337,tx,64395.8,266.4,524.1,,,1,0,0,1
906636377092300,1790932296.515553,6515,tx,2233.6,358.2,655.5,,,1,0,0,1
906636529417500,1790932296.667880,6667,tx,10444.2,201.0,578.2,,,1,0,0,1
906636684923300,1790932296.823388,6823,tx,1551.9,233.2,426.1,,,1,0,0,1
906636825682900,1790932296.964148,6964,tx,1921.7,255.2,526.2,,,1,0,0,1
906636966825300,1790932297.105292,7105,tx,14732.1,178.9,462.1,,,1,0,0,1
906637107612500,1790932297.246081,7246,tx,1213.6,188.2,374.6,,,1,0,0,1
906637276871100,1790932297.415342,7415,tx,1318.5,266.4,399.0,,,1,0,0,1
906637423578200,1790932297.562050,7562,tx,1572.3,243.0,570.5,,,1,0,0,1
906637566464400,1790932297.704937,7704,tx,1447.5,176.9,387.5,,,1,0,0,1
906637708655800,1790932297.847130,7847,tx,4412.1,220.7,579.0,,,1,0,0,1
906637850133000,1790932297.988609,7988,tx,1682.2,304.3,553.4,,,1,0,0,1
906637992329200,1790932298.130807,8130,tx,1351.9,258.7,480.0,,,1,0,0,1
906638137073200,1790932298.275552,8275,tx,1499.0,349.3,594.2,,,1,0,0,1
906638277458700,1790932298.415939,8415,tx,1037.9,143.8,329.3,,,1,0,0,1
906638418600500,1790932298.557083,8557,tx,1496.6,198.4,589.8,,,1,0,0,1
906638557233500,1790932298.695717,8695,tx,1699.7,258.9,556.4,,,1,0,0,1
906638699386600,1790932298.837871,8837,tx,2448.4,288.9,658.7,,,1,0,0,1
906638839592000,1790932298.978078,8978,tx,1286.6,214.6,418.6,,,1,0,0,1
906638981014400,1790932299.119502,9119,tx,1844.3,237.7,541.0,,,1,0,0,1
906639122904300,1790932299.261394,9261,tx,2431.7,369.6,703.4,,,1,0,0,1
906639287970600,1790932299.426462,9426,tx,1085.6,147.2,280.7,,,1,0,0,1
906639434606000,1790932299.573098,9573,tx,1880.0,255.3,529.3,,,1,0,0,1
906639591085500,1790932299.729580,9729,tx,3296.8,328.9,570.8,,,1,0,0,1
906639749970300,1790932299.888467,9888,tx,1399.1,204.4,352.1,,,1,0,0,1
906639890842700,1790932300.029340,10029,tx,2098.2,372.5,666.0,,,1,0,0,1
906640034743000,1790932300.173242,10173,tx,1331.9,148.5,370.3,,,1,0,0,1
906640176710700,1790932300.315211,10315,tx,1330.7,204.1,454.0,,,1,0,0,1
906640315574300,1790932300.454077,10454,tx,1187.9,222.0,374.9,,,1,0,0,1
906640456030200,1790932300.594534,10594,tx,10624.1,357.5,599.8,,,1,0,0,1
906640596117500,1790932300.734622,10734,tx,1345.2,165.8,513.0,,,1,0,0,1
906640780949500,1790932300.919456,10919,tx,1240.3,145.4,299.2,,,1,0,0,1
906640921858200,1790932301.060367,11060,tx,1270.7,202.9,448.0,,,1,0,0,1
906641066870900,1790932301.205381,11205,tx,1406.5,228.5,414.7,,,1,0,0,1
906641207269800,1790932301.345780,11345,tx,2896.8,281.4,727.4,,,1,0,0,1
906641348703700,1790932301.487216,11487,tx,3316.0,372.3,847.5,,,1,0,0,1
906641490097300,1790932301.628612,11628,tx,1458.0,294.5,597.4,,,1,0,0,1
906641631325300,1790932301.769841,11769,tx,1815.7,193.1,416.0,,,1,0,0,1
906641789044900,1790932301.927562,11927,tx,1372.1,367.5,528.0,,,1,0,0,1
906641927638300,1790932302.066157,12066,tx,2273.7,165.7,595.8,,,1,0,0,1
906642070103000,1790932302.208623,12208,tx,2287.2,235.5,561.7,,,1,0,0,1
906642211348600,1790932302.349870,12349,tx,2904.6,234.6,440.2,,,1,0,0,1
906642352507800,1790932302.491031,12491,tx,1358.7,234.8,424.7,,,1,0,0,1
906642493395600,1790932302.631920,12631,tx,2841.8,258.7,728.6,,,1,0,0,1
906642635698900,1790932302.774225,12774,tx,1468.0,231.4,444.2,,,1,0,0,1
906642775728000,1790932302.914256,12914,tx,1352.4,220.8,409.7,,,1,0,0,1
906642917315600,1790932303.055844,13055,tx,1287.5,216.2,463.3,,,1,0,0,1
906643059114200,1790932303.197644,13197,tx,1634.1,324.9,554.4,,,1,0,0,1
906643199438100,1790932303.337970,13337,tx,14241.9,207.0,460.5,,,1,0,0,1
906643340609700,1790932303.479143,13479,tx,1346.3,212.9,413.3,,,1,0,0,1
906643483072800,1790932303.621608,13621,tx,1780.5,346.1,608.7,,,1,0,0,1
906643624246100,1790932303.762782,13762,tx,2770.6,267.5,685.0,,,1,0,0,1
906643784178300,1790932303.922716,13922,tx,1510.4,405.8,530.3,,,1,0,0,1
906643922111300,1790932304.060651,14060,tx,2568.3,283.0,576.4,,,1,0,0,1
906644065851100,1790932304.204392,14204,tx,19367.4,351.4,718.8,,,1,0,0,1
906644208231600,1790932304.346774,14346,tx,1504.3,246.9,489.5,,,1,0,0,1
906644348999200,1790932304.487542,14487,tx,2401.2,858.3,1040.3,,,1,0,0,1
906644492820800,1790932304.631366,14631,tx,1685.2,171.0,427.1,,,1,0,0,1
906644635463700,1790932304.774010,14774,tx,1246.6,230.5,435.7,,,1,0,0,1
906644793406300,1790932304.931955,14931,tx,1269.7,212.0,405.4,,,1,0,0,1
906644932300700,1790932305.070850,70,tx,1818.4,241.6,498.3,,,1,0,0,1
906645071806100,1790932305.210357,210,tx,1320.1,203.2,399.8,,,1,0,0,1
906645223116100,1790932305.361669,361,tx,58855.2,153.1,597.6,,,1,0,0,1
906645416616300,1790932305.555171,555,tx,1430.5,272.3,557.0,,,1,0,0,1
906645568663000,1790932305.707220,707,tx,1042.4,195.7,361.9,,,1,0,0,1
906645719875500,1790932305.858429,858,tx,28030.4,178.4,357.2,,,1,0,0,1
906645861952900,1790932306.000513,1000,tx,1596.3,313.5,625.3,,,1,0,0,1
906646001034900,1790932306.139596,1139,tx,1606.8,373.7,600.4,,,1,0,0,1
906646156655200,1790932306.295218,1295,tx,8554.2,208.1,390.7,,,1,0,0,1
906646297920800,1790932306.436485,1436,tx,2367.5,352.0,708.2,,,1,0,0,1
906646438542700,1790932306.577108,1577,tx,1177.0,177.2,372.6,,,1,0,0,1
906646580856700,1790932306.719423,1719,tx,12198.5,427.1,781.4,,,1,0,0,1
906646783619700,1790932306.922189,1922,tx,7718.1,203.9,559.8,,,1,0,0,1
906646926879500,1790932307.065450,2065,tx,13094.5,277.2,782.0,,,1,0,0,1
906647066807700,1790932307.205379,2205,tx,1262.1,259.7,437.3,,,1,0,0,1
906647210577800,1790932307.349151,2349,tx,1943.2,260.1,546.4,,,1,0,0,1
906647350492100,1790932307.489067,2489,tx,8635.2,204.6,373.4,,,1,0,0,1
906647493482600,1790932307.632059,2632,tx,1849.4,258.6,521.5,,,1,0,0,1
906647633395600,1790932307.771974,2771,tx,1552.2,256.3,446.0,,,1,0,0,1
906647785577900,1790932307.924158,2924,tx,8358.9,176.9,323.0,,,1,0,0,1
906647930643300,1790932308.069225,3069,tx,1271.8,191.4,379.5,,,1,0,0,1
906648071591400,1790932308.210174,3210,tx,1641.7,242.5,469.9,,,1,0,0,1
906648211177500,1790932308.349761,3349,tx,1779.0,211.6,475.3,,,1,0,0,1
906648353951300,1790932308.492537,3492,tx,1302.9,228.9,431.4,,,1,0,0,1
906648495285800,1790932308.633873,3633,tx,2088.0,203.4,700.9,,,1,0,0,1
906648635633600,1790932308.774222,3774,tx,1734.3,235.1,477.3,,,1,0,0,1
906648776256000,1790932308.914846,3914,tx,7726.7,195.4,390.8,,,1,0,0,1
906648917444000,1790932309.056035,4056,tx,3618.5,246.8,541.1,,,1,0,0,1
906649060013800,1790932309.198606,4198,tx,1741.9,445.3,673.8,,,1,0,0,1
906649202881500,1790932309.341475,4341,tx,16317.3,474.3,768.9,,,1,0,0,1
906649341795300,1790932309.480392,4480,tx,1169.7,217.6,404.6,,,1,0,0,1
906649482719700,1790932309.621317,4621,tx,2378.9,219.0,383.2,,,1,0,0,1
906649624955400,1790932309.763554,4763,tx,5051.5,349.6,724.8,,,1,0,0,1
906649781772400,1790932309.920373,4920,tx,8514.0,219.8,364.0,,,1,0,0,1
906649923500800,1790932310.062103,5062,tx,2526.1,214.0,777.4,,,1,0,0,1
906650066972500,1790932310.205576,5205,tx,2459.6,379.3,636.0,,,1,0,0,1
906650224517800,1790932310.363123,5363,tx,27042.6,167.0,402.8,,,1,0,0,1
906650376774400,1790932310.515381,5515,tx,2224.2,246.3,1117.6,,,1,0,0,1
906650521809200,1790932310.660417,5660,tx,11373.4,175.0,392.9,,,1,0,0,1
906650663759800,1790932310.802369,5802,tx,1264.0,158.2,340.9,,,1,0,0,1
906650804873300,1790932310.943484,5943,tx,2192.8,238.7,747.2,,,1,0,0,1
906650946534900,1790932311.085147,6085,tx,1569.0,245.9,493.8,,,1,0,0,1
906651087043100,1790932311.225657,6225,tx,1279.3,363.2,551.8,,,1,0,0,1
906651225665600,1790932311.364281,6364,tx,60401.1,196.7,368.6,,,1,0,0,1
906651429552800,1790932311.568170,6568,tx,3810.1,224.0,1143.5,,,1,0,0,1
906651570287500,1790932311.708906,6708,tx,1652.0,255.6,593.1,,,1,0,0,1
906651711430600,1790932311.850050,6850,tx,3297.3,326.4,741.7,,,1,0,0,1
906651852134500,1790932311.990757,6990,tx,1484.8,375.6,546.8,,,1,0,0,1
906651994276700,1790932312.132900,7132,tx,1190.3,224.3,467.1,,,1,0,0,1
906652134718200,1790932312.273343,7273,tx,1670.5,222.9,472.0,,,1,0,0,1
906652288972500,1790932312.427599,7427,tx,1257.3,218.5,358.4,,,1,0,0,1
906652427656900,1790932312.566285,7566,tx,1328.0,218.4,382.3,,,1,0,0,1
906652568881900,1790932312.707511,7707,tx,3196.7,468.1,771.3,,,1,0,0,1
906652709509900,1790932312.848141,7848,tx,9619.2,175.9,393.6,,,1,0,0,1
906652850183000,1790932312.988815,7988,tx,2131.7,279.7,839.8,,,1,0,0,1
906652993264700,1790932313.131898,8131,tx,2261.3,159.2,423.9,,,1,0,0,1
906653135051700,1790932313.273687,8273,tx,1359.7,384.0,552.9,,,1,0,0,1
906653275556200,1790932313.414193,8414,tx,1316.5,254.4,442.1,,,1,0,0,1
906653418867400,1790932313.557506,8557,tx,1401.8,208.0,400.6,,,1,0,0,1
906653558648500,1790932313.697288,8697,tx,2331.3,269.7,591.6,,,1,0,0,1
906653696070000,1790932313.834711,8834,tx,7769.1,382.0,525.4,,,1,0,0,1
906653840661900,1790932313.979304,8979,tx,1371.7,225.4,468.5,,,1,0,0,1
906653998032200,1790932314.136676,9136,tx,2222.7,326.8,638.0,,,1,0,0,1
906654140956400,1790932314.279602,9279,tx,1576.3,438.5,651.2,,,1,0,0,1
906654278119500,1790932314.416767,9416,tx,1297.0,446.9,601.8,,,1,0,0,1
906654424842100,1790932314.563490,9563,tx,5845.4,251.9,864.6,,,1,0,0,1
906654563296700,1790932314.701947,9701,tx,10149.9,293.0,505.3,,,1,0,0,1
906654705075300,1790932314.843727,9843,tx,2017.5,213.1,621.0,,,1,0,0,1
906654847586100,1790932314.986239,9986,tx,1173.9,186.3,358.0,,,1,0,0,1
906654988276900,1790932315.126932,10126,tx,1309.3,229.7,417.8,,,1,0,0,1
906655129732000,1790932315.268388,10268,tx,1310.7,217.6,445.0,,98235.6,1,0,0,1
906655286226600,1790932315.424885,10424,idle,12967.7,236.4,454.3,,,0,0,0,0
906655424016100,1790932315.562675,10562,idle,160083.6,298.0,636.7,,,0,0,0,0
906655689379200,1790932315.828041,10828,idle,4367.9,,,,,0,0,0,0
906655828446300,1790932315.967110,10967,idle,1278.3,,,,,0,0,0,0
906656032782100,1790932316.171448,11171,tx,9029.3,177.5,463.3,,,1,0,0,1
906656173569600,1790932316.312236,11312,tx,1715.6,167.1,555.5,,,1,0,0,1
906656313664900,1790932316.452333,11452,tx,9891.8,142.4,328.0,,,1,0,0,1
906656453229300,1790932316.591899,11591,tx,1508.2,276.2,476.2,,,1,0,0,1
906656594552000,1790932316.733223,11733,tx,1270.9,219.2,400.0,,,1,0,0,1
906656733652200,1790932316.872325,11872,tx,24792.9,200.1,379.9,,,1,0,0,1
906656872844800,1790932317.011519,12011,tx,17289.0,198.6,392.3,,,1,0,0,1
906657016271500,1790932317.154947,12154,tx,1467.1,258.5,482.9,,,1,0,0,1
906657157634300,1790932317.296311,12296,tx,2143.6,429.8,951.4,,,1,0,0,1
906657312233200,1790932317.450912,12450,tx,2303.5,229.4,397.2,,,1,0,0,1
906657451591300,1790932317.590271,12590,tx,1237.3,218.3,429.9,,,1,0,0,1
906657593223200,1790932317.731905,12731,tx,1900.4,185.4,496.1,,,1,0,0,1
906657782238300,1790932317.920922,12920,tx,1121.7,173.7,307.6,,,1,0,0,1
906657922006900,1790932318.060691,13060,tx,2671.8,226.6,798.9,,,1,0,0,1
906658062543200,1790932318.201230,13201,tx,1579.5,226.2,460.8,,,1,0,0,1
906658204244000,1790932318.342932,13342,tx,1226.0,303.7,485.5,,,1,0,0,1
906658344392000,1790932318.483080,13483,tx,1760.9,239.0,528.6,,,1,0,0,1
906658484947300,1790932318.623638,13623,tx,1373.5,208.0,410.9,,,1,0,0,1
906658624739600,1790932318.763432,13763,tx,3597.7,243.5,469.5,,,1,0,0,1
906658785832700,1790932318.924527,13924,tx,8128.7,419.3,849.8,,,1,0,0,1
906658938675100,1790932319.077370,14077,tx,31238.1,454.3,867.5,,,1,0,0,1
906659098694900,1790932319.237392,14237,tx,1328.3,225.0,372.9,,,1,0,0,1
906659289474300,1790932319.428174,14428,tx,8633.9,237.1,378.6,,,1,0,0,1
906659437184900,1790932319.575886,14575,tx,1499.7,282.6,469.5,,,1,0,0,1
906659579324800,1790932319.718027,14718,tx,2081.1,233.2,532.5,,,1,0,0,1
906659719887200,1790932319.858591,14858,tx,28626.5,494.7,745.6,,,1,0,0,1
906659866682100,1790932320.005387,5,tx,1574.0,171.3,352.4,,,1,0,0,1
906660009068800,1790932320.147775,147,tx,3072.2,348.3,595.8,,,1,0,0,1
906660150667000,1790932320.289375,289,tx,1415.5,219.0,435.2,,,1,0,0,1
906660310698300,1790932320.449408,449,tx,2293.8,436.8,934.4,,,1,0,0,1
906660462908100,1790932320.601619,601,tx,2257.4,447.8,771.3,,,1,0,0,1
906660611000700,1790932320.749714,749,tx,2149.9,202.0,496.2,,,1,0,0,1
906660790153200,1790932320.928868,928,tx,1542.1,344.9,541.4,,,1,0,0,1
906660940841600,1790932321.079558,1079,tx,3793.7,320.6,779.0,,,1,0,0,1
906661082525400,1790932321.221243,1221,tx,1546.8,188.7,391.6,,,1,0,0,1
906661224371700,1790932321.363091,1363,tx,27326.9,201.6,408.4,,,1,0,0,1
906661364591500,1790932321.503312,1503,tx,9031.5,225.8,514.3,,,1,0,0,1
906661504119100,1790932321.642841,1642,tx,1372.2,440.4,618.4,,,1,0,0,1
906661648041000,1790932321.786765,1786,tx,2627.2,389.3,617.2,,,1,0,0,1
906661792055100,1790932321.930781,1930,tx,15228.4,391.3,565.3,,,1,0,0,1
906661931030300,1790932322.069757,2069,tx,4476.0,184.0,635.4,,,1,0,0,1
906662071918700,1790932322.210647,2210,tx,2020.3,214.3,400.2,,,1,0,0,1
906662215285500,1790932322.354015,2354,tx,2081.0,255.0,526.2,,,1,0,0,1
906662357874700,1790932322.496606,2496,tx,1277.8,225.7,431.7,,,1,0,0,1
906662497158900,1790932322.635892,2635,tx,1217.0,291.7,521.7,,,1,0,0,1
906662640211400,1790932322.778945,2778,tx,1811.1,257.4,513.0,,,1,0,0,1
906662780000900,1790932322.918737,2918,tx,1805.3,324.9,549.0,,,1,0,0,1
906662920568400,1790932323.059305,3059,tx,1429.5,200.3,614.0,,,1,0,0,1
906663065341200,1790932323.204079,3204,tx,2232.0,238.3,771.2,,,1,0,0,1
906663207297800,1790932323.346037,3346,tx,2780.5,292.1,663.4,,,1,0,0,1
906663347565600,1790932323.486306,3486,tx,1562.2,170.2,538.6,,,1,0,0,1
906663489309100,1790932323.628052,3628,tx,1246.6,216.0,398.9,,,1,0,0,1
906663630164000,1790932323.768909,3768,tx,1293.4,343.8,525.7,,,1,0,0,1
906663783816800,1790932323.922563,3922,tx,1499.4,440.9,749.3,,,1,0,0,1
906663930700000,1790932324.069448,4069,tx,1363.1,250.4,450.5,,,1,0,0,1
906664073380900,1790932324.212130,4212,tx,1746.2,247.5,507.2,,,1,0,0,1
906664214693000,1790932324.353443,4353,tx,35592.2,476.3,862.1,,,1,0,0,1
906664384550400,1790932324.523302,4523,tx,2840.6,269.1,525.1,,,1,0,0,1
906664527029000,1790932324.665782,4665,tx,2025.9,314.6,598.4,,,1,0,0,1
906664669089600,1790932324.807845,4807,tx,5242.9,303.4,587.5,,,1,0,0,1
906664808832800,1790932324.947589,4947,tx,1272.9,207.5,400.6,,,1,0,0,1
906664966448500,1790932325.105207,5105,tx,1479.1,232.4,475.4,,,1,0,0,1
906665106401400,1790932325.245161,5245,tx,3061.2,191.6,481.1,,,1,0,0,1
906665287602700,1790932325.426364,5426,tx,1671.0,179.5,377.2,,,1,0,0,1
906665433759200,1790932325.572522,5572,tx,1427.0,215.3,411.7,,,1,0,0,1
906665576281500,1790932325.715046,5715,tx,1610.8,198.9,461.0,,,1,0,0,1
906665716484000,1790932325.855250,5855,tx,3000.4,175.7,398.5,,,1,0,0,1
906665856763600,1790932325.995531,5995,tx,8529.9,222.3,410.8,,,1,0,0,1
906665997675700,1790932326.136445,6136,tx,1365.3,215.9,433.1,,,1,0,0,1
906666139944000,1790932326.278715,6278,tx,1811.5,401.7,636.2,,,1,0,0,1
906666286937500,1790932326.425710,6425,tx,6611.6,412.9,726.4,,,1,0,0,1
906666446733100,1790932326.585507,6585,tx,2555.8,226.9,444.7,,,1,0,0,1
906666588235400,1790932326.727010,6727,tx,1916.5,234.1,484.1,,,1,0,0,1
906666729374500,1790932326.868151,6868,tx,49491.3,189.6,383.9,,,1,0,0,1
906666880382000,1790932327.019160,7019,tx,1978.9,271.8,581.4,,,1,0,0,1
906667027458100,1790932327.166237,7166,tx,2201.0,243.5,668.9,,,1,0,0,1
906667166190700,1790932327.304972,7304,tx,9240.8,246.9,442.8,,,1,0,0,1
906667306873500,1790932327.445656,7445,tx,1711.0,415.0,713.0,,,1,0,0,1
906667448812100,1790932327.587596,7587,tx,1286.6,242.2,459.4,,,1,0,0,1
906667590935400,1790932327.729721,7729,tx,1980.8,425.5,701.7,,,1,0,0,1
906667730915000,1790932327.869702,7869,tx,58073.8,153.8,324.7,,,1,0,0,1
906667909108100,1790932328.047897,8047,tx,2261.4,320.0,740.4,,,1,0,0,1
906668061441100,1790932328.200232,8200,tx,1180.1,214.5,411.8,,,1,0,0,1
906668203275400,1790932328.342067,8342,tx,1492.9,245.6,475.1,,,1,0,0,1
906668343098000,1790932328.481892,8481,tx,1938.7,332.1,587.3,,,1,0,0,1
906668484766400,1790932328.623561,8623,tx,4781.9,163.8,381.4,,,1,0,0,1
906668627995900,1790932328.766792,8766,tx,1476.9,374.3,640.8,,,1,0,0,1
906668769092200,1790932328.907890,8907,tx,1432.8,393.6,584.2,,,1,0,0,1
906668910244400,1790932329.049044,9049,tx,12658.9,200.6,358.4,,,1,0,0,1
906669050914800,1790932329.189716,9189,tx,1491.5,219.1,413.8,,,1,0,0,1
906669191769500,1790932329.330571,9330,tx,1498.8,221.2,458.3,,,1,0,0,1
906669332297500,1790932329.471101,9471,tx,1368.4,230.1,436.0,,,1,0,0,1
906669472658200,1790932329.611463,9611,tx,1186.7,214.2,406.8,,,1,0,0,1
906669612966600,1790932329.751773,9751,tx,2037.3,273.2,688.3,,,1,0,0,1
906669782382600,1790932329.921191,9921,tx,9435.2,171.2,399.2,,,1,0,0,1
906669942979500,1790932330.081789,10081,tx,1356.4,348.6,647.9,,,1,0,0,1
906670081940500,1790932330.220752,10220,tx,1388.3,180.8,391.2,,,1,0,0,1
906670223222100,1790932330.362035,10362,tx,27650.4,280.9,741.1,,,1,0,0,1
906670362061300,1790932330.500875,10500,tx,2570.9,239.4,812.6,,,1,0,0,1
906670507650500,1790932330.646466,10646,tx,1559.0,190.7,556.1,,,1,0,0,1
906670650315200,1790932330.789132,10789,tx,1210.3,203.4,414.7,,,1,0,0,1
906670807446100,1790932330.946265,10946,tx,1586.8,255.4,488.0,,,1,0,0,1
906670948124600,1790932331.086945,11086,tx,1610.9,348.8,545.8,,,1,0,0,1
906671090304700,1790932331.229126,11229,tx,2603.5,247.6,610.0,,,1,0,0,1
906671286095600,1790932331.424920,11424,tx,1390.1,413.2,580.6,,,1,0,0,1
906671433678300,1790932331.572504,11572,tx,1728.1,203.0,374.0,,,1,0,0,1
906671576883500,1790932331.715711,11715,tx,1158.7,186.5,368.3,,,1,0,0,1
906671718699500,1790932331.857528,11857,tx,1254.9,182.4,367.6,,,1,0,0,1
906671858850000,1790932331.997679,11997,tx,20577.1,302.4,741.4,,,1,0,0,1
906672014521900,1790932332.153354,12153,tx,1314.7,237.3,432.2,,,1,0,0,1
906672155942900,1790932332.294776,12294,tx,2263.5,285.1,655.4,,,1,0,0,1
906672297955500,1790932332.436790,12436,tx,7854.3,404.7,591.9,,,1,0,0,1
906672439070400,1790932332.577906,12577,tx,2637.1,267.3,648.1,,,1,0,0,1
906672576085100,1790932332.714922,12714,tx,1338.8,328.9,518.9,,,1,0,0,1
906672723921600,1790932332.862761,12862,tx,53720.5,421.7,645.9,,,1,0,0,1
906672878482500,1790932333.017323,13017,tx,2029.8,227.9,426.3,,,1,0,0,1
906673017639700,1790932333.156482,13156,tx,1529.2,229.5,599.3,,,1,0,0,1
906673160396200,1790932333.299239,13299,tx,2492.1,308.6,590.4,,,1,0,0,1
906673302081400,1790932333.440926,13440,tx,2049.2,276.3,569.2,,,1,0,0,1
906673446733200,1790932333.585580,13585,tx,1617.1,194.1,434.3,,,1,0,0,1
906673587796900,1790932333.726644,13726,tx,3764.9,313.9,752.8,,,1,0,0,1
906673729635200,1790932333.868484,13868,tx,60340.6,224.3,443.5,,,1,0,0,1
906673908706600,1790932334.047558,14047,tx,1602.1,241.5,507.0,,,1,0,0,1
906674057827900,1790932334.196681,14196,tx,1672.1,236.3,499.6,,,1,0,0,1
906674201007600,1790932334.339862,14339,tx,1466.3,358.8,629.2,,,1,0,0,1
906674341236600,1790932334.480093,14480,tx,1432.6,245.0,488.9,,,1,0,0,1
906674483436000,1790932334.622293,14622,tx,2083.0,170.3,460.1,,,1,0,0,1
906674640627000,1790932334.779486,14779,tx,1363.8,236.8,424.6,,,1,0,0,1
906674779849800,1790932334.918710,14918,tx,1574.1,208.5,438.7,,,1,0,0,1
906674921106700,1790932335.059968,59,tx,2494.9,207.4,657.1,,,1,0,0,1
906675072455800,1790932335.211319,211,tx,1164.5,249.9,442.1,,,1,0,0,1
906675221002200,1790932335.359867,359,tx,63108.6,318.3,528.1,,,1,0,0,1
906675401771400,1790932335.540638,540,tx,1554.6,372.1,545.4,,,1,0,0,1
906675544839800,1790932335.683708,683,tx,1441.4,246.0,471.6,,,1,0,0,1
906675690988300,1790932335.829857,829,tx,12779.5,344.5,911.6,,,1,0,0,1
906675831766800,1790932335.970638,970,tx,1301.4,199.6,416.0,,,1,0,0,1
906675981989100,1790932336.120862,1120,tx,1570.5,396.1,594.1,,,1,0,0,1
906676122431900,1790932336.261306,1261,tx,3548.0,353.0,802.3,,,1,0,0,1
906676279144300,1790932336.418020,1418,tx,1450.4,202.3,532.6,,,1,0,0,1
906676421081800,1790932336.559959,1559,tx,1588.1,399.7,571.3,,,1,0,0,1
906676561970300,1790932336.700849,1700,tx,3636.5,341.7,662.5,,,1,0,0,1
906676703537300,1790932336.842418,1842,tx,1495.5,221.4,428.4,,,1,0,0,1
906676845178100,1790932336.984060,1984,tx,1440.4,211.6,456.3,,,1,0,0,1
906676986897900,1790932337.125781,2125,tx,1552.6,182.2,409.6,,,1,0,0,1
906677129395600,1790932337.268280,2268,tx,1978.7,178.4,500.2,,,1,0,0,1
906677280968600,1790932337.419855,2419,tx,1368.3,199.7,350.1,,,1,0,0,1
906677426854700,1790932337.565742,2565,tx,2212.6,399.7,684.4,,,1,0,0,1
906677566787000,1790932337.705676,2705,tx,1981.9,200.6,426.8,,,1,0,0,1
906677707658200,1790932337.846549,2846,tx,1544.1,192.1,513.8,,,1,0,0,1
906677851031700,1790932337.989924,2989,tx,1657.7,407.3,628.2,,,1,0,0,1
906677990949900,1790932338.129844,3129,tx,5197.9,208.7,351.0,,,1,0,0,1
906678132759200,1790932338.271654,3271,tx,2019.7,417.2,725.2,,,1,0,0,1
906678281052700,1790932338.419950,3419,tx,1489.1,213.6,319.2,,,1,0,0,1
906678431156800,1790932338.570055,3570,tx,8413.3,231.2,424.0,,,1,0,0,1
906678589275400,1790932338.728175,3728,tx,2425.6,230.5,731.1,,,1,0,0,1
906678729154200,1790932338.868056,3868,tx,54773.6,963.8,1148.5,,,1,0,0,1
906678908181800,1790932339.047085,4047,tx,1477.0,223.2,507.6,,,1,0,0,1
906679058871500,1790932339.197776,4197,tx,1395.2,229.2,465.2,,,1,0,0,1
906679213904700,1790932339.352811,4352,tx,1447.1,221.0,416.2,,,1,0,0,1
906679354094600,1790932339.493002,4493,tx,2447.0,202.9,826.2,,,1,0,0,1
906679495369200,1790932339.634278,4634,tx,2247.1,221.4,506.6,,,1,0,0,1
906679638030600,1790932339.776941,4776,tx,1207.6,420.7,586.2,,,1,0,0,1
906679795364400,1790932339.934277,4934,tx,2788.7,225.5,376.0,,,1,0,0,1
906679936393500,1790932340.075307,5075,tx,3143.8,245.5,556.0,,,1,0,0,1
906680093544200,1790932340.232460,5232,tx,1378.5,182.4,373.8,,,1,0,0,1
906680287736700,1790932340.426655,5426,tx,5870.1,169.1,309.1,,,1,0,0,1
906680437049700,1790932340.575969,5575,tx,2140.3,230.4,598.6,,,1,0,0,1
906680576635000,1790932340.715556,5715,tx,1375.1,229.9,437.5,,,1,0,0,1
906680717751400,1790932340.856673,5856,tx,1113.4,203.2,397.5,,,1,0,0,1
906680860319700,1790932340.999243,5999,tx,1168.8,192.3,369.3,,,1,0,0,1
906681001650500,1790932341.140575,6140,tx,1994.4,401.1,841.3,,,1,0,0,1
906681143268100,1790932341.282194,6282,tx,1779.1,267.2,553.4,,,1,0,0,1
906681286043100,1790932341.424972,6424,tx,7220.9,398.2,548.9,,,1,0,0,1
906681425086300,1790932341.564016,6564,tx,1374.0,422.6,607.5,,,1,0,0,1
906681567399900,1790932341.706331,6706,tx,1222.3,164.8,321.9,,,1,0,0,1
906681709966800,1790932341.848898,6848,tx,74280.1,308.5,742.9,,,1,0,0,1
906681909389100,1790932342.048323,7048,tx,3118.5,499.2,1158.5,,,1,0,0,1
906682052023100,1790932342.190959,7190,tx,1369.2,417.2,606.5,,,1,0,0,1
906682193884700,1790932342.332822,7332,tx,1338.1,272.4,481.7,,,1,0,0,1
906682335330800,1790932342.474270,7474,tx,1337.8,213.3,398.3,,,1,0,0,1
906682475369200,1790932342.614309,7614,tx,5186.7,198.7,361.3,,,1,0,0,1
906682617460800,1790932342.756403,7756,tx,1214.3,237.6,437.0,,,1,0,0,1
906682788154400,1790932342.927098,7927,tx,1463.8,323.4,437.6,,,1,0,0,1
906682929730100,1790932343.068675,8068,tx,1159.4,166.6,347.6,,,1,0,0,1
906683070415300,1790932343.209361,8209,tx,1483.2,219.1,489.4,,,1,0,0,1
906683212364700,1790932343.351312,8351,tx,1319.8,203.3,431.0,,,1,0,0,1
906683354558500,1790932343.493508,8493,tx,3077.3,197.2,447.3,,,1,0,0,1
906683494806400,1790932343.633757,8633,tx,2015.8,277.1,490.7,,,1,0,0,1
906683637767300,1790932343.776720,8776,tx,1363.8,267.6,529.0,,,1,0,0,1
906683778006800,1790932343.916961,8916,tx,1350.3,384.9,565.2,,,1,0,0,1
906683932654800,1790932344.071610,9071,tx,1376.8,210.2,420.8,,,1,0,0,1
906684075336000,1790932344.214293,9214,tx,1669.9,165.0,558.9,,,1,0,0,1
906684214386800,1790932344.353345,9353,tx,2079.6,302.7,624.5,,,1,0,0,1
906684355068600,1790932344.494029,9494,tx,1565.2,228.6,490.9,,,1,0,0,1
906684495821700,1790932344.634783,9634,tx,2172.4,449.6,717.0,,,1,0,0,1
906684638132000,1790932344.777095,9777,tx,2184.8,192.6,539.9,,,1,0,0,1
906684783438900,1790932344.922403,9922,tx,1061.8,213.1,381.4,,,1,0,0,1
906684921763500,1790932345.060730,10060,tx,1273.1,113.4,304.6,,,1,0,0,1
906685063950900,1790932345.202918,10202,tx,2503.1,258.9,992.3,,,1,0,0,1
906685206288200,1790932345.345257,10345,tx,8229.5,209.1,383.0,,,1,0,0,1
906685347673200,1790932345.486643,10486,tx,1419.3,198.0,447.2,,,1,0,0,1
906685489646300,1790932345.628618,10628,tx,2113.2,253.4,543.6,,,1,0,0,1
906685631079300,1790932345.770052,10770,tx,2834.4,278.2,667.5,,,1,0,0,1
906685787618000,1790932345.926593,10926,tx,2013.2,163.5,398.5,,,1,0,0,1
906685928943700,1790932346.067920,11067,tx,1542.0,423.4,653.0,,,1,0,0,1
906686071645100,1790932346.210623,11210,tx,1642.0,205.7,412.7,,,1,0,0,1
906686212873700,1790932346.351853,11351,tx,1474.3,217.3,393.3,,,1,0,0,1
906686352927100,1790932346.491907,11491,tx,3160.2,303.6,697.1,,,1,0,0,1
906686495118300,1790932346.634100,11634,tx,1545.0,185.2,578.0,,,1,0,0,1
906686636087800,1790932346.775071,11775,tx,2392.7,263.4,473.7,,,1,0,0,1
906686777460400,1790932346.916445,11916,tx,1448.1,232.6,419.6,,,1,0,0,1
906686919707100,1790932347.058694,12058,tx,1499.7,243.4,478.6,,,1,0,0,1
906687061067000,1790932347.200055,12200,tx,1914.5,229.6,472.9,,,1,0,0,1
906687202514400,1790932347.341504,12341,tx,1376.1,238.3,455.2,,,1,0,0,1
906687344471900,1790932347.483463,12483,tx,1810.0,223.0,436.0,,,1,0,0,1
906687486141100,1790932347.625133,12625,tx,6031.5,295.0,2346.8,,,1,0,0,1
906687626724600,1790932347.765718,12765,tx,1645.8,219.3,415.5,,,1,0,0,1
906687779352400,1790932347.918348,12918,tx,1173.0,198.7,320.4,,,1,0,0,1
906687924461200,1790932348.063458,13063,tx,1536.1,226.1,534.0,,,1,0,0,1
906688065768700,1790932348.204767,13204,tx,1237.0,162.7,334.4,,,1,0,0,1
906688208053600,1790932348.347053,13347,tx,1528.1,327.1,557.8,,,1,0,0,1
906688349481200,1790932348.488482,13488,tx,1533.6,300.9,558.6,,,1,0,0,1
906688488884300,1790932348.627887,13627,tx,10354.4,446.1,727.1,,,1,0,0,1
906688628515200,1790932348.767519,13767,tx,1337.7,200.7,394.4,,,1,0,0,1
906688786076600,1790932348.925083,13925,tx,1600.9,419.5,618.8,,,1,0,0,1
906688926849600,1790932349.065856,14065,tx,32418.9,313.0,918.5,,,1,0,0,1
906689068219000,1790932349.207228,14207,tx,1353.7,256.3,418.0,,,1,0,0,1
906689210001100,1790932349.349011,14349,tx,1578.9,429.7,639.2,,,1,0,0,1
906689351877400,1790932349.490889,14490,tx,1505.4,389.4,678.4,,,1,0,0,1
906689507159200,1790932349.646173,14646,tx,1925.5,199.8,456.8,,,1,0,0,1
906689650584300,1790932349.789598,14789,tx,2993.6,444.4,908.5,,,1,0,0,1
906689792817300,1790932349.931834,14931,tx,1701.2,419.3,788.4,,,1,0,0,1
906689935384700,1790932350.074403,74,tx,1562.6,178.3,388.5,,,1,0,0,1
906690093304800,1790932350.232324,232,tx,1632.4,288.0,513.5,,,1,0,0,1
906690291033900,1790932350.430056,430,tx,1321.7,138.0,242.3,,,1,0,0,1
906690438213100,1790932350.577236,577,tx,2766.2,239.5,537.1,,,1,0,0,1
906690578335900,1790932350.717360,717,tx,1929.1,165.2,341.5,,,1,0,0,1
906690720283400,1790932350.859309,859,tx,58310.2,190.9,455.3,,,1,0,0,1
906690880974800,1790932351.020002,1020,tx,5011.6,380.9,1074.8,,,1,0,0,1
906691021412600,1790932351.160442,1160,tx,1904.1,217.0,422.1,,,1,0,0,1
906691163871100,1790932351.302902,1302,tx,1813.7,390.3,633.6,,,1,0,0,1
906691305485900,1790932351.444518,1444,tx,2990.6,221.5,692.2,,,1,0,0,1
906691445716800,1790932351.584750,1584,tx,24733.7,247.2,1045.8,,,1,0,0,1
906691598580000,1790932351.737615,1737,tx,1685.6,222.7,554.1,,,1,0,0,1
906691788267600,1790932351.927305,1927,tx,1189.3,256.1,410.9,,,1,0,0,1
906691932247000,1790932352.071286,2071,tx,1283.6,191.0,387.0,,,1,0,0,1
906692073221400,1790932352.212261,2212,tx,3831.4,324.5,766.7,,,1,0,0,1
906692216965500,1790932352.356007,2356,tx,1506.2,296.9,589.0,,,1,0,0,1
906692373031700,1790932352.512075,2512,tx,1903.2,378.5,635.4,,,1,0,0,1
906692514758700,1790932352.653803,2653,tx,1755.2,213.9,548.3,,,1,0,0,1
906692657698300,1790932352.796744,2796,tx,1833.0,427.4,835.4,,,1,0,0,1
906692800012500,1790932352.939060,2939,tx,1408.3,438.1,622.9,,,1,0,0,1
906692939359800,1790932353.078409,3078,tx,1586.2,229.0,453.9,,,1,0,0,1
906693080931900,1790932353.219982,3219,tx,11047.2,168.4,531.7,,,1,0,0,1
906693290862600,1790932353.429916,3429,tx,1220.6,196.0,328.2,,,1,0,0,1
906693442787100,1790932353.581841,3581,tx,1874.6,253.2,518.8,,,1,0,0,1
906693586047400,1790932353.725103,3725,tx,1535.9,441.7,639.8,,,1,0,0,1
906693726474600,1790932353.865532,3865,tx,57255.6,202.0,367.4,,,1,0,0,1
906693884394800,1790932354.023454,4023,tx,1649.3,274.6,539.7,,,1,0,0,1
906694023415900,1790932354.162477,4162,tx,1153.8,231.1,419.7,,,1,0,0,1
906694164454700,1790932354.303516,4303,tx,1977.8,216.9,501.0,,,1,0,0,1
906694304083800,1790932354.443147,4443,tx,1474.4,199.3,555.4,,,1,0,0,1
906694444925300,1790932354.583990,4583,tx,2749.5,418.4,708.5,,,1,0,0,1
906694584919900,1790932354.723986,4723,tx,1266.5,209.2,401.1,,,1,0,0,1
906694727599400,1790932354.866667,4866,tx,61480.6,221.3,513.2,,,1,0,0,1
906694908925500,1790932355.047995,5047,tx,1858.0,348.4,664.5,,,1,0,0,1
906695058083700,1790932355.197155,5197,tx,5804.3,261.2,492.8,,,1,0,0,1
906695197432700,1790932355.336506,5336,tx,1408.7,198.5,514.5,,,1,0,0,1
906695338600900,1790932355.477675,5477,tx,1185.4,210.3,408.6,,,1,0,0,1
906695479831200,1790932355.618907,5618,tx,1558.3,153.3,397.0,,,1,0,0,1
906695620778200,1790932355.759855,5759,tx,1527.6,239.0,540.6,,,1,0,0,1
906695759827600,1790932355.898906,5898,tx,1375.8,244.6,448.1,,,1,0,0,1
906695899416500,1790932356.038496,6038,tx,1419.6,167.1,421.6,,,1,0,0,1
906696041444100,1790932356.180525,6180,tx,21996.5,467.5,1073.9,,,1,0,0,1
906696183953000,1790932356.323036,6323,tx,1675.0,368.2,614.2,,,1,0,0,1
906696323155900,1790932356.462240,6462,tx,1230.4,277.1,471.6,,,1,0,0,1
906696465558400,1790932356.604644,6604,tx,3341.0,334.2,726.0,,,1,0,0,1
906696606330700,1790932356.745418,6745,tx,1621.5,210.6,593.0,,,1,0,0,1
906696788875700,1790932356.927965,6927,tx,1316.4,192.3,323.5,,,1,0,0,1
906696934755100,1790932357.073845,7073,tx,1664.4,429.5,849.7,,,1,0,0,1
906697091985100,1790932357.231078,7231,tx,1561.2,406.2,615.8,,,1,0,0,1
906697230678400,1790932357.369772,7369,tx,27885.1,150.2,372.5,,,1,0,0,1
906697387573900,1790932357.526669,7526,tx,2298.6,171.4,613.5,,,1,0,0,1
906697527585000,1790932357.666682,7666,tx,1298.3,156.8,347.3,,,1,0,0,1
906697669325600,1790932357.808423,7808,tx,2558.7,222.6,583.6,,,1,0,0,1
906697810381500,1790932357.949481,7949,tx,1593.1,235.1,608.8,,,1,0,0,1
906697948276600,1790932358.087378,8087,tx,1654.8,183.9,529.8,,,1,0,0,1
906698090325800,1790932358.229429,8229,tx,1684.6,249.6,474.7,,,1,0,0,1
906698280471300,1790932358.419576,8419,tx,1322.2,167.9,308.6,,,1,0,0,1
906698419524900,1790932358.558631,8558,tx,1518.3,248.1,467.6,,,1,0,0,1
906698561845800,1790932358.700953,8700,tx,1378.6,252.1,442.4,,,1,0,0,1
906698702576300,1790932358.841686,8841,tx,1144.6,172.7,345.1,,,1,0,0,1
906698842976600,1790932358.982087,8982,tx,2042.0,452.1,690.0,,,1,0,0,1
906698997219800,1790932359.136332,9136,tx,2445.6,851.3,1059.1,,,1,0,0,1
906699137724300,1790932359.276838,9276,tx,1814.7,174.4,480.8,,,1,0,0,1
906699285663200,1790932359.424778,9424,tx,1736.3,237.9,487.9,,,1,0,0,1
906699434500700,1790932359.573617,9573,tx,1422.2,211.3,486.1,,,1,0,0,1
906699577428300,1790932359.716547,9716,tx,1359.3,213.7,419.3,,,1,0,0,1
906699718738700,1790932359.857858,9857,tx,60116.9,502.2,830.9,,,1,0,0,1
906699908740900,1790932360.047863,10047,tx,1339.6,179.4,426.3,,,1,0,0,1
906700049246900,1790932360.188370,10188,tx,2287.3,227.3,519.1,,,1,0,0,1
906700190705300,1790932360.329829,10329,tx,26489.9,330.8,928.5,,,1,0,0,1
906700331517200,1790932360.470643,10470,tx,1651.0,205.1,536.0,,,1,0,0,1
906700472729900,1790932360.611857,10611,tx,1547.7,209.2,388.0,,,1,0,0,1
906700614993100,1790932360.754122,10754,tx,2162.9,370.1,626.1,,,1,0,0,1
906700786413600,1790932360.925545,10925,tx,1538.2,219.7,377.2,,,1,0,0,1
906700929915000,1790932361.069047,11069,tx,1664.2,405.1,633.9,,,1,0,0,1
906701072668800,1790932361.211802,11211,tx,5797.9,170.0,410.2,,,1,0,0,1
906701212137600,1790932361.351273,11351,tx,1709.2,219.5,580.9,,,1,0,0,1
906701356873500,1790932361.496010,11496,tx,1771.9,248.9,474.2,,,1,0,0,1
906701497642000,1790932361.636780,11636,tx,2079.3,223.2,509.2,,,1,0,0,1
906701640117300,1790932361.779257,11779,tx,1397.0,255.5,473.3,,,1,0,0,1
906701783072800,1790932361.922214,11922,tx,1189.0,394.7,564.2,,,1,0,0,1
906701924104500,1790932362.063247,12063,tx,2056.8,240.3,529.3,,,1,0,0,1
906702066056400,1790932362.205201,12205,tx,1323.3,438.0,590.8,,,1,0,0,1
906702207328300,1790932362.346474,12346,tx,1195.2,217.7,485.6,,,1,0,0,1
906702347602800,1790932362.486750,12486,tx,1468.8,185.2,459.9,,,1,0,0,1
906702489435500,1790932362.628584,12628,tx,9245.0,180.9,378.4,,,1,0,0,1
906702633042300,1790932362.772192,12772,tx,1317.6,388.3,593.9,,,1,0,0,1
906702785863100,1790932362.925015,12925,tx,1296.6,198.3,331.1,,,1,0,0,1
906702930193600,1790932363.069346,13069,tx,13046.8,211.1,526.0,,,1,0,0,1
906703068424400,1790932363.207579,13207,tx,1262.9,197.6,442.0,,,1,0,0,1
906703216717200,1790932363.355873,13355,tx,1868.4,202.9,462.8,,,1,0,0,1
906703358308900,1790932363.497466,13497,tx,12226.5,258.2,719.7,,,1,0,0,1
906703501405000,1790932363.640564,13640,tx,1385.5,185.1,435.0,,,1,0,0,1
906703643809500,1790932363.782970,13782,tx,2238.9,339.7,811.8,,,1,0,0,1
906703785891200,1790932363.925053,13925,tx,1299.7,243.9,375.1,,,1,0,0,1
906703926640400,1790932364.065804,14065,tx,1714.5,178.3,363.8,,,1,0,0,1
906704068853300,1790932364.208018,14208,tx,1233.4,233.2,415.8,,,1,0,0,1
906704210212000,1790932364.349378,14349,tx,2181.4,235.9,557.6,,,1,0,0,1
906704351483500,1790932364.490651,14490,tx,10026.2,210.6,436.8,,,1,0,0,1
906704492678300,1790932364.631848,14631,tx,1454.8,246.0,475.6,,,1,0,0,1
906704634746500,1790932364.773917,14773,tx,2446.0,328.5,871.8,,,1,0,0,1
906704775583800,1790932364.914756,14914,tx,1427.8,232.5,454.1,,,1,0,0,1
906704916580500,1790932365.055754,55,tx,8126.3,212.3,514.6,,,1,0,0,1
906705057658100,1790932365.196833,196,tx,1360.9,197.4,413.7,,,1,0,0,1
906705199699000,1790932365.338876,338,tx,1421.7,186.9,385.3,,,1,0,0,1
906705340587200,1790932365.479765,479,tx,8562.0,217.4,423.7,,,1,0,0,1
906705480754500,1790932365.619934,619,tx,1224.9,192.4,390.0,,,1,0,0,1
906705621718000,1790932365.760899,760,tx,2282.9,413.5,780.9,,,1,0,0,1
906705790655600,1790932365.929838,929,tx,1829.1,351.0,817.7,,,1,0,0,1
906705934628700,1790932366.073813,1073,tx,1356.7,249.7,433.4,,,1,0,0,1
906706076741100,1790932366.215926,1215,tx,3395.5,426.6,793.0,,,1,0,0,1
906706218028900,1790932366.357216,1357,tx,1311.2,385.8,619.5,,,1,0,0,1
906706360225500,1790932366.499414,1499,tx,1369.2,193.8,405.9,,,1,0,0,1
906706500471800,1790932366.639662,1639,tx,1801.9,170.0,751.7,,,1,0,0,1
906706641872600,1790932366.781064,1781,tx,10732.3,370.7,656.0,,,1,0,0,1
906706786159300,1790932366.925353,1925,tx,8811.4,329.6,514.5,,,1,0,0,1
906706924450400,1790932367.063645,2063,tx,1705.0,190.6,600.3,,,1,0,0,1
906707066115800,1790932367.205312,2205,tx,1699.0,214.9,440.8,,,1,0,0,1
906707207010800,1790932367.346209,2346,tx,1309.5,428.8,623.1,,,1,0,0,1
906707349180500,1790932367.488379,2488,tx,1719.3,231.0,506.4,,,1,0,0,1
906707490112100,1790932367.629313,2629,tx,2369.2,313.9,694.3,,,1,0,0,1
906707630831600,1790932367.770034,2770,tx,6636.2,180.9,368.6,,,1,0,0,1
906707773176900,1790932367.912380,2912,tx,1254.4,273.4,457.2,,,1,0,0,1
906707914521300,1790932368.053726,3053,tx,1936.4,275.9,562.7,,,1,0,0,1
906708055657900,1790932368.194864,3194,tx,1451.4,202.6,451.9,,,1,0,0,1
906708197165600,1790932368.336373,3336,tx,1508.1,196.5,439.0,,,1,0,0,1
906708340712900,1790932368.479922,3479,tx,1401.6,227.9,422.4,,,1,0,0,1
906708483632400,1790932368.622843,3622,tx,1628.2,218.7,541.0,,,1,0,0,1
906708623122800,1790932368.762335,3762,tx,9182.9,278.4,613.0,,,1,0,0,1
906708782441200,1790932368.921655,3921,tx,8479.7,217.7,602.8,,,1,0,0,1
906708922082000,1790932369.061297,4061,tx,2320.2,221.2,777.6,,,1,0,0,1
906709062816600,1790932369.202034,4202,tx,2017.5,475.8,715.5,,,1,0,0,1
906709203183100,1790932369.342401,4342,tx,1236.8,277.6,464.7,,,1,0,0,1
906709344346600,1790932369.483566,4483,tx,4069.1,287.6,573.0,,,1,0,0,1
906709487225400,1790932369.626446,4626,tx,11714.9,219.1,602.1,,,1,0,0,1
906709628667900,1790932369.767891,4767,tx,1529.1,199.1,386.2,,,1,0,0,1
906709783249500,1790932369.922474,4922,tx,1211.9,205.2,404.7,,,1,0,0,1
906709927183800,1790932370.066410,5066,tx,16023.0,204.2,451.0,,,1,0,0,1
906710065981000,1790932370.205208,5205,tx,1610.9,377.9,551.1,,,1,0,0,1
906710208483200,1790932370.347712,5347,tx,2062.0,249.8,493.3,,,1,0,0,1
906710349924200,1790932370.489155,5489,tx,1673.8,375.5,676.3,,,1,0,0,1
906710506992800,1790932370.646225,5646,tx,1796.3,354.0,592.4,,,1,0,0,1
906710649130800,1790932370.788364,5788,tx,1286.6,242.9,460.7,,,1,0,0,1
906710787607100,1790932370.926842,5926,tx,1428.6,178.2,588.0,,,1,0,0,1
906710928900400,1790932371.068137,6068,tx,1726.4,367.0,639.2,,,1,0,0,1
906711071673000,1790932371.210911,6210,tx,1283.0,246.9,448.3,,,1,0,0,1
906711213494200,1790932371.352733,6352,tx,2164.0,260.4,575.4,,,1,0,0,1
906711355469200,1790932371.494710,6494,tx,4873.1,245.4,465.9,,,1,0,0,1
906711496568300,1790932371.635811,6635,tx,1687.8,238.0,460.2,,,1,0,0,1
906711637617800,1790932371.776861,6776,tx,1353.2,168.1,352.7,,,1,0,0,1
906711787547700,1790932371.926793,6926,tx,8534.4,295.1,647.8,,,1,0,0,1
906711935743100,1790932372.074990,7074,tx,2430.9,418.5,771.7,,,1,0,0,1
906712091945100,1790932372.231194,7231,tx,1983.7,460.8,712.2,,,1,0,0,1
906712233696700,1790932372.372947,7372,tx,18879.3,215.6,439.4,,,1,0,0,1
906712387163700,1790932372.526415,7526,tx,2800.2,193.0,627.2,,,1,0,0,1
906712532216200,1790932372.671469,7671,tx,1646.2,237.8,468.1,,,1,0,0,1
906712672826400,1790932372.812081,7812,tx,1942.6,199.6,446.0,,,1,0,0,1
906712812951000,1790932372.952207,7952,tx,1503.1,432.7,622.0,,,1,0,0,1
906712967470900,1790932373.106728,8106,tx,1675.2,289.7,543.4,,,1,0,0,1
906713113402500,1790932373.252661,8252,tx,6886.6,315.5,676.9,,,1,0,0,1
906713286352400,1790932373.425614,8425,tx,1432.9,215.0,353.7,,,1,0,0,1
906713424869700,1790932373.564132,8564,tx,9857.8,341.9,644.7,,,1,0,0,1
906713566592300,1790932373.705856,8705,tx,2187.0,174.2,466.5,,,1,0,0,1
906713707641700,1790932373.846907,8846,tx,1183.5,193.0,380.8,,,1,0,0,1
906713847142100,1790932373.986409,8986,tx,1959.1,214.1,470.9,,,1,0,0,1
906713985851400,1790932374.125119,9125,tx,1293.7,196.2,386.1,,,1,0,0,1
906714128680900,1790932374.267950,9267,tx,1717.9,234.8,579.2,,,1,0,0,1
906714284895600,1790932374.424167,9424,tx,1603.2,209.3,344.2,,,1,0,0,1
906714427354600,1790932374.566627,9566,tx,1710.8,239.8,464.6,,,1,0,0,1
906714568780200,1790932374.708054,9708,tx,2995.9,339.5,692.8,,,1,0,0,1
906714709926300,1790932374.849201,9849,tx,3779.6,266.4,776.5,,,1,0,0,1
906714850983500,1790932374.990260,9990,tx,8254.7,375.5,653.8,,,1,0,0,1
906715007666300,1790932375.146945,10146,tx,1084.1,194.1,370.7,,,1,0,0,1
906715149119200,1790932375.288399,10288,tx,2670.2,298.3,774.3,,,1,0,0,1
906715289935900,1790932375.429218,10429,tx,9040.5,190.9,645.6,,,1,0,0,1
906715430610600,1790932375.569894,10569,tx,1197.1,192.1,381.2,,,1,0,0,1
906715571351700,1790932375.710636,10710,tx,1386.7,175.4,370.6,,,1,0,0,1
906715712033700,1790932375.851319,10851,tx,6102.7,255.5,716.0,,,1,0,0,1
906715852795800,1790932375.992084,10992,tx,1215.9,272.9,474.7,,,1,0,0,1
906715995718000,1790932376.135007,11135,tx,1204.0,215.0,415.1,,,1,0,0,1
906716138640900,1790932376.277931,11277,tx,1298.4,221.6,409.3,,,1,0,0,1
906716285068800,1790932376.424361,11424,tx,1255.1,391.3,497.6,,,1,0,0,1
906716437219900,1790932376.576514,11576,tx,1499.6,217.7,443.0,,,1,0,0,1
906716577771900,1790932376.717067,11717,tx,1539.2,173.9,449.3,,,1,0,0,1
906716718060600,1790932376.857357,11857,tx,1167.1,283.5,484.0,,,1,0,0,1
906716885117000,1790932377.024415,12024,tx,2232.0,256.7,488.1,,,1,0,0,1
906717029861600,1790932377.169161,12169,tx,2065.9,247.0,454.1,,,1,0,0,1
906717169506000,1790932377.308807,12308,tx,1367.5,228.9,438.0,,97001.8,1,0,0,1
906717310153900,1790932377.449457,12449,idle,1246.0,296.7,483.7,,,0,0,0,0
906717450929600,1790932377.590233,12590,idle,3508.2,231.1,622.3,,,0,0,0,0
906717618500400,1790932377.757806,12757,idle,9701.2,,,,,0,0,0,0
906717758674200,1790932377.897982,12897,idle,10479.4,,,,,0,0,0,0
906717908116300,1790932378.047425,13047,idle,156622.7,,,,,0,0,0,1
906718160792100,1790932378.300104,13300,tx,1869.1,303.7,676.4,,,1,0,0,1
906718298123600,1790932378.437437,13437,tx,1874.9,179.3,455.9,,,1,0,0,1
906718439224600,1790932378.578539,13578,tx,2512.1,232.6,502.7,,,1,0,0,1
906718580535500,1790932378.719851,13719,tx,1631.8,149.6,512.1,,,1,0,0,1
906718721615300,1790932378.860933,13860,tx,25881.9,186.8,350.8,,,1,0,0,1
906718863275000,1790932379.002594,14002,tx,1351.9,210.8,410.7,,,1,0,0,1
906719005263400,1790932379.144583,14144,tx,11139.1,191.5,405.4,,,1,0,0,1
906719145253400,1790932379.284575,14284,tx,1679.4,248.1,469.9,,,1,0,0,1
906719289234700,1790932379.428558,14428,tx,7322.1,237.1,414.9,,,1,0,0,1
906719428595000,1790932379.567920,14567,tx,1195.4,155.9,359.2,,,1,0,0,1
906719568571600,1790932379.707898,14707,tx,1787.1,393.7,864.8,,,1,0,0,1
906719709496100,1790932379.848824,14848,tx,1392.3,214.7,419.5,,,1,0,0,1
906719849937800,1790932379.989266,14989,tx,3559.6,1277.3,1753.0,,,1,0,0,1
906719994849400,1790932380.134180,134,tx,8518.1,175.9,356.8,,,1,0,0,1
906720141180400,1790932380.280513,280,tx,1132.8,235.0,417.9,,,1,0,0,1
906720278626000,1790932380.417959,417,tx,1459.1,210.7,526.3,,,1,0,0,1
906720430501100,1790932380.569836,569,tx,6315.6,131.7,308.4,,,1,0,0,1
906720570490800,1790932380.709827,709,tx,3703.3,330.6,578.9,,,1,0,0,1
906720711798600,1790932380.851136,851,tx,1304.0,224.2,417.4,,,1,0,0,1
906720851434100,1790932380.990773,990,tx,2077.9,191.2,693.7,,,1,0,0,1
906720993439700,1790932381.132780,1132,tx,2265.3,182.3,447.0,,,1,0,0,1
906721135624000,1790932381.274966,1274,tx,1222.8,223.2,438.6,,,1,0,0,1
906721279422600,1790932381.418766,1418,tx,1451.1,119.8,251.1,,,1,0,0,1
906721419622200,1790932381.558968,1558,tx,3602.6,140.3,333.3,,,1,0,0,1
906721561292600,1790932381.700639,1700,tx,1367.4,275.6,499.7,,,1,0,0,1
906721701303300,1790932381.840652,1840,tx,1936.6,215.4,515.0,,,1,0,0,1
906721841417600,1790932381.980767,1980,tx,2146.4,182.2,728.9,,,1,0,0,1
906721983318200,1790932382.122669,2122,tx,1370.9,225.6,424.4,,,1,0,0,1
906722140963900,1790932382.280317,2280,tx,2070.0,393.5,622.8,,,1,0,0,1
906722301307100,1790932382.440662,2440,tx,2467.3,163.6,363.7,,,1,0,0,1
906722451056800,1790932382.590413,2590,tx,1592.1,219.5,507.1,,,1,0,0,1
906722592126700,1790932382.731484,2731,tx,1950.4,198.3,480.9,,,1,0,0,1
906722733198400,1790932382.872557,2872,tx,65718.0,257.1,548.7,,,1,0,0,1
906722899744500,1790932383.039106,3039,tx,2254.8,212.6,376.3,,,1,0,0,1
906723047762200,1790932383.187124,3187,tx,8998.8,455.5,872.2,,,1,0,0,1
906723189632300,1790932383.328996,3328,tx,1635.4,223.5,512.2,,,1,0,0,1
906723330183300,1790932383.469548,3469,tx,2145.6,193.6,508.8,,,1,0,0,1
906723471101000,1790932383.610468,3610,tx,1412.9,330.8,559.4,,,1,0,0,1
906723615092200,1790932383.754460,3754,tx,1741.1,245.9,521.1,,,1,0,0,1
906723801098700,1790932383.940469,3940,tx,1257.5,327.0,518.5,,,1,0,0,1
906723944118700,1790932384.083490,4083,tx,1885.8,216.0,497.9,,,1,0,0,1
906724086960200,1790932384.226333,4226,tx,1466.7,385.0,571.1,,,1,0,0,1
906724227365200,1790932384.366740,4366,tx,3273.7,241.9,673.1,,,1,0,0,1
906724367353100,1790932384.506729,4506,tx,15259.4,293.0,1232.2,,,1,0,0,1
906724508644300,1790932384.648020,4648,tx,6534.3,343.6,1799.5,,,1,0,0,1
906724650287400,1790932384.789665,4789,tx,6244.9,251.2,899.7,,,1,0,0,1
906724789450500,1790932384.928831,4928,tx,2182.1,164.3,506.8,,,1,0,0,1
906724929312400,1790932385.068695,5068,tx,2974.7,187.2,347.6,,,1,0,0,1
906725070073000,1790932385.209456,5209,tx,1431.5,408.9,568.4,,,1,0,0,1
906725212299800,1790932385.351685,5351,tx,4089.3,251.5,658.4,,,1,0,0,1
906725353488400,1790932385.492875,5492,tx,6388.3,221.3,571.3,,,1,0,0,1
906725493563300,1790932385.632950,5632,tx,5093.0,308.4,1383.6,,,1,0,0,1
906725634685800,1790932385.774075,5774,tx,1786.0,273.7,522.6,,,1,0,0,1
906725799284300,1790932385.938675,5938,tx,1872.3,228.6,548.7,,,1,0,0,1
906725947340600,1790932386.086733,6086,tx,1441.8,228.6,486.7,,,1,0,0,1
906726089404600,1790932386.228798,6228,tx,4333.2,238.2,516.0,,,1,0,0,1
906726229736400,1790932386.369132,6369,tx,38167.9,414.6,857.5,,,1,0,0,1
906726373421700,1790932386.512818,6512,tx,1601.4,178.2,374.7,,,1,0,0,1
906726516043900,1790932386.655442,6655,tx,2479.7,258.8,586.8,,,1,0,0,1
906726656764900,1790932386.796165,6796,tx,10446.4,188.7,393.0,,,1,0,0,1
906726803964100,1790932386.943366,6943,tx,1450.8,389.4,534.9,,,1,0,0,1
906726950494600,1790932387.089897,7089,tx,2033.2,208.7,451.7,,,1,0,0,1
906727090723900,1790932387.230128,7230,tx,3747.2,350.3,801.4,,,1,0,0,1
906727231993400,1790932387.371399,7371,tx,1374.4,382.7,573.0,,,1,0,0,1
906727373004400,1790932387.512412,7512,tx,1392.2,403.9,600.8,,,1,0,0,1
906727516115300,1790932387.655524,7655,tx,1498.1,319.6,531.1,,,1,0,0,1
906727657357500,1790932387.796768,7796,tx,1488.4,238.1,658.4,,,1,0,0,1
906727796156300,1790932387.935568,7935,tx,2115.8,360.2,547.0,,,1,0,0,1
906727936656200,1790932388.076069,8076,tx,2081.3,193.2,429.8,,,1,0,0,1
906728092882100,1790932388.232297,8232,tx,1447.3,276.9,643.8,,,1,0,0,1
906728235523000,1790932388.374939,8374,tx,1646.8,204.1,459.4,,,1,0,0,1
906728377679100,1790932388.517097,8517,tx,1686.6,220.4,453.4,,,1,0,0,1
906728519701400,1790932388.659120,8659,tx,11673.3,432.4,802.7,,,1,0,0,1
906728660172900,1790932388.799593,8799,tx,2128.2,179.4,390.2,,,1,0,0,1
906728814700500,1790932388.954123,8954,tx,1360.5,226.7,443.9,,,1,0,0,1
906728960683600,1790932389.100107,9100,tx,15919.1,188.0,375.4,,,1,0,0,1
906729099887600,1790932389.239313,9239,tx,1176.2,196.1,354.4,,,1,0,0,1
906729245759400,1790932389.385186,9385,tx,1319.2,142.9,334.6,,,1,0,0,1
906729387875100,1790932389.527303,9527,tx,1951.0,460.1,720.3,,,1,0,0,1
906729528074000,1790932389.667504,9667,tx,1334.3,185.8,469.5,,,1,0,0,1
906729683448400,1790932389.822880,9822,tx,1786.0,201.2,485.6,,,1,0,0,1
906729826285100,1790932389.965718,9965,tx,1133.1,228.0,338.0,,,1,0,0,1
906729965900300,1790932390.105335,10105,tx,1533.3,408.0,641.9,,,1,0,0,1
906730107640100,1790932390.247076,10247,tx,1525.5,215.6,401.7,,,1,0,0,1
906730249110500,1790932390.388548,10388,tx,1890.5,220.3,469.1,,,1,0,0,1
906730389669600,1790932390.529108,10529,tx,1497.1,197.8,425.5,,,1,0,0,1
906730530383400,1790932390.669823,10669,tx,1121.3,187.9,377.5,,,1,0,0,1
906730672400500,1790932390.811842,10811,tx,1467.9,180.5,424.0,,,1,0,0,1
906730812958900,1790932390.952402,10952,tx,10630.0,410.4,645.5,,,1,0,0,1
906730956708500,1790932391.096153,11096,tx,1747.5,501.0,901.0,,,1,0,0,1
906731097517100,1790932391.236963,11236,tx,1647.9,267.0,475.8,,,1,0,0,1
906731240431900,1790932391.379879,11379,tx,1152.3,186.2,385.3,,,1,0,0,1
906731379200800,1790932391.518650,11518,tx,1039.6,231.7,411.2,,,1,0,0,1
906731520175700,1790932391.659626,11659,tx,1088.2,224.0,391.2,,,1,0,0,1
906731661225700,1790932391.800678,11800,tx,1531.7,203.2,432.6,,,1,0,0,1
906731816142900,1790932391.955596,11955,tx,2119.8,245.3,419.4,,,1,0,0,1
906731958583900,1790932392.098039,12098,tx,1615.9,180.2,426.1,,,1,0,0,1
906732100793000,1790932392.240249,12240,tx,2596.2,445.0,716.5,,,1,0,0,1
906732240776200,1790932392.380234,12380,tx,11309.6,359.6,725.5,,,1,0,0,1
906732379608200,1790932392.519067,12519,tx,1443.4,180.2,500.0,,,1,0,0,1
906732520095800,1790932392.659557,12659,tx,1696.5,255.7,474.8,,,1,0,0,1
906732661993100,1790932392.801455,12801,tx,2348.3,263.2,582.7,,,1,0,0,1
906732818654200,1790932392.958118,12958,tx,2216.5,213.0,530.7,,,1,0,0,1
906732957650700,1790932393.097116,13097,tx,1337.7,164.9,395.3,,,1,0,0,1
906733099240700,1790932393.238707,13238,tx,2037.2,244.4,537.1,,,1,0,0,1
906733243437600,1790932393.382906,13382,tx,1220.8,265.3,450.7,,,1,0,0,1
906733385319800,1790932393.524790,13524,tx,1362.7,225.0,433.6,,,1,0,0,1
906733527675000,1790932393.667146,13667,tx,1237.7,227.0,419.4,,,1,0,0,1
906733669777800,1790932393.809251,13809,tx,1409.8,229.9,402.6,,,1,0,0,1
906733812652800,1790932393.952127,13952,tx,1906.1,199.4,581.4,,,1,0,0,1
906733954853100,1790932394.094329,14094,tx,1347.9,218.7,435.4,,,1,0,0,1
906734098221000,1790932394.237697,14237,tx,12115.1,433.2,1256.6,,,1,0,0,1
906734240320800,1790932394.379800,14379,tx,1506.7,225.7,452.8,,,1,0,0,1
906734381415500,1790932394.520895,14520,tx,2984.8,335.7,744.3,,,1,0,0,1
906734522148600,1790932394.661630,14661,tx,2038.8,263.7,578.5,,,1,0,0,1
906734663609900,1790932394.803093,14803,tx,1441.4,222.5,401.5,,,1,0,0,1
906734814937900,1790932394.954423,14954,tx,1205.4,179.2,361.3,,,1,0,0,1
906734964512900,1790932395.103999,103,tx,1231.9,236.1,447.9,,,1,0,0,1
906735107655500,1790932395.247143,247,tx,1695.8,205.3,455.0,,,1,0,0,1
906735248419600,1790932395.387909,387,tx,1347.9,158.4,463.0,,,1,0,0,1
906735390738800,1790932395.530230,530,tx,1483.0,217.4,445.5,,,1,0,0,1
906735532933000,1790932395.672425,672,tx,1424.9,371.2,549.0,,,1,0,0,1
906735673221900,1790932395.812716,812,tx,1269.5,209.7,417.5,,,1,0,0,1
906735817852500,1790932395.957348,957,tx,1666.1,189.5,324.8,,,1,0,0,1
906735962264800,1790932396.101761,1101,tx,17634.7,241.5,499.4,,,1,0,0,1
906736099726100,1790932396.239224,1239,tx,1332.6,204.7,352.2,,,1,0,0,1
906736241650200,1790932396.381150,1381,tx,1235.6,235.4,436.0,,,1,0,0,1
906736382283400,1790932396.521785,1521,tx,1092.7,189.3,354.8,,,1,0,0,1
906736522940300,1790932396.662442,1662,tx,1947.8,278.9,591.3,,,1,0,0,1
906736665000600,1790932396.804505,1804,tx,1536.0,244.2,579.0,,,1,0,0,1
906736807794000,1790932396.947299,1947,tx,1637.9,188.0,393.1,,,1,0,0,1
906736949980800,1790932397.089488,2089,tx,7499.0,350.3,542.9,,,1,0,0,1
906737089620400,1790932397.229128,2229,tx,1863.8,239.6,517.0,,,1,0,0,1
906737229524600,1790932397.369035,2369,tx,1911.9,229.5,481.5,,,1,0,0,1
906737372332700,1790932397.511844,2511,tx,1367.0,182.3,443.4,,,1,0,0,1
906737515116300,1790932397.654629,2654,tx,1549.8,203.8,458.1,,,1,0,0,1
906737656345800,1790932397.795860,2795,tx,1575.5,202.0,491.6,,,1,0,0,1
906737810379500,1790932397.949895,2949,tx,1254.4,218.9,381.7,,,1,0,0,1
906737949838000,1790932398.089355,3089,tx,1987.9,301.2,734.1,,,1,0,0,1
906738099889400,1790932398.239408,3239,tx,1554.9,419.0,703.9,,,1,0,0,1
906738242172100,1790932398.381692,3381,tx,2316.5,280.8,592.3,,,1,0,0,1
906738383641500,1790932398.523163,3523,tx,1152.6,175.4,378.0,,,1,0,0,1
906738526076100,1790932398.665598,3665,tx,4015.6,382.1,786.5,,,1,0,0,1
906738666468800,1790932398.805993,3805,tx,3383.3,317.4,712.0,,,1,0,0,1
906738822900900,1790932398.962427,3962,tx,2106.7,305.2,700.4,,,1,0,0,1
906738964255200,1790932399.103783,4103,tx,1590.4,294.2,517.6,,,1,0,0,1
906739107653800,1790932399.247183,4247,tx,1748.0,253.9,483.8,,,1,0,0,1
906739249767700,1790932399.389298,4389,tx,60078.6,149.7,337.9,,,1,0,0,1
906739418976000,1790932399.558509,4558,tx,1877.0,248.5,494.2,,,1,0,0,1
906739565021700,1790932399.704556,4704,tx,9199.5,301.1,625.2,,,1,0,0,1
906739704239800,1790932399.843776,4843,tx,1362.1,189.7,409.9,,,1,0,0,1
906739845206700,1790932399.984744,4984,tx,1264.5,214.1,424.8,,,1,0,0,1
906739986321500,1790932400.125860,5125,tx,1238.2,211.0,432.4,,,1,0,0,1
906740126556900,1790932400.266096,5266,tx,2203.9,431.5,914.0,,,1,0,0,1
906740319758200,1790932400.459300,5459,tx,1265.6,213.1,378.0,,,1,0,0,1
906740472546600,1790932400.612090,5612,tx,1305.5,230.6,439.0,,,1,0,0,1
906740615485600,1790932400.755031,5755,tx,1322.1,240.4,466.6,,,1,0,0,1
906740757404200,1790932400.896950,5896,tx,60052.1,255.1,429.3,,,1,0,0,1
906740938451100,1790932401.078000,6077,tx,1541.6,239.3,605.7,,,1,0,0,1
906741087503400,1790932401.227053,6227,tx,1645.0,224.1,460.7,,,1,0,0,1
906741227538000,1790932401.367089,6367,tx,1569.9,233.2,466.3,,,1,0,0,1
906741368475400,1790932401.508029,6508,tx,1337.6,207.4,394.2,,,1,0,0,1
906741510198500,1790932401.649753,6649,tx,2946.8,416.4,1249.2,,,1,0,0,1
906741654088100,1790932401.793643,6793,tx,12100.2,271.2,689.2,,,1,0,0,1
906741819800200,1790932401.959358,6959,tx,9156.5,162.2,303.0,,,1,0,0,1
906741966324900,1790932402.105884,7105,tx,1314.1,209.0,442.6,,,1,0,0,1
906742106108500,1790932402.245669,7245,tx,1413.3,233.7,406.6,,,1,0,0,1
906742247199000,1790932402.386761,7386,tx,2359.8,256.1,588.7,,,1,0,0,1
906742403019500,1790932402.542583,7542,tx,1460.4,366.3,560.0,,,1,0,0,1
906742545585100,1790932402.685150,7685,tx,1130.3,220.8,396.7,,,1,0,0,1
906742685576400,1790932402.825143,7825,tx,1465.7,240.3,470.9,,,1,0,0,1
906742827561100,1790932402.967129,7967,tx,2103.5,222.2,513.4,,,1,0,0,1
906742969914000,1790932403.109483,8109,tx,8823.8,391.3,610.2,,,1,0,0,1
906743111857400,1790932403.251428,8251,tx,1804.8,448.1,657.6,,,1,0,0,1
906743251444000,1790932403.391016,8391,tx,62953.8,149.1,356.0,,,1,0,0,1
906743439402500,1790932403.578977,8578,tx,1552.4,194.7,413.1,,,1,0,0,1
906743578553300,1790932403.718129,8718,tx,1364.3,211.3,591.4,,,1,0,0,1
906743718574500,1790932403.858151,8858,tx,2214.6,285.5,556.3,,,1,0,0,1
906743875911400,1790932404.015490,9015,tx,1594.1,391.7,666.2,,,1,0,0,1
906744018390100,1790932404.157970,9157,tx,2045.8,219.6,469.0,,,1,0,0,1
906744160923600,1790932404.300506,9300,tx,10887.3,209.9,740.3,,,1,0,0,1
906744303707100,1790932404.443290,9443,tx,1348.4,207.5,419.1,,,1,0,0,1
906744445125700,1790932404.584710,9584,tx,1443.5,198.9,439.6,,,1,0,0,1
906744586181500,1790932404.725767,9725,tx,5887.9,296.5,1273.1,,,1,0,0,1
906744734141700,1790932404.873729,9873,tx,1858.6,213.6,563.0,,,1,0,0,1
906744884784700,1790932405.024374,10024,tx,1304.1,239.5,428.6,,,1,0,0,1
906745024352000,1790932405.163943,10163,tx,1428.8,223.1,652.2,,,1,0,0,1
906745164740000,1790932405.304332,10304,tx,1928.4,192.6,517.6,,,1,0,0,1
906745316828300,1790932405.456422,10456,tx,1241.2,213.0,361.9,,,1,0,0,1
906745463065300,1790932405.602661,10602,tx,1980.8,197.7,688.0,,,1,0,0,1
906745605783200,1790932405.745380,10745,tx,1660.5,241.6,466.9,,,1,0,0,1
906745747677300,1790932405.887276,10887,tx,1314.5,217.5,413.1,,,1,0,0,1
906745889643300,1790932406.029243,11029,tx,1869.3,228.4,542.4,,,1,0,0,1
906746030341800,1790932406.169943,11169,tx,1711.2,211.9,543.1,,,1,0,0,1
906746172008400,1790932406.311611,11311,tx,1479.7,256.8,576.6,,,1,0,0,1
906746316485300,1790932406.456090,11456,tx,8093.1,162.2,366.3,,,1,0,0,1
906746455833500,1790932406.595439,11595,tx,11219.5,366.6,748.5,,,1,0,0,1
906746597629600,1790932406.737237,11737,tx,1923.8,304.2,611.4,,,1,0,0,1
906746737767300,1790932406.877376,11877,tx,1598.1,214.3,495.7,,,1,0,0,1
906746881751600,1790932407.021362,12021,tx,1540.4,295.0,501.5,,,1,0,0,1
906747023586800,1790932407.163198,12163,tx,1879.3,273.1,547.6,,,1,0,0,1
906747165234200,1790932407.304847,12304,tx,2068.3,172.9,418.2,,,1,0,0,1
906747306261100,1790932407.445876,12445,tx,1441.6,181.4,390.0,,,1,0,0,1
906747449144800,1790932407.588761,12588,tx,22474.3,206.4,775.6,,,1,0,0,1
906747590146200,1790932407.729764,12729,tx,1198.9,251.7,447.9,,,1,0,0,1
906747733103200,1790932407.872722,12872,tx,1527.8,200.6,448.4,,,1,0,0,1
906747873011900,1790932408.012632,13012,tx,1339.9,389.0,593.8,,,1,0,0,1
906748015467900,1790932408.155090,13155,tx,1375.7,214.0,425.0,,,1,0,0,1
906748156287200,1790932408.295911,13295,tx,1290.9,251.7,421.6,,,1,0,0,1
906748314351800,1790932408.453977,13453,tx,9481.5,192.0,506.0,,,1,0,0,1
906748453452600,1790932408.593079,13593,tx,1328.4,223.3,404.5,,,1,0,0,1
906748595036000,1790932408.734664,13734,tx,1436.6,276.7,513.0,,,1,0,0,1
906748737412300,1790932408.877042,13877,tx,1433.7,227.6,411.9,,,1,0,0,1
906748877247400,1790932409.016878,14016,tx,1481.8,193.9,514.5,,,1,0,0,1
906749018940400,1790932409.158573,14158,tx,1222.5,404.1,585.3,,,1,0,0,1
906749159149200,1790932409.298783,14298,tx,1383.2,192.9,416.7,,,1,0,0,1
906749317000800,1790932409.456636,14456,tx,1833.4,376.4,498.0,,,1,0,0,1
906749454929100,1790932409.594565,14594,tx,1504.3,275.5,479.9,,,1,0,0,1
906749596393800,1790932409.736032,14736,tx,1214.7,217.8,402.1,,,1,0,0,1
906749735864500,1790932409.875504,14875,tx,14865.5,278.8,758.6,,,1,0,0,1
906749876950200,1790932410.016591,16,tx,1552.7,430.4,651.2,,,1,0,0,1
906750016915300,1790932410.156558,156,tx,1392.1,152.9,312.9,,,1,0,0,1
906750154859400,1790932410.294504,294,tx,1199.8,188.1,340.9,,,1,0,0,1
906750298587400,1790932410.438233,438,tx,1874.2,205.2,555.9,,,1,0,0,1
906750435605000,1790932410.575252,575,tx,2369.4,196.2,392.6,,,1,0,0,1
906750573555400,1790932410.713204,713,tx,1556.3,253.1,505.5,,,1,0,0,1
906750718596000,1790932410.858246,858,tx,1225.7,173.1,376.6,,,1,0,0,1
906750856373800,1790932410.996025,996,tx,8297.5,223.9,424.0,,,1,0,0,1
906751008024700,1790932411.147678,1147,tx,1587.8,297.7,529.7,,,1,0,0,1
906751148567200,1790932411.288221,1288,tx,2894.9,230.9,564.2,,,1,0,0,1
906751317848500,1790932411.457505,1457,tx,1322.8,189.6,366.9,,,1,0,0,1
906751460903700,1790932411.600562,1600,tx,1471.5,383.6,604.8,,,1,0,0,1
906751602228700,1790932411.741888,1741,tx,2065.5,245.5,623.2,,,1,0,0,1
906751743221000,1790932411.882882,1882,tx,1441.5,276.1,484.1,,,1,0,0,1
906751885663000,1790932412.025325,2025,tx,1418.7,263.3,487.5,,,1,0,0,1
906752026801200,1790932412.166465,2166,tx,1418.3,185.4,405.0,,,1,0,0,1
906752167728700,1790932412.307394,2307,tx,6950.4,105.7,281.5,,,1,0,0,1
906752328192900,1790932412.467860,2467,tx,7311.3,168.2,354.8,,,1,0,0,1
906752480372400,1790932412.620040,2620,tx,2295.2,265.5,631.8,,,1,0,0,1
906752637731000,1790932412.777401,2777,tx,2327.3,415.1,631.6,,,1,0,0,1
906752780873600,1790932412.920545,2920,tx,65737.0,354.1,655.6,,,1,0,0,1
906752955044700,1790932413.094718,3094,tx,1709.2,183.3,611.0,,,1,0,0,1
906753108210800,1790932413.247885,3247,tx,3992.2,403.7,1266.7,,,1,0,0,1
906753248616400,1790932413.388293,3388,tx,1612.7,263.0,532.4,,,1,0,0,1
906753391289700,1790932413.530967,3530,tx,3365.9,259.3,628.3,,,1,0,0,1
906753547123100,1790932413.686802,3686,tx,4672.2,448.1,1204.5,,,1,0,0,1
906753688162600,1790932413.827843,3827,tx,11025.9,258.0,684.5,,,1,0,0,1
906753829000300,1790932413.968683,3968,tx,1312.8,297.1,555.3,,,1,0,0,1
906753971703700,1790932414.111387,4111,tx,1369.2,202.3,412.6,,,1,0,0,1
906754110424900,1790932414.250110,4250,tx,3332.8,215.7,593.8,,,1,0,0,1
906754250531600,1790932414.390218,4390,tx,1880.8,182.9,507.1,,,1,0,0,1
906754390318000,1790932414.530006,4530,tx,2622.6,243.6,558.3,,,1,0,0,1
906754532926800,1790932414.672616,4672,tx,2758.7,213.0,768.7,,,1,0,0,1
906754673650700,1790932414.813342,4813,tx,9963.8,385.9,792.5,,,1,0,0,1
906754814891000,1790932414.954584,4954,tx,2010.3,414.3,678.2,,,1,0,0,1
906754954798900,1790932415.094493,5094,tx,1715.8,434.7,676.3,,,1,0,0,1
906755095042600,1790932415.234738,5234,tx,1509.8,288.5,524.7,,,1,0,0,1
906755235143500,1790932415.374840,5374,tx,2637.3,211.7,437.5,,,1,0,0,1
906755376302700,1790932415.516001,5516,tx,1683.7,206.8,464.9,,,1,0,0,1
906755517536200,1790932415.657236,5657,tx,2474.9,359.0,958.8,,,1,0,0,1
906755658878100,1790932415.798579,5798,tx,10745.0,325.3,624.7,,,1,0,0,1
906755841690600,1790932415.981394,5981,tx,1593.7,222.0,427.9,,,1,0,0,1
906755989159100,1790932416.128863,6128,tx,12207.7,275.7,710.5,,,1,0,0,1
906756131706100,1790932416.271412,6271,tx,1992.4,259.5,536.4,,,1,0,0,1
906756273891300,1790932416.413599,6413,tx,27332.9,332.0,581.9,,,1,0,0,1
906756413805400,1790932416.553515,6553,tx,1910.5,458.5,721.0,,,1,0,0,1
906756555427600,1790932416.695138,6695,tx,1269.1,214.4,430.8,,,1,0,0,1
906756696905800,1790932416.836618,6836,tx,1608.2,452.1,639.3,,,1,0,0,1
906756837848200,1790932416.977562,6977,tx,1658.4,226.5,746.4,,,1,0,0,1
906756980140500,1790932417.119855,7119,tx,11355.8,228.7,530.0,,,1,0,0,1
906757122745200,1790932417.262462,7262,tx,1716.9,276.7,452.5,,,1,0,0,1
906757262928600,1790932417.402647,7402,tx,1526.3,407.5,625.4,,,1,0,0,1
906757404699500,1790932417.544419,7544,tx,2579.0,412.6,795.0,,,1,0,0,1
906757546389700,1790932417.686111,7686,tx,2002.1,205.0,483.9,,,1,0,0,1
906757684513400,1790932417.824236,7824,tx,1757.1,195.9,361.9,,,1,0,0,1
906757829830400,1790932417.969554,7969,tx,1849.9,239.3,670.0,,,1,0,0,1
906757985820400,1790932418.125546,8125,tx,1779.5,245.0,434.1,,,1,0,0,1
906758126335000,1790932418.266062,8266,tx,1385.1,229.7,416.8,,,1,0,0,1
906758268592500,1790932418.408320,8408,tx,73164.9,449.9,910.1,,,1,0,0,1
906758427624800,1790932418.567355,8567,tx,1135.8,262.8,414.1,,,1,0,0,1
906758567837700,1790932418.707569,8707,tx,1303.9,159.5,389.3,,,1,0,0,1
906758707924800,1790932418.847658,8847,tx,2790.2,199.1,735.4,,,1,0,0,1
906758864278000,1790932419.004013,9004,tx,1357.1,212.4,455.9,,,1,0,0,1
906759004482800,1790932419.144219,9144,tx,1410.9,242.7,471.0,,,1,0,0,1
906759144734700,1790932419.284472,9284,tx,1839.3,437.1,800.4,,,1,0,0,1
906759292495700,1790932419.432235,9432,tx,1008.0,187.4,348.6,,,1,0,0,1
906759441768300,1790932419.581509,9581,tx,1379.6,216.1,469.4,,,1,0,0,1
906759583130200,1790932419.722872,9722,tx,1825.3,192.4,716.5,,,1,0,0,1
906759739814500,1790932419.879558,9879,tx,1533.2,219.0,445.7,,,1,0,0,1
906759881909400,1790932420.021655,10021,tx,1373.6,405.2,597.2,,,1,0,0,1
906760023561100,1790932420.163308,10163,tx,1613.1,256.3,511.5,,,1,0,0,1
906760165039500,1790932420.304788,10304,tx,1390.8,417.3,593.6,,,1,0,0,1
906760340970100,1790932420.480720,10480,tx,1393.2,410.3,541.8,,,1,0,0,1
906760479476200,1790932420.619227,10619,tx,21537.0,237.9,578.5,,,1,0,0,1
906760636710500,1790932420.776464,10776,tx,1503.5,204.9,420.1,,,1,0,0,1
906760776555600,1790932420.916311,10916,tx,22431.3,243.3,444.9,,,1,0,0,1
906760918892800,1790932421.058649,11058,tx,21614.2,359.8,619.9,,,1,0,0,1
906761059714400,1790932421.199472,11199,tx,4254.6,317.2,859.4,,,1,0,0,1
906761199948700,1790932421.339708,11339,tx,1574.1,353.1,528.8,,,1,0,0,1
906761341424700,1790932421.481185,11481,tx,1301.1,213.3,509.1,,,1,0,0,1
906761482757100,1790932421.622519,11622,tx,1839.2,422.1,698.8,,,1,0,0,1
906761638372500,1790932421.778136,11778,tx,2094.0,201.5,529.8,,,1,0,0,1
906761779448800,1790932421.919214,11919,tx,71718.6,370.2,946.8,,,1,0,0,1
906761957305200,1790932422.097072,12097,tx,2623.8,233.8,403.1,,,1,0,0,1
906762094568000,1790932422.234337,12234,tx,1288.9,160.2,385.1,,,1,0,0,1
906762237385500,1790932422.377155,12377,tx,1456.8,179.2,315.4,,,1,0,0,1
906762378581900,1790932422.518353,12518,tx,2120.8,182.3,412.5,,,1,0,0,1
906762521586300,1790932422.661359,12661,tx,1334.2,232.9,430.4,,,1,0,0,1
906762661198400,1790932422.800972,12800,tx,8711.4,217.7,535.8,,,1,0,0,1
906762822049000,1790932422.961825,12961,tx,1910.0,276.4,505.4,,,1,0,0,1
906762974463500,1790932423.114240,13114,tx,2050.0,241.3,520.6,,,1,0,0,1
906763116669200,1790932423.256448,13256,tx,1617.3,227.0,395.8,,,1,0,0,1
906763257318900,1790932423.397099,13397,tx,1634.8,274.0,505.7,,,1,0,0,1
906763399662500,1790932423.539444,13539,tx,1251.1,252.7,434.2,,,1,0,0,1
906763540666400,1790932423.680450,13680,tx,6804.3,198.9,530.6,,,1,0,0,1
906763681683800,1790932423.821469,13821,tx,2030.8,221.9,472.3,,,1,0,0,1
906763823395200,1790932423.963181,13963,tx,1382.6,220.9,406.1,,,1,0,0,1
906763965228900,1790932424.105016,14105,tx,2281.9,296.5,595.8,,,1,0,0,1
906764107144900,1790932424.246934,14246,tx,1289.9,289.9,479.1,,,1,0,0,1
906764247994800,1790932424.387785,14387,tx,2002.6,190.7,580.1,,,1,0,0,1
906764388941000,1790932424.528733,14528,tx,995.1,179.1,353.0,,,1,0,0,1
906764545288500,1790932424.685082,14685,tx,1511.3,227.0,473.6,,,1,0,0,1
906764686448200,1790932424.826244,14826,tx,1963.5,234.1,479.0,,,1,0,0,1
906764843052900,1790932424.982850,14982,tx,1707.9,418.3,562.5,,,1,0,0,1
906764984536000,1790932425.124334,124,tx,1481.4,216.9,591.6,,,1,0,0,1
906765132808100,1790932425.272608,272,tx,1750.9,201.6,444.7,,,1,0,0,1
906765276967400,1790932425.416769,416,tx,27325.0,236.0,568.2,,,1,0,0,1
906765436902500,1790932425.576706,576,tx,1621.9,317.0,616.1,,,1,0,0,1
906765577582200,1790932425.717386,717,tx,1836.3,208.5,459.2,,,1,0,0,1
906765716593900,1790932425.856400,856,tx,2033.5,206.4,556.7,,,1,0,0,1
906765861132100,1790932426.000940,1000,tx,1383.1,318.0,462.6,,,1,0,0,1
906766015451700,1790932426.155261,1155,tx,1647.6,210.5,429.7,,,1,0,0,1
906766157023300,1790932426.296834,1296,tx,8117.8,205.0,586.5,,,1,0,0,1
906766337521300,1790932426.477334,1477,tx,1899.5,236.5,428.9,,,1,0,0,1
906766485320800,1790932426.625135,1625,tx,9048.2,158.3,424.9,,,1,0,0,1
906766626704400,1790932426.766520,1766,tx,1395.7,229.8,472.0,,,1,0,0,1
906766770045900,1790932426.909863,1909,tx,27145.4,322.5,517.4,,,1,0,0,1
906766936115000,1790932427.075934,2075,tx,10011.5,278.6,459.2,,,1,0,0,1
906767084719800,1790932427.224540,2224,tx,1181.3,178.9,493.5,,,1,0,0,1
906767225809500,1790932427.365632,2365,tx,1310.9,169.8,363.4,,,1,0,0,1
906767365786200,1790932427.505610,2505,tx,9689.4,318.2,727.3,,,1,0,0,1
906767506206100,1790932427.646031,2646,tx,1254.3,216.7,411.9,,,1,0,0,1
906767648683900,1790932427.788510,2788,tx,1377.6,237.6,433.0,,,1,0,0,1
906767844400500,1790932427.984229,2984,tx,1357.0,207.4,377.7,,,1,0,0,1
906767993015100,1790932428.132844,3132,tx,2183.2,217.9,504.9,,,1,0,0,1
906768133221800,1790932428.273053,3273,tx,10349.2,241.3,574.4,,,1,0,0,1
906768294009900,1790932428.433843,3433,tx,8449.1,339.3,582.7,,,1,0,0,1
906768448504000,1790932428.588339,3588,tx,1704.0,186.4,437.0,,,1,0,0,1
906768589162500,1790932428.728998,3728,tx,1828.2,172.5,426.8,,,1,0,0,1
906768730887700,1790932428.870709,3870,tx,1929.4,436.7,667.6,,,1,0,0,1
906768873297100,1790932429.013136,4013,tx,1061.8,195.4,366.1,,,1,0,0,1
906769015484300,1790932429.155324,4155,tx,6597.9,323.6,1042.5,,,1,0,0,1
906769173306600,1790932429.313149,4313,tx,2081.7,269.5,542.0,,,1,0,0,1
906769338016500,1790932429.477860,4477,tx,1242.0,408.1,521.4,,,1,0,0,1
906769484430600,1790932429.624276,4624,tx,1607.7,264.0,491.0,,,1,0,0,1
906769626389300,1790932429.766235,4766,tx,1737.5,231.9,494.1,,,1,0,0,1
906769768575800,1790932429.908424,4908,tx,26847.6,205.5,403.7,,,1,0,0,1
906769926062300,1790932430.065912,5065,tx,1804.9,218.7,464.7,,,1,0,0,1
906770066053800,1790932430.205905,5205,tx,2139.3,242.4,551.7,,,1,0,0,1
906770207656000,1790932430.347509,5347,tx,8148.6,216.2,416.2,,,1,0,0,1
906770346938100,1790932430.486792,5486,tx,1726.1,297.8,527.7,,,1,0,0,1
906770490016200,1790932430.629872,5629,tx,1388.1,351.7,532.9,,,1,0,0,1
906770632053300,1790932430.771910,5771,tx,1513.3,227.9,478.6,,,1,0,0,1
906770772383200,1790932430.912241,5912,tx,72159.8,475.6,1007.3,,,1,0,0,1
906770956534200,1790932431.096395,6096,tx,1588.8,260.7,593.0,,,1,0,0,1
906771101932600,1790932431.241795,6241,tx,1428.8,339.5,586.3,,,1,0,0,1
906771243374000,1790932431.383237,6383,tx,2408.7,278.2,690.1,,,1,0,0,1
906771383835600,1790932431.523700,6523,tx,1760.2,394.1,642.2,,,1,0,0,1
906771526489100,1790932431.666356,6666,tx,1542.6,224.6,404.4,,,1,0,0,1
906771666606800,1790932431.806474,6806,tx,1671.3,276.0,529.0,,,1,0,0,1
906771820800300,1790932431.960670,6960,tx,1257.3,262.8,438.0,,,1,0,0,1
906771964210200,1790932432.104080,7104,tx,17899.3,237.0,544.3,,,1,0,0,1
906772107157400,1790932432.247030,7247,tx,2345.2,207.4,461.3,,,1,0,0,1
906772248379600,1790932432.388253,7388,tx,1706.9,192.5,422.5,,,1,0,0,1
906772389205300,1790932432.529081,7529,tx,2080.7,306.2,495.1,,,1,0,0,1
906772531185400,1790932432.671062,7671,tx,1928.0,154.4,556.1,,,1,0,0,1
906772672019100,1790932432.811897,7811,tx,1878.7,302.9,536.1,,,1,0,0,1
906772829742800,1790932432.969623,7969,tx,7810.9,392.5,670.6,,,1,0,0,1
906772973474100,1790932433.113356,8113,tx,1367.1,247.9,511.3,,,1,0,0,1
906773114714900,1790932433.254598,8254,tx,4844.4,234.9,964.5,,,1,0,0,1
906773256018400,1790932433.395903,8395,tx,1444.2,382.7,576.1,,,1,0,0,1
906773397724900,1790932433.537611,8537,tx,1503.7,303.7,739.2,,,1,0,0,1
906773536917100,1790932433.676804,8676,tx,2856.6,283.6,652.7,,,1,0,0,1
906773677718900,1790932433.817608,8817,tx,1506.1,209.5,401.8,,,1,0,0,1
906773844933000,1790932433.984824,8984,tx,1209.9,135.4,237.2,,,1,0,0,1
906773992008600,1790932434.131901,9131,tx,1643.1,304.9,466.1,,,1,0,0,1
906774133363200,1790932434.273257,9273,tx,2857.5,291.6,678.3,,,1,0,0,1
906774273707000,1790932434.413602,9413,tx,20399.5,162.9,336.7,,,1,0,0,1
906774416527000,1790932434.556423,9556,tx,2825.4,276.9,672.7,,,1,0,0,1
906774557975400,1790932434.697873,9697,tx,4908.1,341.8,1008.8,,,1,0,0,1
906774699465000,1790932434.839364,9839,tx,11330.5,240.0,512.9,,,1,0,0,1
906774841909400,1790932434.981810,9981,tx,2285.7,195.2,602.9,,,1,0,0,1
906774984250300,1790932435.124153,10124,tx,2090.7,251.8,571.0,,,1,0,0,1
906775126277900,1790932435.266181,10266,tx,12160.3,208.3,697.5,,,1,0,0,1
906775268016500,1790932435.407922,10407,tx,74511.1,278.8,528.9,,,1,0,0,1
906775463148700,1790932435.603055,10603,tx,10770.2,311.2,807.4,,,1,0,0,1
906775611474700,1790932435.751384,10751,tx,2364.1,204.2,693.6,,,1,0,0,1
906775753879900,1790932435.893790,10893,tx,2255.2,320.0,623.9,,,1,0,0,1
906775896945400,1790932436.036857,11036,tx,22566.6,178.4,541.7,,,1,0,0,1
906776057119100,1790932436.197033,11197,tx,1907.1,275.4,562.8,,,1,0,0,1
906776195626500,1790932436.335541,11335,tx,2107.6,252.5,572.4,,,1,0,0,1
906776336051600,1790932436.475968,11475,tx,2860.2,328.8,506.9,,,1,0,0,1
906776477504600,1790932436.617423,11617,tx,1222.4,186.3,393.0,,,1,0,0,1
906776617058100,1790932436.756977,11756,tx,1956.7,217.1,469.8,,,1,0,0,1
906776758598800,1790932436.898519,11898,tx,2494.5,233.5,540.0,,,1,0,0,1
906776900811100,1790932437.040734,12040,tx,1276.3,226.3,415.4,,,1,0,0,1
906777040870100,1790932437.180794,12180,tx,1909.4,371.6,684.7,,,1,0,0,1
906777181286700,1790932437.321212,12321,tx,1989.4,247.9,535.1,,,1,0,0,1
906777319918100,1790932437.459845,12459,tx,8294.0,378.4,576.8,,,1,0,0,1
906777461726000,1790932437.601653,12601,tx,1517.9,209.3,498.4,,,1,0,0,1
906777604010100,1790932437.743940,12743,tx,1556.0,317.1,567.0,,,1,0,0,1
906777744908200,1790932437.884840,12884,tx,1781.7,365.3,613.6,,,1,0,0,1
906777886198100,1790932438.026131,13026,tx,1306.9,281.5,472.7,,,1,0,0,1
906778027159700,1790932438.167094,13167,tx,1611.5,223.1,551.6,,,1,0,0,1
906778167509900,1790932438.307445,13307,tx,2174.7,205.1,498.5,,,1,0,0,1
906778339182000,1790932438.479120,13479,tx,1417.8,182.4,321.6,,,1,0,0,1
906778480693400,1790932438.620632,13620,tx,1749.3,213.4,484.7,,,1,0,0,1
906778621790200,1790932438.761730,13761,tx,2063.3,493.4,777.6,,,1,0,0,1
906778762938200,1790932438.902880,13902,tx,1514.5,365.3,557.4,,,1,0,0,1
906778903396500,1790932439.043339,14043,tx,42348.0,149.2,535.2,,,1,0,0,1
906779051838100,1790932439.191783,14191,tx,1389.8,197.0,353.8,,,1,0,0,1
906779201603500,1790932439.341550,14341,tx,1164.5,204.0,405.4,,92130.4,1,0,0,1
906779341121300,1790932439.481069,14481,idle,1566.9,206.1,547.2,,,0,0,0,0
906779482735700,1790932439.622685,14622,idle,1334.3,241.4,463.0,,,0,0,0,0
906779655913900,1790932439.795865,14795,idle,10463.1,,,,,0,0,0,0
906779809233000,1790932439.949186,14949,idle,9622.8,,,,,0,0,0,0
906779947542400,1790932440.087497,87,idle,167830.1,,,,,0,0,0,1
906780209962100,1790932440.349919,349,tx,1483.1,234.1,443.9,,,1,0,0,1
906780358452200,1790932440.498396,498,tx,1472.1,205.5,400.8,,,1,0,0,1
906780507231700,1790932440.647192,647,tx,10452.9,228.5,511.0,,,1,0,0,1
906780646706200,1790932440.786668,786,tx,2731.5,407.1,835.5,,,1,0,0,1
906780798291100,1790932440.938254,938,tx,6259.8,218.1,399.6,,,1,0,0,1
906780946071200,1790932441.086035,1086,tx,31775.7,310.9,732.0,,,1,0,0,1
906781099469900,1790932441.239436,1239,tx,1619.8,257.3,440.2,,,1,0,0,1
906781239682400,1790932441.379650,1379,tx,1611.3,279.2,517.5,,,1,0,0,1
906781382020000,1790932441.521989,1521,tx,1605.5,404.6,549.9,,,1,0,0,1
906781522346400,1790932441.662317,1662,tx,1774.7,248.7,503.5,,,1,0,0,1
906781663695500,1790932441.803668,1803,tx,1240.8,171.2,375.0,,,1,0,0,1
906781829841600,1790932441.969815,1969,tx,1319.0,124.2,291.3,,,1,0,0,1
906781975321600,1790932442.115297,2115,tx,1095.3,184.8,347.3,,,1,0,0,1
906782117938800,1790932442.257915,2257,tx,1699.3,414.5,619.1,,,1,0,0,1
906782258760300,1790932442.398739,2398,tx,6269.2,196.2,364.2,,,1,0,0,1
906782398008300,1790932442.537988,2537,tx,1948.6,246.7,503.3,,,1,0,0,1
906782538333200,1790932442.678314,2678,tx,1661.7,245.1,470.1,,,1,0,0,1
906782679977400,1790932442.819959,2819,tx,2733.8,286.1,863.6,,,1,0,0,1
906782832243500,1790932442.972228,2972,tx,7710.4,232.7,337.4,,,1,0,0,1
906782974960400,1790932443.114946,3114,tx,1269.8,393.2,570.6,,,1,0,0,1
906783118173100,1790932443.258160,3258,tx,3601.0,261.6,719.2,,,1,0,0,1
906783259148900,1790932443.399137,3399,tx,1189.3,187.8,378.5,,,1,0,0,1
906783401939700,1790932443.541930,3541,tx,1375.7,386.8,594.1,,,1,0,0,1
906783542343100,1790932443.682334,3682,tx,1439.9,209.1,445.4,,,1,0,0,1
906783682763600,1790932443.822756,3822,tx,11944.9,412.8,751.1,,,1,0,0,1
906783822792000,1790932443.962786,3962,tx,2168.0,206.4,418.6,,,1,0,0,1
906783963234100,1790932444.103230,4103,tx,1340.3,180.1,363.7,,,1,0,0,1
906784105018100,1790932444.245015,4245,tx,1638.1,232.4,529.9,,,1,0,0,1
906784245600200,1790932444.385599,4385,tx,1158.3,209.0,406.7,,,1,0,0,1
906784387808900,1790932444.527809,4527,tx,1162.2,200.8,402.6,,,1,0,0,1
906784530072900,1790932444.670075,4670,tx,1831.5,207.0,464.5,,,1,0,0,1
906784667482400,1790932444.807486,4807,tx,6915.3,150.4,318.6,,,1,0,0,1
906784841859900,1790932444.981865,4981,tx,1489.0,357.7,618.0,,,1,0,0,1
906784983106700,1790932445.123113,5123,tx,1638.3,256.6,604.0,,,1,0,0,1
906785124193100,1790932445.264201,5264,tx,1210.4,207.8,396.2,,,1,0,0,1
906785263939400,1790932445.403949,5403,tx,1243.0,375.0,512.9,,,1,0,0,1
906785405724000,1790932445.545734,5545,tx,2522.6,427.1,714.7,,,1,0,0,1
906785561180700,1790932445.701193,5701,tx,1324.5,235.7,435.1,,,1,0,0,1
906785715933800,1790932445.855948,5855,tx,1764.8,386.5,596.5,,,1,0,0,1
906785856028200,1790932445.996044,5996,tx,1375.9,194.5,528.2,,,1,0,0,1
906785997475300,1790932446.137492,6137,tx,1332.0,184.4,378.6,,,1,0,0,1
906786153597800,1790932446.293616,6293,tx,1305.5,208.9,393.4,,,1,0,0,1
906786293487300,1790932446.433507,6433,tx,53374.9,351.7,923.3,,,1,0,0,1
906786448585100,1790932446.588606,6588,tx,1590.6,215.4,444.2,,,1,0,0,1
906786589499100,1790932446.729522,6729,tx,1279.3,191.4,415.0,,,1,0,0,1
906786731393800,1790932446.871418,6871,tx,2221.0,199.6,665.1,,,1,0,0,1
906786873690900,1790932447.013716,7013,tx,1429.5,168.4,440.4,,,1,0,0,1
906787015099600,1790932447.155127,7155,tx,1240.1,192.5,420.1,,,1,0,0,1
906787156195300,1790932447.296224,7296,tx,2392.7,218.2,523.5,,,1,0,0,1
906787357934300,1790932447.497966,7497,tx,2233.3,430.6,567.0,,,1,0,0,1
906787503535800,1790932447.643568,7643,tx,9667.8,166.1,600.8,,,1,0,0,1
906787646832400,1790932447.786866,7786,tx,3600.4,405.9,692.7,,,1,0,0,1
906787789001300,1790932447.929037,7929,tx,56232.3,352.3,592.7,,,1,0,0,1
906787950282300,1790932448.090320,8090,tx,10273.6,185.8,366.6,,,1,0,0,1
906788101614000,1790932448.241653,8241,tx,2296.3,253.8,563.4,,,1,0,0,1
906788242138700,1790932448.382179,8382,tx,1221.1,206.1,408.5,,,1,0,0,1
906788384534300,1790932448.524576,8524,tx,10327.9,213.9,592.2,,,1,0,0,1
906788524582900,1790932448.664626,8664,tx,1141.8,219.3,397.9,,,1,0,0,1
906788666016500,1790932448.806061,8806,tx,2247.4,270.8,579.1,,,1,0,0,1
906788845552400,1790932448.985599,8985,tx,1401.0,140.9,247.2,,,1,0,0,1
906788993276700,1790932449.133325,9133,tx,1393.8,205.5,419.7,,,1,0,0,1
906789133667300,1790932449.273717,9273,tx,1520.0,235.0,422.0,,,1,0,0,1
906789274632900,1790932449.414684,9414,tx,1875.7,207.4,399.3,,,1,0,0,1
906789416391100,1790932449.556444,9556,tx,1302.2,221.0,409.7,,,1,0,0,1
906789556786100,1790932449.696840,9696,tx,1771.4,438.7,688.6,,,1,0,0,1
906789696861000,1790932449.836916,9836,tx,6202.0,410.1,612.1,,,1,0,0,1
906789837662200,1790932449.977719,9977,tx,1108.6,268.2,457.1,,,1,0,0,1
906789978773600,1790932450.118832,10118,tx,1274.9,210.6,382.2,,,1,0,0,1
906790116339600,1790932450.256399,10256,tx,1880.8,213.0,509.3,,,1,0,0,1
906790257520600,1790932450.397582,10397,tx,1117.9,207.7,398.7,,,1,0,0,1
906790400296400,1790932450.540359,10540,tx,1325.3,244.5,454.0,,,1,0,0,1
906790539924200,1790932450.679987,10679,tx,2018.7,371.0,627.5,,,1,0,0,1
906790681361000,1790932450.821427,10821,tx,9663.3,196.0,527.0,,,1,0,0,1
906790846087500,1790932450.986155,10986,tx,8646.7,246.6,734.0,,,1,0,0,1
906790994548300,1790932451.134617,11134,tx,1178.0,185.4,371.1,,,1,0,0,1
906791134466400,1790932451.274536,11274,tx,1357.3,206.4,399.7,,,1,0,0,1
906791276473100,1790932451.416545,11416,tx,1445.9,168.5,363.0,,,1,0,0,1
906791418555700,1790932451.558629,11558,tx,1357.6,227.7,420.9,,,1,0,0,1
906791557667900,1790932451.697743,11697,tx,2589.5,370.2,728.8,,,1,0,0,1
906791697879800,1790932451.837956,11837,tx,1315.8,398.5,586.4,,,1,0,0,1
906791848691100,1790932451.988769,11988,tx,1630.1,193.6,425.8,,,1,0,0,1
906791994580500,1790932452.134660,12134,tx,9145.1,244.5,511.7,,,1,0,0,1
906792151937600,1790932452.292018,12292,tx,2369.8,271.7,579.9,,,1,0,0,1
906792292423000,1790932452.432506,12432,tx,53702.1,232.9,439.2,,,1,0,0,1
906792447831200,1790932452.587915,12587,tx,1972.4,342.2,776.5,,,1,0,0,1
906792589982300,1790932452.730068,12730,tx,1281.8,364.4,560.7,,,1,0,0,1
906792733187700,1790932452.873275,12873,tx,1238.2,182.7,367.7,,,1,0,0,1
906792873625600,1790932453.013714,13013,tx,8614.9,116.1,429.1,,,1,0,0,1
906793030072800,1790932453.170163,13170,tx,1412.4,278.4,494.4,,,1,0,0,1
906793170897400,1790932453.310988,13310,tx,2593.7,285.4,669.7,,,1,0,0,1
906793358853500,1790932453.498947,13498,tx,1999.1,192.4,323.0,,,1,0,0,1
906793499077600,1790932453.639173,13639,tx,1267.2,254.9,475.6,,,1,0,0,1
906793656906800,1790932453.797003,13797,tx,1538.7,382.2,599.4,,,1,0,0,1
906793841271100,1790932453.981370,13981,tx,1286.2,202.6,334.5,,,1,0,0,1
906793986149300,1790932454.126249,14126,tx,1790.0,181.8,499.7,,,1,0,0,1
906794125387500,1790932454.265488,14265,tx,2379.3,254.0,533.7,,,1,0,0,1
906794280291300,1790932454.420394,14420,tx,1612.7,198.9,441.7,,,1,0,0,1
906794421158800,1790932454.561264,14561,tx,1125.7,201.8,365.3,,,1,0,0,1
906794563042200,1790932454.703148,14703,tx,2065.4,235.2,477.3,,,1,0,0,1
906794704778300,1790932454.844886,14844,tx,1431.9,237.9,423.8,,,1,0,0,1
906794848456900,1790932454.988566,14988,tx,8046.1,239.8,466.6,,,1,0,0,1
906794986757700,1790932455.126867,126,tx,1265.8,211.7,420.8,,,1,0,0,1
906795131478400,1790932455.271590,271,tx,2189.4,253.2,541.0,,,1,0,0,1
906795284616300,1790932455.424729,424,tx,59179.0,272.9,502.6,,,1,0,0,1
906795450866400,1790932455.590982,590,tx,2063.7,387.8,637.4,,,1,0,0,1
906795593781300,1790932455.733898,733,tx,1467.1,166.1,399.1,,,1,0,0,1
906795735325500,1790932455.875444,875,tx,1200.2,190.2,378.7,,,1,0,0,1
906795873875200,1790932456.013995,1013,tx,1322.2,410.1,601.3,,,1,0,0,1
906796011585300,1790932456.151707,1151,tx,2177.9,202.2,674.4,,,1,0,0,1
906796152197000,1790932456.292320,1292,tx,2705.1,216.7,432.3,,,1,0,0,1
906796345731400,1790932456.485856,1485,tx,1459.8,107.9,274.6,,,1,0,0,1
906796496948200,1790932456.637074,1637,tx,1663.9,352.7,581.8,,,1,0,0,1
906796639451500,1790932456.779579,1779,tx,1188.7,195.1,384.8,,,1,0,0,1
906796780941300,1790932456.921070,1921,tx,59580.7,214.7,630.1,,,1,0,0,1
906796973657300,1790932457.113788,2113,tx,1461.2,191.0,376.3,,,1,0,0,1
906797123379800,1790932457.263513,2263,tx,1314.6,175.5,432.2,,,1,0,0,1
906797264233100,1790932457.404367,2404,tx,1418.2,186.2,402.7,,,1,0,0,1
906797404448900,1790932457.544585,2544,tx,1254.9,181.5,385.8,,,1,0,0,1
906797544935800,1790932457.685073,2685,tx,1704.0,450.8,626.2,,,1,0,0,1
906797687900000,1790932457.828039,2828,tx,1393.7,396.8,617.7,,,1,0,0,1
906797844799200,1790932457.984940,2984,tx,1326.0,179.6,372.3,,,1,0,0,1
906797985588100,1790932458.125730,3125,tx,1426.2,138.1,497.9,,,1,0,0,1
906798127520800,1790932458.267664,3267,tx,1438.9,245.7,381.1,,,1,0,0,1
906798268870500,1790932458.409015,3409,tx,1466.0,381.2,568.6,,,1,0,0,1
906798409715200,1790932458.549861,3549,tx,1367.4,225.8,376.9,,,1,0,0,1
906798552628000,1790932458.692775,3692,tx,11057.4,470.2,841.3,,,1,0,0,1
906798694111400,1790932458.834260,3834,tx,1325.6,202.0,367.6,,,1,0,0,1
906798832595400,1790932458.972746,3972,tx,1875.3,216.7,417.5,,,1,0,0,1
906798972674200,1790932459.112826,4112,tx,2972.6,377.1,834.5,,,1,0,0,1
906799114124200,1790932459.254277,4254,tx,1495.4,210.4,408.4,,,1,0,0,1
906799256406900,1790932459.396562,4396,tx,1862.8,166.6,338.8,,,1,0,0,1
906799397474900,1790932459.537632,4537,tx,1240.1,204.5,401.5,,,1,0,0,1
906799535351800,1790932459.675509,4675,tx,10583.6,299.3,595.8,,,1,0,0,1
906799675388400,1790932459.815548,4815,tx,2022.4,165.3,469.9,,,1,0,0,1
906799842823600,1790932459.982985,4982,tx,1111.3,166.9,310.0,,,1,0,0,1
906799991316200,1790932460.131478,5131,tx,1822.2,239.7,501.2,,,1,0,0,1
906800131319000,1790932460.271483,5271,tx,1525.8,232.5,464.0,,,1,0,0,1
906800273264800,1790932460.413430,5413,tx,2398.5,273.2,612.9,,,1,0,0,1
906800413444600,1790932460.553611,5553,tx,12820.7,296.3,585.3,,,1,0,0,1
906800551664000,1790932460.691832,5691,tx,1665.7,167.5,421.2,,,1,0,0,1
906800690896300,1790932460.831066,5831,tx,2599.4,328.3,637.2,,,1,0,0,1
906800845783300,1790932460.985955,5985,tx,9173.3,185.8,413.1,,,1,0,0,1
906800989770600,1790932461.129944,6129,tx,1722.4,397.6,580.0,,,1,0,0,1
906801130723900,1790932461.270898,6270,tx,1578.0,240.5,466.2,,,1,0,0,1
906801273509000,1790932461.413684,6413,tx,3392.8,394.5,885.8,,,1,0,0,1
906801414687300,1790932461.554865,6554,tx,1467.1,275.5,501.5,,,1,0,0,1
906801557356300,1790932461.697535,6697,tx,1322.9,229.2,445.8,,,1,0,0,1
906801698975900,1790932461.839156,6839,tx,1902.0,306.6,581.3,,,1,0,0,1
906801841073500,1790932461.981256,6981,tx,3725.1,220.3,437.9,,,1,0,0,1
906801982774500,1790932462.122958,7122,tx,1328.7,212.6,421.9,,,1,0,0,1
906802122969900,1790932462.263155,7263,tx,1453.6,386.7,586.0,,,1,0,0,1
906802264597600,1790932462.404783,7404,tx,8124.5,157.7,875.6,,,1,0,0,1
906802406397700,1790932462.546585,7546,tx,4244.4,329.3,782.8,,,1,0,0,1
906802562602600,1790932462.702792,7702,tx,1862.1,220.9,461.7,,,1,0,0,1
906802704065300,1790932462.844256,7844,tx,15222.2,171.6,855.8,,,1,0,0,1
906802860654400,1790932463.000847,8000,tx,1415.4,228.1,427.0,,,1,0,0,1
906802999976500,1790932463.140170,8140,tx,2042.8,254.7,518.4,,,1,0,0,1
906803156346300,1790932463.296541,8296,tx,1717.7,250.4,553.8,,,1,0,0,1
906803307782300,1790932463.447979,8447,tx,1917.8,145.3,430.4,,,1,0,0,1
906803457605400,1790932463.597804,8597,tx,1793.5,225.0,463.5,,,1,0,0,1
906803598115100,1790932463.738315,8738,tx,1142.2,244.6,441.3,,,1,0,0,1
906803739677500,1790932463.879879,8879,tx,2130.4,230.6,478.5,,,1,0,0,1
906803881294000,1790932464.021497,9021,tx,2320.0,231.3,576.2,,,1,0,0,1
906804023450700,1790932464.163655,9163,tx,11226.9,204.8,618.4,,,1,0,0,1
906804165850200,1790932464.306056,9306,tx,1267.1,145.4,306.7,,,1,0,0,1
906804341851100,1790932464.482059,9482,tx,1538.8,217.7,398.8,,,1,0,0,1
906804483779300,1790932464.623989,9623,tx,1393.6,187.3,400.1,,,1,0,0,1
906804625612300,1790932464.765823,9765,tx,1275.6,179.2,312.0,,,1,0,0,1
906804768822700,1790932464.909034,9909,tx,1294.1,179.8,357.2,,,1,0,0,1
906804910640300,1790932465.050854,10050,tx,1265.5,182.0,484.4,,,1,0,0,1
906805051705500,1790932465.191921,10191,tx,1187.5,216.1,379.9,,,1,0,0,1
906805192967400,1790932465.333184,10333,tx,1363.6,365.8,563.3,,,1,0,0,1
906805348771200,1790932465.488989,10488,tx,2344.0,232.0,416.9,,,1,0,0,1
906805489633300,1790932465.629853,10629,tx,1922.3,314.2,554.5,,,1,0,0,1
906805632600700,1790932465.772822,10772,tx,1391.4,229.7,467.8,,,1,0,0,1
906805774649400,1790932465.914872,10914,tx,66674.6,231.4,434.2,,,1,0,0,1
906805945698500,1790932466.085923,11085,tx,1430.2,212.9,419.5,,,1,0,0,1
906806087993900,1790932466.228219,11228,tx,1933.4,306.2,577.6,,,1,0,0,1
906806231817800,1790932466.372045,11372,tx,1425.5,351.6,622.9,,,1,0,0,1
906806373398300,1790932466.513627,11513,tx,1766.0,195.6,419.0,,,1,0,0,1
906806515167500,1790932466.655398,11655,tx,1052.7,186.9,355.7,,,1,0,0,1
906806657301400,1790932466.797532,11797,tx,3404.9,225.4,735.9,,,1,0,0,1
906806845519800,1790932466.985754,11985,tx,1454.9,180.6,447.3,,,1,0,0,1
906806986736900,1790932467.126972,12126,tx,1302.6,247.9,427.2,,,1,0,0,1
906807127608600,1790932467.267845,12267,tx,2296.2,218.8,483.2,,,1,0,0,1
906807282743900,1790932467.422982,12422,tx,58484.6,467.0,739.5,,,1,0,0,1
906807470589600,1790932467.610830,12610,tx,1551.8,296.4,548.1,,,1,0,0,1
906807611077000,1790932467.751318,12751,tx,3744.9,247.4,731.6,,,1,0,0,1
906807753151500,1790932467.893395,12893,tx,1284.9,216.2,386.5,,,1,0,0,1
906807908670100,1790932468.048915,13048,tx,1413.8,212.5,407.2,,,1,0,0,1
906808049409000,1790932468.189655,13189,tx,4440.5,434.3,1027.8,,,1,0,0,1
906808192474700,1790932468.332719,13332,tx,1738.5,188.2,463.9,,,1,0,0,1
906808345793800,1790932468.486043,13486,tx,1232.3,200.9,309.3,,,1,0,0,1
906808492981400,1790932468.633232,13633,tx,1566.0,180.4,552.0,,,1,0,0,1
906808635391900,1790932468.775644,13775,tx,1737.5,209.5,409.1,,,1,0,0,1
906808777283700,1790932468.917537,13917,tx,1230.4,235.0,454.0,,,1,0,0,1
906808932899600,1790932469.073155,14073,tx,2371.2,259.5,597.4,,,1,0,0,1
906809073676200,1790932469.213933,14213,tx,1311.0,213.7,401.9,,,1,0,0,1
906809216798400,1790932469.357057,14357,tx,1986.3,441.7,719.6,,,1,0,0,1
906809357758500,1790932469.498018,14498,tx,1170.6,199.9,387.5,,,1,0,0,1
906809499245300,1790932469.639507,14639,tx,1374.5,183.7,371.5,,,1,0,0,1
906809639392000,1790932469.779655,14779,tx,1561.4,220.1,611.7,,,1,0,0,1
906809781067000,1790932469.921331,14921,tx,1458.8,230.0,436.5,,,1,0,0,1
906809937505800,1790932470.077772,77,tx,12616.7,200.4,458.6,,,1,0,0,1
906810075826200,1790932470.216094,216,tx,2187.7,310.3,808.8,,,1,0,0,1
906810219796800,1790932470.360052,360,tx,1587.7,356.2,678.9,,,1,0,0,1
906810363143300,1790932470.503414,503,tx,7755.5,226.2,392.2,,,1,0,0,1
906810501841200,1790932470.642113,642,tx,1358.2,396.7,577.7,,,1,0,0,1
906810642570700,1790932470.782844,782,tx,1806.0,238.3,549.8,,,1,0,0,1
906810795271900,1790932470.935546,935,tx,20740.7,222.8,577.5,,,1,0,0,1
906810944809400,1790932471.085086,1085,tx,1405.7,345.3,690.3,,,1,0,0,1
906811083740400,1790932471.224018,1224,tx,1218.3,214.3,383.9,,,1,0,0,1
906811226579800,1790932471.366859,1366,tx,1825.3,308.0,580.1,,,1,0,0,1
906811369114600,1790932471.509396,1509,tx,1441.0,235.7,426.0,,,1,0,0,1
906811509843200,1790932471.650126,1650,tx,1605.7,380.2,702.9,,,1,0,0,1
906811650215100,1790932471.790499,1790,tx,1420.2,273.4,465.1,,,1,0,0,1
906811790569800,1790932471.930854,1930,tx,53446.4,211.3,394.0,,,1,0,0,1
906811964110400,1790932472.104397,2104,tx,1427.0,234.2,467.6,,,1,0,0,1
906812104505300,1790932472.244793,2244,tx,2327.2,235.4,510.0,,,1,0,0,1
906812245839100,1790932472.386129,2386,tx,1328.3,180.1,378.7,,,1,0,0,1
906812385657100,1790932472.525949,2525,tx,1545.3,256.8,510.9,,,1,0,0,1
906812526814000,1790932472.667107,2667,tx,2267.8,343.2,622.8,,,1,0,0,1
906812668295100,1790932472.808589,2808,tx,8984.3,261.3,699.1,,,1,0,0,1
906812846764700,1790932472.987061,2987,tx,7842.0,214.9,377.5,,,1,0,0,1
906812997628800,1790932473.137926,3137,tx,9260.3,210.0,459.6,,,1,0,0,1
906813137838600,1790932473.278137,3278,tx,2473.6,226.2,648.7,,,1,0,0,1
906813279858800,1790932473.420159,3420,tx,74699.5,232.1,1195.7,,,1,0,0,1
906813456860100,1790932473.597162,3597,tx,1860.1,364.7,646.1,,,1,0,0,1
906813607818800,1790932473.748123,3748,tx,3303.2,258.8,677.6,,,1,0,0,1
906813751647000,1790932473.891952,3891,tx,12036.1,341.5,800.0,,,1,0,0,1
906813904876800,1790932474.045184,4045,tx,1412.3,351.3,638.2,,,1,0,0,1
906814049442300,1790932474.189751,4189,tx,1997.1,268.7,553.9,,,1,0,0,1
906814191826000,1790932474.332136,4332,tx,9115.2,152.4,344.8,,,1,0,0,1
906814348790600,1790932474.489102,4489,tx,1176.6,224.4,386.9,,,1,0,0,1
906814488852400,1790932474.629166,4629,tx,1425.6,449.1,630.4,,,1,0,0,1
906814631165800,1790932474.771481,4771,tx,13248.2,237.6,548.9,,,1,0,0,1
906814770028100,1790932474.910344,4910,tx,1781.4,223.2,529.6,,,1,0,0,1
906814913581400,1790932475.053899,5053,tx,1304.4,134.6,432.1,,,1,0,0,1
906815055984900,1790932475.196304,5196,tx,2141.2,250.8,641.0,,,1,0,0,1
906815196246800,1790932475.336567,5336,tx,1849.1,203.2,491.2,,,1,0,0,1
906815337843600,1790932475.478166,5478,tx,1184.5,192.4,298.4,,,1,0,0,1
906815476294300,1790932475.616618,5616,tx,2124.7,251.6,563.6,,,1,0,0,1
906815617184800,1790932475.757510,5757,tx,7901.6,167.3,325.2,,,1,0,0,1
906815757861200,1790932475.898188,5898,tx,1239.3,209.4,399.8,,,1,0,0,1
906815897619200,1790932476.037947,6037,tx,1664.6,468.9,850.2,,,1,0,0,1
906816036964000,1790932476.177293,6177,tx,1824.2,250.5,497.8,,,1,0,0,1
906816176921000,1790932476.317252,6317,tx,4608.9,288.5,531.9,,,1,0,0,1
906816376108900,1790932476.516442,6516,tx,8112.9,201.0,460.7,,,1,0,0,1
906816524023400,1790932476.664358,6664,tx,1357.0,344.3,535.1,,,1,0,0,1
906816664664200,1790932476.805000,6804,tx,2332.3,431.8,825.9,,,1,0,0,1
906816805109500,1790932476.945447,6945,tx,21905.2,195.3,416.5,,,1,0,0,1
906816961995600,1790932477.102335,7102,tx,1333.6,287.4,469.9,,,1,0,0,1
906817102484600,1790932477.242825,7242,tx,2019.9,228.4,610.6,,,1,0,0,1
906817243766900,1790932477.384109,7384,tx,2126.5,465.1,677.9,,,1,0,0,1
906817385541500,1790932477.525885,7525,tx,1292.6,226.4,415.2,,,1,0,0,1
906817524263400,1790932477.664608,7664,tx,1211.1,196.1,377.8,,,1,0,0,1
906817665461600,1790932477.805808,7805,tx,1181.7,230.5,418.3,,,1,0,0,1
906817805952400,1790932477.946300,7946,tx,72840.5,286.6,501.4,,,1,0,0,1
906817995128600,1790932478.135478,8135,tx,1457.6,195.7,376.9,,,1,0,0,1
906818133323600,1790932478.273675,8273,tx,3524.4,213.9,403.2,,,1,0,0,1
906818275220400,1790932478.415573,8415,tx,1203.9,207.8,394.4,,,1,0,0,1
906818416633000,1790932478.556987,8556,tx,1228.1,169.2,505.0,,,1,0,0,1
906818557718900,1790932478.698075,8698,tx,1420.2,230.6,408.0,,,1,0,0,1
906818699497200,1790932478.839854,8839,tx,1889.4,245.2,521.6,,,1,0,0,1
906818849330600,1790932478.989690,8989,tx,1297.4,145.5,272.1,,,1,0,0,1
906818996925800,1790932479.137286,9137,tx,1678.2,332.8,587.8,,,1,0,0,1
906819139645600,1790932479.280007,9280,tx,1528.2,237.5,525.2,,,1,0,0,1
906819281078900,1790932479.421442,9421,tx,2061.9,194.2,570.2,,,1,0,0,1
906819419761000,1790932479.560126,9560,tx,1382.1,412.4,619.6,,,1,0,0,1
906819576459600,1790932479.716826,9716,tx,1515.1,224.0,446.9,,,1,0,0,1
906819716441800,1790932479.856809,9856,tx,1718.5,225.3,465.0,,,1,0,0,1
906819856900400,1790932479.997269,9997,tx,1751.3,326.8,587.3,,,1,0,0,1
906819998679700,1790932480.139050,10139,tx,10538.1,181.7,487.3,,,1,0,0,1
906820140297300,1790932480.280669,10280,tx,2055.2,244.7,530.9,,,1,0,0,1
906820283447800,1790932480.423821,10423,tx,1877.8,170.7,561.9,,,1,0,0,1
906820422858200,1790932480.563233,10563,tx,9012.6,402.4,577.7,,,1,0,0,1
906820566845900,1790932480.707222,10707,tx,1658.0,438.1,658.6,,,1,0,0,1
906820707728800,1790932480.848106,10848,tx,2013.8,470.7,731.2,,,1,0,0,1
906820882462500,1790932481.022842,11022,tx,2239.2,296.6,574.3,,,1,0,0,1
906821023584600,1790932481.163966,11163,tx,1330.2,187.3,382.7,,,1,0,0,1
906821166831100,1790932481.307214,11307,tx,2506.8,316.0,797.0,,,1,0,0,1
906821309789600,1790932481.450173,11450,tx,22478.0,315.6,670.2,,,1,0,0,1
906821457383800,1790932481.597769,11597,tx,3912.3,483.9,1065.6,,,1,0,0,1
906821607969900,1790932481.748357,11748,tx,2407.9,204.5,689.1,,,1,0,0,1
906821748163700,1790932481.888552,11888,tx,9076.7,235.8,430.1,,,1,0,0,1
906821890054800,1790932482.030445,12030,tx,1775.1,218.7,454.1,,,1,0,0,1
906822029874300,1790932482.170266,12170,tx,1539.6,367.5,573.5,,,1,0,0,1
906822170319400,1790932482.310712,12310,tx,2855.8,211.9,577.4,,,1,0,0,1
906822309664400,1790932482.450059,12450,tx,66183.7,193.7,445.1,,,1,0,0,1
906822497939700,1790932482.638336,12638,tx,3712.3,466.9,1047.4,,,1,0,0,1
906822638948500,1790932482.779346,12779,tx,1699.9,370.7,580.3,,,1,0,0,1
906822779746500,1790932482.920146,12920,tx,3171.9,400.1,770.0,,,1,0,0,1
906822920581800,1790932483.060983,13060,tx,3618.3,347.3,1662.1,,,1,0,0,1
906823061310800,1790932483.201713,13201,tx,13953.1,241.4,508.3,,,1,0,0,1
906823201923700,1790932483.342328,13342,tx,1600.5,347.6,615.2,,,1,0,0,1
906823347524000,1790932483.487930,13487,tx,1287.1,235.2,372.4,,,1,0,0,1
906823497942300,1790932483.638350,13638,tx,1404.8,407.9,576.1,,,1,0,0,1
906823637543300,1790932483.777952,13777,tx,1273.2,191.3,386.5,,,1,0,0,1
906823778739900,1790932483.919150,13919,tx,1366.3,194.6,438.3,,,1,0,0,1
906823920969000,1790932484.061381,14061,tx,1254.8,383.6,543.0,,,1,0,0,1
906824061247500,1790932484.201660,14201,tx,1476.3,255.9,468.8,,,1,0,0,1
906824201767700,1790932484.342182,14342,tx,1749.8,480.2,736.4,,,1,0,0,1
906824343308400,1790932484.483724,14483,tx,2133.1,211.6,691.7,,,1,0,0,1
906824484041300,1790932484.624459,14624,tx,4875.7,236.3,411.7,,,1,0,0,1
906824624763100,1790932484.765182,14765,tx,1677.2,454.2,709.6,,,1,0,0,1
906824766006100,1790932484.906426,14906,tx,1767.1,396.3,586.5,,,1,0,0,1
906824909121400,1790932485.049542,49,tx,21927.4,200.6,427.9,,,1,0,0,1
906825048707000,1790932485.189130,189,tx,1528.3,251.4,450.3,,,1,0,0,1
906825193459800,1790932485.333884,333,tx,2555.8,231.3,478.5,,,1,0,0,1
906825373918100,1790932485.514345,514,tx,8621.8,423.5,592.6,,,1,0,0,1
906825513666600,1790932485.654095,654,tx,1516.2,208.3,406.5,,,1,0,0,1
906825654284800,1790932485.794714,794,tx,2256.8,178.6,770.7,,,1,0,0,1
906825794530200,1790932485.934961,934,tx,1876.7,270.1,546.6,,,1,0,0,1
906825945346000,1790932486.085779,1085,tx,1111.0,181.9,353.8,,,1,0,0,1
906826086226600,1790932486.226660,1226,tx,1739.2,221.9,573.3,,,1,0,0,1
906826226007100,1790932486.366442,1366,tx,2495.8,276.3,644.9,,,1,0,0,1
906826381613500,1790932486.522051,1522,tx,1524.3,225.9,417.3,,,1,0,0,1
906826522417700,1790932486.662856,1662,tx,1919.2,259.3,601.8,,,1,0,0,1
906826663528600,1790932486.803968,1803,tx,3444.8,478.0,912.7,,,1,0,0,1
906826804752300,1790932486.945194,1945,tx,70481.3,181.4,400.1,,,1,0,0,1
906826994329300,1790932487.134773,2134,tx,1992.0,211.9,437.9,,,1,0,0,1
906827134087500,1790932487.274532,2274,tx,1762.2,176.0,408.0,,,1,0,0,1
906827276034400,1790932487.416481,2416,tx,2267.3,289.7,581.7,,,1,0,0,1
906827419418100,1790932487.559866,2559,tx,2292.7,258.1,595.5,,,1,0,0,1
906827559259600,1790932487.699708,2699,tx,10324.0,286.4,604.2,,,1,0,0,1
906827699739900,1790932487.840190,2840,tx,1389.1,238.1,470.8,,,1,0,0,1
906827858830900,1790932487.999284,2999,tx,1342.5,255.4,392.8,,,1,0,0,1
906828013759500,1790932488.154213,3154,tx,1610.3,411.5,677.6,,,1,0,0,1
906828154468200,1790932488.294924,3294,tx,1501.9,219.7,475.3,,,1,0,0,1
906828297326200,1790932488.437783,3437,tx,72158.8,284.7,558.1,,,1,0,0,1
906828487231500,1790932488.627690,3627,tx,1803.0,218.9,471.0,,,1,0,0,1
906828627148400,1790932488.767609,3767,tx,1400.1,218.3,400.9,,,1,0,0,1
906828772667800,1790932488.913130,3913,tx,1245.0,227.6,418.7,,,1,0,0,1
906828913749300,1790932489.054213,4054,tx,1291.2,197.9,371.1,,,1,0,0,1
906829055980100,1790932489.196445,4196,tx,1486.5,231.2,570.4,,,1,0,0,1
906829196776000,1790932489.337242,4337,tx,8713.6,239.9,444.2,,,1,0,0,1
906829351284000,1790932489.491752,4491,tx,8057.2,158.6,334.5,,,1,0,0,1
906829495777900,1790932489.636247,4636,tx,2085.8,387.3,768.2,,,1,0,0,1
906829637790500,1790932489.778261,4778,tx,8647.6,315.9,672.9,,,1,0,0,1
906829780309200,1790932489.920782,4920,tx,2423.7,193.3,578.9,,,1,0,0,1
906829918152800,1790932490.058627,5058,tx,1407.9,234.7,408.4,,,1,0,0,1
906830059346300,1790932490.199821,5199,tx,3989.8,543.0,1019.6,,,1,0,0,1
906830201488500,1790932490.341965,5341,tx,1333.2,205.7,423.3,,,1,0,0,1
906830342818500,1790932490.483296,5483,tx,1779.1,433.3,658.3,,,1,0,0,1
906830483428700,1790932490.623908,5623,tx,4911.0,354.1,974.9,,,1,0,0,1
906830641528800,1790932490.782010,5782,tx,2257.3,434.8,879.4,,,1,0,0,1
906830796025000,1790932490.936508,5936,tx,1465.4,331.7,529.0,,,1,0,0,1
906830937987200,1790932491.078471,6078,tx,23752.3,216.7,510.2,,,1,0,0,1
906831080080200,1790932491.220566,6220,tx,1291.6,259.9,456.6,,,1,0,0,1
906831219205300,1790932491.359693,6359,tx,1707.0,210.8,490.8,,,1,0,0,1
906831370699300,1790932491.511189,6511,tx,1171.6,179.8,312.1,,,1,0,0,1
906831517232100,1790932491.657722,6657,tx,1782.6,276.2,498.9,,,1,0,0,1
906831658694700,1790932491.799187,6799,tx,2321.1,450.7,773.5,,,1,0,0,1
906831797910500,1790932491.938403,6938,tx,27733.6,453.6,1260.1,,,1,0,0,1
906831953463200,1790932492.093958,7093,tx,2377.4,468.3,858.0,,,1,0,0,1
906832094190100,1790932492.234686,7234,tx,1697.1,229.8,487.9,,,1,0,0,1
906832235746500,1790932492.376245,7376,tx,2064.6,246.6,692.3,,,1,0,0,1
906832376752900,1790932492.517252,7517,tx,1258.1,217.6,393.7,,,1,0,0,1
906832518593800,1790932492.659095,7659,tx,1304.9,241.4,424.8,,,1,0,0,1
906832658711700,1790932492.799214,7799,tx,2106.4,183.5,456.7,,,1,0,0,1
906832799868000,1790932492.940372,7940,tx,72546.5,361.4,531.5,,,1,0,0,1
906832990000500,1790932493.130506,8130,tx,2109.5,286.5,481.8,,,1,0,0,1
906833127489000,1790932493.267996,8267,tx,11912.6,241.0,517.2,,,1,0,0,1
906833268368700,1790932493.408878,8408,tx,1547.4,200.0,406.9,,,1,0,0,1
906833408021900,1790932493.548532,8548,tx,1600.5,222.3,466.7,,,1,0,0,1
906833549390100,1790932493.689902,8689,tx,1548.7,167.2,491.1,,,1,0,0,1
906833690293700,1790932493.830807,8830,tx,1271.1,241.2,431.7,,,1,0,0,1
906833849417400,1790932493.989932,8989,tx,1322.2,149.8,303.7,,,1,0,0,1
906833989169200,1790932494.129685,9129,tx,1559.7,210.3,556.9,,,1,0,0,1
906834130565100,1790932494.271083,9271,tx,1455.8,203.2,411.1,,,1,0,0,1
906834271079600,1790932494.411597,9411,tx,1430.9,220.5,410.0,,,1,0,0,1
906834412396400,1790932494.552917,9552,tx,1217.2,185.4,371.3,,,1,0,0,1
906834554267400,1790932494.694789,9694,tx,2201.1,242.7,429.6,,,1,0,0,1
906834696000900,1790932494.836524,9836,tx,1328.1,261.5,473.5,,,1,0,0,1
906834837082600,1790932494.977607,9977,tx,1489.5,248.5,436.4,,,1,0,0,1
906834978522400,1790932495.119049,10119,tx,3284.2,463.2,896.4,,,1,0,0,1
906835119372800,1790932495.259901,10259,tx,1702.2,222.8,577.5,,,1,0,0,1
906835259355200,1790932495.399884,10399,tx,1669.0,228.2,488.6,,,1,0,0,1
906835403541000,1790932495.544072,10544,tx,1225.7,204.1,386.2,,,1,0,0,1
906835545305600,1790932495.685838,10685,tx,2655.2,203.2,401.4,,,1,0,0,1
906835687151100,1790932495.827685,10827,tx,1458.7,181.2,409.3,,,1,0,0,1
906835875389900,1790932496.015926,11015,tx,2101.4,159.7,316.8,,,1,0,0,1
906836015224500,1790932496.155762,11155,tx,1277.4,237.5,427.1,,,1,0,0,1
906836159876500,1790932496.300415,11300,tx,1657.8,478.1,687.9,,,1,0,0,1
906836300231700,1790932496.440772,11440,tx,27325.2,413.0,1225.3,,,1,0,0,1
906836439894900,1790932496.580436,11580,tx,1467.3,431.6,623.2,,,1,0,0,1
906836581893300,1790932496.722436,11722,tx,1838.5,355.4,590.1,,,1,0,0,1
906836723662700,1790932496.864207,11864,tx,1561.6,154.6,363.5,,,1,0,0,1
906836882045500,1790932497.022592,12022,tx,1481.0,236.1,453.2,,,1,0,0,1
906837023482200,1790932497.164030,12164,tx,2615.0,407.1,726.8,,,1,0,0,1
906837164203500,1790932497.304752,12304,tx,2158.7,220.8,533.0,,,1,0,0,1
906837305301900,1790932497.445853,12445,tx,66142.7,213.7,428.7,,,1,0,0,1
906837493461500,1790932497.634014,12634,tx,2173.2,222.0,507.0,,,1,0,0,1
906837649601500,1790932497.790156,12790,tx,1489.3,262.9,459.0,,,1,0,0,1
906837789701700,1790932497.930257,12930,tx,1437.2,211.3,408.6,,,1,0,0,1
906837932942700,1790932498.073500,13073,tx,2812.6,288.2,673.5,,,1,0,0,1
906838075305600,1790932498.215864,13215,tx,1297.8,177.7,363.9,,,1,0,0,1
906838217086900,1790932498.357647,13357,tx,1380.1,235.4,446.5,,,1,0,0,1
906838371226400,1790932498.511788,13511,tx,1755.1,241.7,552.2,,,1,0,0,1
906838511662700,1790932498.652225,13652,tx,1463.6,182.1,409.9,,,1,0,0,1
906838669882200,1790932498.810447,13810,tx,2459.6,224.6,544.9,,,1,0,0,1
906838811506800,1790932498.952073,13952,tx,75350.4,207.6,474.3,,,1,0,0,1
906838987177200,1790932499.127745,14127,tx,1577.1,253.6,439.1,,,1,0,0,1
906839127827600,1790932499.268397,14268,tx,1977.6,466.1,709.7,,,1,0,0,1
906839271178600,1790932499.411750,14411,tx,1400.8,215.1,524.3,,,1,0,0,1
906839411119300,1790932499.551692,14551,tx,1602.8,152.4,342.8,,,1,0,0,1
906839553124400,1790932499.693698,14693,tx,2070.7,270.0,520.7,,,1,0,0,1
906839692730500,1790932499.833306,14833,tx,8036.8,157.2,337.0,,,1,0,0,1
906839851032000,1790932499.991609,14991,tx,1565.2,315.0,492.9,,,1,0,0,1
906839988171300,1790932500.128750,128,tx,1228.7,193.7,350.7,,,1,0,0,1
906840129183800,1790932500.269763,269,tx,5799.9,181.5,340.3,,,1,0,0,1
906840278953300,1790932500.419535,419,tx,1403.4,326.8,519.5,,,1,0,0,1
906840429076400,1790932500.569659,569,tx,1359.8,197.0,451.8,,,1,0,0,1
906840571558600,1790932500.712142,712,tx,13337.7,262.4,1429.4,,,1,0,0,1
906840710766300,1790932500.851352,851,tx,1311.8,400.7,609.0,,,1,0,0,1
906840850245400,1790932500.990833,990,tx,1722.9,178.3,409.2,,,1,0,0,1
906840987446800,1790932501.128036,1128,tx,1346.0,191.3,398.9,,,1,0,0,1
906841128682000,1790932501.269272,1269,tx,2345.9,293.4,686.3,,,1,0,0,1
906841270225000,1790932501.410817,1410,tx,1103.6,214.1,404.6,,66577.8,1,0,0,1
906841411104600,1790932501.551698,1551,idle,1333.1,294.7,421.2,,,0,0,0,0
906841553776200,1790932501.694371,1694,idle,150761.7,,,,,0,0,0,0
906841837716600,1790932501.978314,1978,idle,10349.0,,,,,0,0,0,0
906841978996200,1790932502.119595,2119,idle,175380.2,,,,,0,0,0,1
906842255023000,1790932502.395625,2395,tx,3328.9,193.7,483.9,,,1,0,0,1
906842404274500,1790932502.544878,2544,tx,1199.9,211.0,396.1,,,1,0,0,1
906842549351400,1790932502.689956,2689,tx,13510.8,210.6,534.9,,,1,0,0,1
906842686599400,1790932502.827205,2827,tx,1565.0,236.3,487.5,,,1,0,0,1
906842837789400,1790932502.978398,2978,tx,1161.5,195.0,353.9,,,1,0,0,1
906842986508400,1790932503.127118,3127,tx,3995.4,458.9,992.3,,,1,0,0,1
906843128423100,1790932503.269034,3269,tx,1793.8,259.6,483.0,,,1,0,0,1
906843270708300,1790932503.411321,3411,tx,2009.5,421.9,701.4,,,1,0,0,1
906843409791900,1790932503.550406,3550,tx,8153.4,329.2,600.0,,,1,0,0,1
906843550367100,1790932503.690982,3690,tx,2124.8,275.4,632.8,,,1,0,0,1
906843691012200,1790932503.831629,3831,tx,1548.3,230.7,458.8,,,1,0,0,1
906843875508400,1790932504.016127,4016,tx,1863.7,98.0,243.9,,,1,0,0,1
906844018345300,1790932504.158966,4158,tx,1241.5,182.2,390.9,,,1,0,0,1
906844158442700,1790932504.299064,4299,tx,2296.0,165.7,476.9,,,1,0,0,1
906844302234300,1790932504.442857,4442,tx,9043.4,393.3,1096.1,,,1,0,0,1
906844443510800,1790932504.584136,4584,tx,1918.8,277.0,552.0,,,1,0,0,1
906844584158700,1790932504.724785,4724,tx,1386.3,232.6,422.6,,,1,0,0,1
906844724434900,1790932504.865063,4865,tx,10955.2,232.0,480.8,,,1,0,0,1
906844874916600,1790932505.015546,5015,tx,2469.7,430.1,569.4,,,1,0,0,1
906845021401500,1790932505.162032,5162,tx,2431.8,263.9,512.8,,,1,0,0,1
906845161688200,1790932505.302320,5302,tx,6135.4,143.6,315.9,,,1,0,0,1
906845317473400,1790932505.458093,5458,tx,57283.3,206.9,364.8,,,1,0,0,1
906845502060500,1790932505.642696,5642,tx,1452.6,240.5,428.8,,,1,0,0,1
906845646455100,1790932505.787092,5787,tx,2238.9,222.5,564.9,,,1,0,0,1
906845786512300,1790932505.927150,5927,tx,3016.8,483.3,832.4,,,1,0,0,1
906845927831800,1790932506.068472,6068,tx,24027.2,255.8,610.7,,,1,0,0,1
906846068544100,1790932506.209186,6209,tx,1426.9,213.8,415.4,,,1,0,0,1
906846209901100,1790932506.350544,6350,tx,1958.7,295.8,575.7,,,1,0,0,1
906846378113400,1790932506.518758,6518,tx,1543.2,260.7,365.9,,,1,0,0,1
906846523845300,1790932506.664492,6664,tx,1706.9,373.8,616.8,,,1,0,0,1
906846665377200,1790932506.806025,6806,tx,1441.0,245.8,434.1,,,1,0,0,1
906846805312700,1790932506.945962,6945,tx,2282.0,218.1,405.2,,,1,0,0,1
906846945550300,1790932507.086201,7086,tx,1602.3,201.7,476.1,,,1,0,0,1
906847088902800,1790932507.229555,7229,tx,2415.1,306.9,654.7,,,1,0,0,1
906847230618400,1790932507.371272,7371,tx,1691.3,148.8,383.8,,,1,0,0,1
906847372193500,1790932507.512849,7512,tx,1545.0,249.5,589.8,,,1,0,0,1
906847513899900,1790932507.654557,7654,tx,1529.1,285.5,552.0,,,1,0,0,1
906847654772800,1790932507.795431,7795,tx,1801.8,448.8,678.9,,,1,0,0,1
906847794006500,1790932507.934666,7934,tx,6806.7,272.5,478.0,,,1,0,0,1
906847934989900,1790932508.075651,8075,tx,1401.2,189.1,404.1,,,1,0,0,1
906848076536800,1790932508.217200,8217,tx,1378.9,246.3,496.7,,,1,0,0,1
906848218587900,1790932508.359252,8359,tx,1751.8,205.9,446.3,,,1,0,0,1
906848375013800,1790932508.515680,8515,tx,2705.8,206.6,457.5,,,1,0,0,1
906848514545800,1790932508.655213,8655,tx,1225.5,247.7,400.7,,,1,0,0,1
906848655397000,1790932508.796065,8796,tx,2018.3,248.4,518.9,,,1,0,0,1
906848812083700,1790932508.952754,8952,tx,1235.3,239.5,407.8,,,1,0,0,1
906848955369100,1790932509.096041,9096,tx,1291.0,216.3,414.9,,,1,0,0,1
906849095915400,1790932509.236588,9236,tx,12833.1,294.3,551.9,,,1,0,0,1
906849238128300,1790932509.378803,9378,tx,1557.5,210.9,602.7,,,1,0,0,1
906849381219300,1790932509.521896,9521,tx,7002.7,182.2,358.7,,,1,0,0,1
906849521669600,1790932509.662347,9662,tx,2876.3,404.2,790.2,,,1,0,0,1
906849662833900,1790932509.803513,9803,tx,1320.6,176.1,372.2,,,1,0,0,1
906849805558800,1790932509.946239,9946,tx,1465.2,212.0,418.8,,,1,0,0,1
906849945453400,1790932510.086136,10086,tx,1357.5,278.4,437.0,,,1,0,0,1
906850086619300,1790932510.227302,10227,tx,10847.2,424.4,762.2,,,1,0,0,1
906850244475900,1790932510.385161,10385,tx,2162.4,269.4,608.1,,,1,0,0,1
906850385903000,1790932510.526590,10526,tx,1479.7,395.7,587.7,,,1,0,0,1
906850529287500,1790932510.669975,10669,tx,8524.2,249.3,600.2,,,1,0,0,1
906850670890500,1790932510.811579,10811,tx,2581.1,327.6,603.5,,,1,0,0,1
906850815215800,1790932510.955906,10955,tx,60865.7,282.8,728.3,,,1,0,0,1
906851004563300,1790932511.145257,11145,tx,1085.8,207.6,346.8,,,1,0,0,1
906851143531000,1790932511.284225,11284,tx,1497.3,265.8,463.9,,,1,0,0,1
906851285124600,1790932511.425820,11425,tx,11777.2,473.6,1104.1,,,1,0,0,1
906851424692000,1790932511.565390,11565,tx,1526.7,216.0,403.7,,,1,0,0,1
906851565443800,1790932511.706142,11706,tx,1657.8,229.8,479.8,,,1,0,0,1
906851705793300,1790932511.846494,11846,tx,2164.6,194.7,427.0,,,1,0,0,1
906851861057600,1790932512.001760,12001,tx,1361.7,231.9,610.6,,,1,0,0,1
906852002833400,1790932512.143537,12143,tx,1826.8,433.9,585.2,,,1,0,0,1
906852146736200,1790932512.287441,12287,tx,1218.9,201.3,389.8,,,1,0,0,1
906852287328900,1790932512.428035,12428,tx,1427.4,221.3,570.5,,,1,0,0,1
906852429806800,1790932512.570515,12570,tx,1620.4,413.4,710.2,,,1,0,0,1
906852569942900,1790932512.710652,12710,tx,1566.1,233.6,505.7,,,1,0,0,1
906852710240600,1790932512.850951,12850,tx,10485.1,255.0,502.5,,,1,0,0,1
906852871849700,1790932513.012562,13012,tx,1417.3,398.5,569.7,,,1,0,0,1
906853009013100,1790932513.149727,13149,tx,1497.2,227.5,449.7,,,1,0,0,1
906853149779300,1790932513.290495,13290,tx,9627.4,404.8,604.1,,,1,0,0,1
906853291009100,1790932513.431726,13431,tx,1053.3,276.0,421.7,,,1,0,0,1
906853431801300,1790932513.572520,13572,tx,1993.5,449.5,699.6,,,1,0,0,1
906853574551500,1790932513.715271,13715,tx,1997.7,238.0,541.3,,,1,0,0,1
906853717972400,1790932513.858694,13858,tx,1339.2,303.8,519.8,,,1,0,0,1
906853876072000,1790932514.016795,14016,tx,1762.3,169.1,678.3,,,1,0,0,1
906854016811400,1790932514.157536,14157,tx,10450.8,366.8,607.6,,,1,0,0,1
906854158809300,1790932514.299535,14299,tx,1661.6,196.7,350.5,,,1,0,0,1
906854301040800,1790932514.441768,14441,tx,1545.9,136.7,448.4,,,1,0,0,1
906854444283100,1790932514.585012,14585,tx,1339.0,225.1,428.4,,,1,0,0,1
906854584702300,1790932514.725433,14725,tx,1588.1,416.5,632.8,,,1,0,0,1
906854726494700,1790932514.867227,14867,tx,1401.7,192.6,420.6,,,1,0,0,1
906854869759000,1790932515.010492,10,tx,1491.6,461.5,660.9,,,1,0,0,1
906855010663500,1790932515.151398,151,tx,10841.7,412.7,773.4,,,1,0,0,1
906855149418000,1790932515.290154,290,tx,1283.5,161.5,354.3,,,1,0,0,1
906855296480400,1790932515.437218,437,tx,1677.9,211.1,411.5,,,1,0,0,1
906855434301300,1790932515.575041,575,tx,1334.8,215.9,499.2,,,1,0,0,1
906855580537600,1790932515.721278,721,tx,1228.5,214.1,422.0,,,1,0,0,1
906855720066700,1790932515.860808,860,tx,2813.6,205.0,687.8,,,1,0,0,1
906855877218600,1790932516.017962,1017,tx,18709.2,259.5,470.4,,,1,0,0,1
906856014542400,1790932516.155288,1155,tx,1543.3,159.6,348.4,,,1,0,0,1
906856156095100,1790932516.296842,1296,tx,2550.0,240.2,705.3,,,1,0,0,1
906856296720300,1790932516.437469,1437,tx,1452.0,210.3,401.1,,,1,0,0,1
906856438845800,1790932516.579595,1579,tx,1343.8,430.2,604.2,,,1,0,0,1
906856581780900,1790932516.722532,1722,tx,1194.0,207.5,394.4,,,1,0,0,1
906856723708000,1790932516.864460,1864,tx,1194.5,175.1,400.3,,,1,0,0,1
906856881674300,1790932517.022429,2022,tx,1754.3,413.5,816.6,,,1,0,0,1
906857022781100,1790932517.163537,2163,tx,1642.6,416.9,635.9,,,1,0,0,1
906857162892500,1790932517.303649,2303,tx,1979.5,331.4,621.8,,,1,0,0,1
906857303686500,1790932517.444445,2444,tx,68644.8,418.0,804.7,,,1,0,0,1
906857477405600,1790932517.618166,2618,tx,2276.5,171.7,358.2,,,1,0,0,1
906857619402500,1790932517.760164,2760,tx,2419.8,323.6,652.1,,,1,0,0,1
906857761714700,1790932517.902478,2902,tx,1182.8,199.7,388.2,,,1,0,0,1
906857903488600,1790932518.044253,3044,tx,1173.5,251.4,432.8,,,1,0,0,1
906858042901800,1790932518.183668,3183,tx,2039.5,400.2,598.3,,,1,0,0,1
906858184207000,1790932518.324974,3324,tx,14531.1,283.4,591.3,,,1,0,0,1
906858380905600,1790932518.521676,3521,tx,7126.7,419.2,558.7,,,1,0,0,1
906858530700800,1790932518.671472,3671,tx,1489.4,203.1,447.8,,,1,0,0,1
906858671585900,1790932518.812359,3812,tx,1466.9,248.5,476.3,,,1,0,0,1
906858814619200,1790932518.955394,3955,tx,60650.7,188.1,382.2,,,1,0,0,1
906858972334800,1790932519.113111,4113,tx,1290.2,211.5,461.5,,,1,0,0,1
906859113629400,1790932519.254407,4254,tx,2261.6,417.8,706.4,,,1,0,0,1
906859253897000,1790932519.394675,4394,tx,1922.3,257.0,564.0,,,1,0,0,1
906859394306800,1790932519.535087,4535,tx,1372.7,244.6,466.5,,,1,0,0,1
906859535513700,1790932519.676296,4676,tx,1512.1,184.5,381.2,,,1,0,0,1
906859675017800,1790932519.815801,4815,tx,3557.4,202.5,858.9,,,1,0,0,1
906859816675400,1790932519.957460,4957,tx,61885.3,200.3,432.6,,,1,0,0,1
906860008268400,1790932520.149054,5149,tx,5906.5,289.8,1162.5,,,1,0,0,1
906860146699900,1790932520.287488,5287,tx,10178.2,301.4,623.7,,,1,0,0,1
906860287962400,1790932520.428752,5428,tx,2358.6,303.4,639.4,,,1,0,0,1
906860429970700,1790932520.570762,5570,tx,1679.7,188.7,449.2,,,1,0,0,1
906860571103800,1790932520.711896,5711,tx,2516.3,278.5,612.4,,,1,0,0,1
906860715414500,1790932520.856209,5856,tx,1660.5,216.5,424.4,,,1,0,0,1
906860855848700,1790932520.996644,5996,tx,1542.3,171.6,398.9,,,1,0,0,1
906860995758100,1790932521.136555,6136,tx,1748.3,201.7,722.7,,,1,0,0,1
906861153546100,1790932521.294345,6294,tx,1298.7,204.8,400.3,,,1,0,0,1
906861297618600,1790932521.438419,6438,tx,1541.3,251.4,499.4,,,1,0,0,1
906861438880900,1790932521.579682,6579,tx,1649.8,260.7,635.7,,,1,0,0,1
906861580476200,1790932521.721262,6721,tx,1762.3,212.1,439.8,,,1,0,0,1
906861722589700,1790932521.863394,6863,tx,1071.2,173.9,333.5,,,1,0,0,1
906861873547100,1790932522.014354,7014,tx,1497.0,207.4,340.6,,,1,0,0,1
906862019778900,1790932522.160587,7160,tx,1276.8,163.3,335.7,,,1,0,0,1
906862160475100,1790932522.301284,7301,tx,2271.2,299.0,578.9,,,1,0,0,1
906862300078700,1790932522.440889,7440,tx,1511.3,205.3,343.8,,,1,0,0,1
906862440785300,1790932522.581597,7581,tx,8881.6,162.3,364.5,,,1,0,0,1
906862580860600,1790932522.721674,7721,tx,1973.3,244.3,508.8,,,1,0,0,1
906862722681900,1790932522.863497,7863,tx,1318.6,181.8,318.5,,,1,0,0,1
906862888749000,1790932523.029566,8029,tx,6957.7,177.6,314.8,,,1,0,0,1
906863034402700,1790932523.175221,8175,tx,1378.3,180.7,407.8,,,1,0,0,1
906863176698100,1790932523.317518,8317,tx,1357.3,260.9,451.4,,,1,0,0,1
906863317769200,1790932523.458590,8458,tx,56949.1,463.9,682.0,,,1,0,0,1
906863475462700,1790932523.616285,8616,tx,1579.9,197.4,383.9,,,1,0,0,1
906863616478000,1790932523.757302,8757,tx,2164.8,186.5,474.4,,,1,0,0,1
906863760405100,1790932523.901231,8901,tx,1102.6,208.9,371.2,,,1,0,0,1
906863901780000,1790932524.042607,9042,tx,1386.1,208.3,405.4,,,1,0,0,1
906864043843300,1790932524.184672,9184,tx,1457.9,405.1,572.1,,,1,0,0,1
906864185703500,1790932524.326533,9326,tx,2803.7,263.8,943.5,,,1,0,0,1
906864326109800,1790932524.466941,9466,tx,51777.5,205.5,372.5,,,1,0,0,1
906864505242800,1790932524.646076,9646,tx,4936.9,489.3,1152.2,,,1,0,0,1
906864652195200,1790932524.793030,9793,tx,1272.5,208.4,421.5,,,1,0,0,1
906864792090100,1790932524.932926,9932,tx,1176.5,212.9,413.1,,,1,0,0,1
906864934190800,1790932525.075029,10075,tx,1270.0,211.3,392.4,,,1,0,0,1
906865091845100,1790932525.232684,10232,tx,1527.1,373.9,564.8,,,1,0,0,1
906865234914600,1790932525.375756,10375,tx,2341.9,264.2,574.6,,,1,0,0,1
906865375966600,1790932525.516809,10516,tx,1779.0,225.1,514.3,,,1,0,0,1
906865515859300,1790932525.656703,10656,tx,1456.8,307.5,511.3,,,1,0,0,1
906865659035300,1790932525.799881,10799,tx,1628.2,237.0,466.7,,,1,0,0,1
906865800608500,1790932525.941455,10941,tx,3225.8,401.1,822.6,,,1,0,0,1
906865942136500,1790932526.082985,11082,tx,25924.6,222.4,967.8,,,1,0,0,1
906866098090700,1790932526.238941,11238,tx,1205.7,229.7,412.7,,,1,0,0,1
906866239103100,1790932526.379941,11379,tx,1331.0,176.5,382.7,,,1,0,0,1
906866395581500,1790932526.536435,11536,tx,1569.7,216.2,429.4,,,1,0,0,1
906866536437600,1790932526.677291,11677,tx,2267.9,229.5,553.2,,,1,0,0,1
906866677752000,1790932526.818608,11818,tx,1678.1,454.4,680.9,,,1,0,0,1
906866820322600,1790932526.961180,11961,tx,27650.7,344.7,1062.5,,,1,0,0,1
906866978446400,1790932527.119306,12119,tx,1844.6,202.9,402.7,,,1,0,0,1
906867117894100,1790932527.258754,12258,tx,2339.9,245.2,512.8,,,1,0,0,1
906867259984800,1790932527.400846,12400,tx,9888.2,253.9,994.6,,,1,0,0,1
906867401149600,1790932527.542013,12542,tx,1699.1,143.7,317.3,,,1,0,0,1
906867542529200,1790932527.683393,12683,tx,5426.5,528.3,910.7,,,1,0,0,1
906867684028400,1790932527.824895,12824,tx,3443.0,198.1,516.8,,,1,0,0,1
906867874020100,1790932528.014889,13014,tx,1564.0,240.3,497.7,,,1,0,0,1
906868014488900,1790932528.155359,13155,tx,1528.0,254.4,479.4,,,1,0,0,1
906868153770900,1790932528.294642,13294,tx,1814.0,433.3,681.4,,,1,0,0,1
906868294497100,1790932528.435370,13435,tx,1404.9,231.5,406.3,,,1,0,0,1
906868435318800,1790932528.576190,13576,tx,1966.9,363.6,762.2,,,1,0,0,1
906868572621100,1790932528.713497,13713,tx,11027.4,415.4,786.9,,,1,0,0,1
906868711582800,1790932528.852460,13852,tx,1439.8,216.8,416.2,,,1,0,0,1
906868883718100,1790932529.024597,14024,tx,1291.7,236.7,414.5,,,1,0,0,1
906869023155800,1790932529.164036,14164,tx,1210.4,246.5,417.8,,,1,0,0,1
906869164287500,1790932529.305169,14305,tx,1351.2,233.4,436.5,,,1,0,0,1
906869304641600,1790932529.445525,14445,tx,1210.6,149.4,358.1,,,1,0,0,1
906869446005900,1790932529.586890,14586,tx,11120.9,233.6,740.0,,,1,0,0,1
906869588428600,1790932529.729315,14729,tx,1428.8,188.8,515.3,,,1,0,0,1
906869729162900,1790932529.870051,14870,tx,1246.6,285.9,474.3,,,1,0,0,1
906869872188800,1790932530.013078,13,tx,1178.9,192.2,381.4,,,1,0,0,1
906870014510400,1790932530.155401,155,tx,1391.7,225.1,417.7,,,1,0,0,1
906870152618300,1790932530.293510,293,tx,1505.5,172.1,426.1,,,1,0,0,1
906870297994500,1790932530.438887,438,tx,3721.4,327.9,779.1,,,1,0,0,1
906870449971100,1790932530.590866,590,tx,2432.2,156.8,460.3,,,1,0,0,1
906870592352400,1790932530.733249,733,tx,1271.7,253.6,448.6,,,1,0,0,1
906870741873700,1790932530.882772,882,tx,1961.5,209.9,663.0,,,1,0,0,1
906870889174200,1790932531.030074,1030,tx,3029.8,271.6,609.0,,,1,0,0,1
906871029945200,1790932531.170846,1170,tx,1691.9,291.7,515.1,,,1,0,0,1
906871170687300,1790932531.311590,1311,tx,2139.4,249.7,697.0,,,1,0,0,1
906871313804500,1790932531.454709,1454,tx,26742.6,370.2,571.3,,,1,0,0,1
906871455111600,1790932531.596017,1596,tx,2159.9,180.5,463.1,,,1,0,0,1
906871595243000,1790932531.736150,1736,tx,2761.2,212.7,747.4,,,1,0,0,1
906871736639800,1790932531.877548,1877,tx,12131.5,282.4,725.4,,,1,0,0,1
906871878488500,1790932532.019399,2019,tx,7958.5,202.5,346.9,,,1,0,0,1
906872019975400,1790932532.160887,2160,tx,1840.4,183.5,521.5,,,1,0,0,1
906872160651500,1790932532.301564,2301,tx,3757.5,198.3,968.4,,,1,0,0,1
906872299530500,1790932532.440445,2440,tx,1272.8,153.4,344.9,,,1,0,0,1
906872441917100,1790932532.582833,2582,tx,1937.1,189.3,539.9,,,1,0,0,1
906872584437700,1790932532.725355,2725,tx,1924.3,270.7,530.1,,,1,0,0,1
906872726396200,1790932532.867315,2867,tx,9468.8,203.5,435.3,,,1,0,0,1
906872868669900,1790932533.009590,3009,tx,1606.2,403.3,624.4,,,1,0,0,1
906873007595100,1790932533.148517,3148,tx,1407.0,210.3,421.3,,,1,0,0,1
906873150285100,1790932533.291208,3291,tx,2114.1,212.0,686.5,,,1,0,0,1
906873291653800,1790932533.432579,3432,tx,1784.7,215.4,437.7,,,1,0,0,1
906873434274100,1790932533.575200,3575,tx,1605.1,248.7,551.1,,,1,0,0,1
906873577943000,1790932533.718871,3718,tx,1731.9,251.8,489.9,,,1,0,0,1
906873718222500,1790932533.859152,3859,tx,1334.5,209.3,404.5,,,1,0,0,1
906873879198300,1790932534.020129,4020,tx,1439.6,243.5,429.8,,,1,0,0,1
906874016672100,1790932534.157605,4157,tx,1525.0,211.4,440.5,,,1,0,0,1
906874158360800,1790932534.299294,4299,tx,1438.4,173.4,351.7,,,1,0,0,1
906874297296200,1790932534.438231,4438,tx,2293.5,248.7,502.6,,,1,0,0,1
906874439094700,1790932534.580031,4580,tx,1425.6,231.2,384.5,,,1,0,0,1
906874581850500,1790932534.722788,4722,tx,11472.9,191.7,728.7,,,1,0,0,1
906874723772500,1790932534.864712,4864,tx,1267.1,141.7,251.0,,,1,0,0,1
906874879449900,1790932535.020392,5020,tx,1372.8,236.9,340.8,,,1,0,0,1
906875019882500,1790932535.160825,5160,tx,17247.5,267.6,1464.2,,,1,0,0,1
906875162142300,1790932535.303086,5303,tx,1826.4,218.6,467.6,,,1,0,0,1
906875301789100,1790932535.442735,5442,tx,2005.3,404.4,663.0,,,1,0,0,1
906875443654100,1790932535.584602,5584,tx,1137.7,168.2,346.3,,,1,0,0,1
906875587147100,1790932535.728096,5728,tx,1316.2,259.4,459.9,,,1,0,0,1
906875728519900,1790932535.869470,5869,tx,1778.6,263.1,524.8,,,1,0,0,1
906875869328100,1790932536.010280,6010,tx,1104.0,199.3,386.4,,,1,0,0,1
906876011503100,1790932536.152456,6152,tx,10086.5,153.7,561.8,,,1,0,0,1
906876153552900,1790932536.294508,6294,tx,1311.9,185.3,404.8,,,1,0,0,1
906876297102900,1790932536.438059,6438,tx,1264.1,204.2,395.2,,,1,0,0,1
906876438408200,1790932536.579366,6579,tx,10418.8,203.0,446.9,,,1,0,0,1
906876594204200,1790932536.735163,6735,tx,1600.5,250.8,490.5,,,1,0,0,1
906876733357300,1790932536.874318,6874,tx,1564.8,237.3,435.1,,,1,0,0,1
906876889918100,1790932537.030881,7030,tx,2241.6,296.4,905.2,,,1,0,0,1
906877029877000,1790932537.170841,7170,tx,1481.1,241.6,508.2,,,1,0,0,1
906877171656800,1790932537.312622,7312,tx,1434.8,208.7,417.6,,,1,0,0,1
906877315439800,1790932537.456406,7456,tx,27169.7,249.6,543.1,,,1,0,0,1
906877457464500,1790932537.598432,7598,tx,2897.0,284.6,625.1,,,1,0,0,1
906877597142200,1790932537.738112,7738,tx,1529.7,218.8,422.2,,,1,0,0,1
906877737839000,1790932537.878810,7878,tx,2746.6,317.7,776.3,,,1,0,0,1
906877883832900,1790932538.024806,8024,tx,7650.2,129.6,269.5,,,1,0,0,1
906878021763700,1790932538.162738,8162,tx,1302.0,198.4,389.7,,,1,0,0,1
906878160969800,1790932538.301945,8301,tx,1714.8,250.1,563.4,,,1,0,0,1
906878301388500,1790932538.442365,8442,tx,7454.1,218.6,622.8,,,1,0,0,1
906878442457200,1790932538.583435,8583,tx,1291.2,264.9,473.6,,,1,0,0,1
906878581902300,1790932538.722882,8722,tx,1418.3,229.5,613.3,,,1,0,0,1
906878723104700,1790932538.864086,8864,tx,3187.3,228.2,905.1,,,1,0,0,1
906878864041900,1790932539.005025,9005,tx,2333.2,214.0,663.2,,,1,0,0,1
906879003308900,1790932539.144293,9144,tx,1950.2,223.4,675.0,,,1,0,0,1
906879145100700,1790932539.286086,9286,tx,2987.7,308.1,698.8,,,1,0,0,1
906879285916700,1790932539.426904,9426,tx,11611.6,315.5,561.4,,,1,0,0,1
906879427846100,1790932539.568835,9568,tx,1359.9,436.9,629.2,,,1,0,0,1
906879569437800,1790932539.710428,9710,tx,1835.0,251.8,516.3,,,1,0,0,1
906879710982800,1790932539.851974,9851,tx,2900.5,286.3,743.8,,,1,0,0,1
906879877869500,1790932540.018863,10018,tx,1506.5,419.8,613.8,,,1,0,0,1
906880023346100,1790932540.164341,10164,tx,1729.6,220.5,468.9,,,1,0,0,1
906880166831700,1790932540.307827,10307,tx,11350.4,239.2,665.8,,,1,0,0,1
906880307879900,1790932540.448878,10448,tx,1509.9,280.2,541.4,,,1,0,0,1
906880449049200,1790932540.590048,10590,tx,3548.1,305.4,757.2,,,1,0,0,1
906880591290000,1790932540.732290,10732,tx,3375.9,254.5,723.2,,,1,0,0,1
906880731480800,1790932540.872483,10872,tx,2086.2,424.7,859.3,,,1,0,0,1
906880886577600,1790932541.027581,11027,tx,1394.9,210.1,386.6,,,1,0,0,1
906881030463100,1790932541.171468,11171,tx,1383.4,243.5,465.8,,,1,0,0,1
906881168773400,1790932541.309780,11309,tx,1984.2,279.0,880.4,,,1,0,0,1
906881310603200,1790932541.451611,11451,tx,1166.7,204.7,378.9,,,1,0,0,1
906881451522800,1790932541.592532,11592,tx,1892.2,224.2,501.4,,,1,0,0,1
906881593298900,1790932541.734310,11734,tx,1232.4,168.9,353.0,,,1,0,0,1
906881736794800,1790932541.877807,11877,tx,1953.4,397.5,650.2,,,1,0,0,1
906881879163900,1790932542.020178,12020,tx,1389.2,283.1,455.1,,,1,0,0,1
906882020464800,1790932542.161481,12161,tx,7869.7,206.1,386.5,,,1,0,0,1
906882162447900,1790932542.303465,12303,tx,1823.3,178.6,636.8,,,1,0,0,1
906882303422900,1790932542.444442,12444,tx,1224.3,197.1,436.3,,,1,0,0,1
906882445316400,1790932542.586336,12586,tx,1902.8,184.2,369.0,,,1,0,0,1
906882587798300,1790932542.728819,12728,tx,2396.8,373.9,632.4,,,1,0,0,1
906882729473200,1790932542.870497,12870,tx,1193.9,209.5,381.4,,,1,0,0,1
906882884085400,1790932543.025110,13025,tx,1388.2,311.9,457.9,,,1,0,0,1
906883026170200,1790932543.167196,13167,tx,1272.8,181.5,407.2,,,1,0,0,1
906883167264000,1790932543.308291,13308,tx,2378.1,225.9,618.0,,,1,0,0,1
906883310024700,1790932543.451053,13451,tx,2052.1,230.7,584.3,,,1,0,0,1
906883449560800,1790932543.590591,13590,tx,10610.9,180.4,389.5,,,1,0,0,1
906883591700300,1790932543.732732,13732,tx,2097.4,225.4,745.6,,,1,0,0,1
906883735422500,1790932543.876456,13876,tx,1720.4,218.5,444.5,,,1,0,0,1
906883885190000,1790932544.026225,14026,tx,7046.3,197.0,373.1,,,1,0,0,1
906884035273400,1790932544.176310,14176,tx,1795.4,164.4,511.5,,,1,0,0,1
906884175966800,1790932544.317005,14317,tx,2326.8,248.5,545.3,,,1,0,0,1
906884316673000,1790932544.457712,14457,tx,57755.2,388.0,688.2,,,1,0,0,1
906884474601400,1790932544.615643,14615,tx,1431.2,296.8,510.1,,,1,0,0,1
906884617666900,1790932544.758709,14758,tx,1736.4,226.2,481.2,,,1,0,0,1
906884759254100,1790932544.900297,14900,tx,8536.7,287.8,728.8,,,1,0,0,1
906884899502900,1790932545.040548,40,tx,1290.8,209.9,400.8,,,1,0,0,1
906885046434500,1790932545.187482,187,tx,2926.8,219.5,471.5,,,1,0,0,1
906885186529900,1790932545.327578,327,tx,3866.3,409.8,877.2,,,1,0,0,1
906885337387600,1790932545.478438,478,tx,40968.6,187.8,589.6,,,1,0,0,1
906885499101700,1790932545.640153,640,tx,1852.7,203.3,558.3,,,1,0,0,1
906885649361900,1790932545.790415,790,tx,1732.7,205.9,670.7,,,1,0,0,1
906885791233500,1790932545.932288,932,tx,1604.1,213.6,431.0,,,1,0,0,1
906885934359100,1790932546.075416,1075,tx,1092.3,185.9,355.4,,,1,0,0,1
906886071934600,1790932546.212992,1212,tx,7611.2,200.0,427.4,,,1,0,0,1
906886212514000,1790932546.353573,1353,tx,1985.6,278.4,598.1,,,1,0,0,1
906886376312100,1790932546.517373,1517,tx,1429.8,145.2,292.7,,,1,0,0,1
906886525269100,1790932546.666331,1666,tx,1796.3,270.2,449.0,,,1,0,0,1
906886667372900,1790932546.808436,1808,tx,2198.0,268.1,594.1,,,1,0,0,1
906886808939400,1790932546.950005,1950,tx,2088.3,264.8,545.6,,,1,0,0,1
906886950904300,1790932547.091971,2091,tx,23908.8,258.6,727.4,,,1,0,0,1
906887093612700,1790932547.234681,2234,tx,1659.9,367.3,753.8,,,1,0,0,1
906887233872200,1790932547.374942,2374,tx,2400.5,158.2,555.1,,,1,0,0,1
906887406356200,1790932547.547428,2547,tx,1692.3,185.6,332.8,,,1,0,0,1
906887546462800,1790932547.687536,2687,tx,1416.8,198.4,436.0,,,1,0,0,1
906887688622900,1790932547.829698,2829,tx,2216.6,237.6,487.9,,,1,0,0,1
906887829067500,1790932547.970144,2970,tx,27646.9,129.6,568.8,,,1,0,0,1
906887969605400,1790932548.110683,3110,tx,1249.3,203.0,400.8,,,1,0,0,1
906888110727300,1790932548.251806,3251,tx,1655.8,201.1,410.9,,,1,0,0,1
906888252732400,1790932548.393813,3393,tx,9293.3,449.0,663.4,,,1,0,0,1
906888395844100,1790932548.536926,3536,tx,1478.0,239.5,545.1,,,1,0,0,1
906888538001700,1790932548.679085,3679,tx,1617.1,246.8,474.6,,,1,0,0,1
906888680307500,1790932548.821393,3821,tx,1279.7,208.6,400.0,,,1,0,0,1
906888820241900,1790932548.961328,3961,tx,1644.4,208.4,648.9,,,1,0,0,1
906888961834700,1790932549.102923,4102,tx,1513.9,426.7,639.2,,,1,0,0,1
906889102467200,1790932549.243556,4243,tx,1467.0,237.9,459.2,,,1,0,0,1
906889245221300,1790932549.386312,4386,tx,5180.5,204.3,371.7,,,1,0,0,1
906889386095400,1790932549.527188,4527,tx,1306.2,161.0,350.3,,,1,0,0,1
906889528240900,1790932549.669334,4669,tx,1721.6,285.2,533.1,,,1,0,0,1
906889670095900,1790932549.811191,4811,tx,2346.5,230.2,537.6,,,1,0,0,1
906889812802100,1790932549.953899,4953,tx,2056.5,341.5,630.8,,,1,0,0,1
906889953704000,1790932550.094802,5094,tx,1391.3,222.7,417.1,,,1,0,0,1
906890095748900,1790932550.236848,5236,tx,2523.6,308.3,648.3,,,1,0,0,1
906890235554700,1790932550.376656,5376,tx,1602.2,246.3,381.7,,,1,0,0,1
906890413194100,1790932550.554297,5554,tx,1345.0,136.2,279.3,,,1,0,0,1
906890562783800,1790932550.703888,5703,tx,1721.4,407.0,676.4,,,1,0,0,1
906890704394700,1790932550.845501,5845,tx,1347.8,258.4,453.1,,,1,0,0,1
906890856314500,1790932550.997422,5997,tx,1088.1,204.9,363.2,,,1,0,0,1
906891003240200,1790932551.144349,6144,tx,1514.7,216.4,406.1,,,1,0,0,1
906891145179500,1790932551.286290,6286,tx,1512.3,255.3,545.4,,,1,0,0,1
906891287473500,1790932551.428585,6428,tx,2337.2,211.8,594.0,,,1,0,0,1
906891427797800,1790932551.568911,6568,tx,9536.4,389.3,635.3,,,1,0,0,1
906891584395500,1790932551.725511,6725,tx,1412.0,220.3,425.8,,,1,0,0,1
906891726499700,1790932551.867616,6867,tx,2103.5,230.2,565.5,,,1,0,0,1
906891901736000,1790932552.042855,7042,tx,1513.7,157.1,309.9,,,1,0,0,1
906892041010200,1790932552.182130,7182,tx,2544.2,332.0,698.1,,,1,0,0,1
906892181601700,1790932552.322723,7322,tx,3748.0,295.7,857.1,,,1,0,0,1
906892323250600,1790932552.464373,7464,tx,1667.4,173.1,390.3,,,1,0,0,1
906892465677100,1790932552.606802,7606,tx,1699.7,460.1,688.2,,,1,0,0,1
906892606774700,1790932552.747900,7747,tx,2345.5,200.8,554.2,,,1,0,0,1
906892745455000,1790932552.886582,7886,tx,6281.3,204.2,477.3,,,1,0,0,1
906892887992900,1790932553.029122,8029,tx,1704.4,281.4,417.1,,,1,0,0,1
906893040463700,1790932553.181594,8181,tx,1795.3,220.3,521.8,,,1,0,0,1
906893181760200,1790932553.322891,8322,tx,15534.2,381.4,684.1,,,1,0,0,1
906893321748500,1790932553.462882,8462,tx,1540.2,381.6,687.1,,,1,0,0,1
906893464695600,1790932553.605830,8605,tx,1312.1,200.8,389.9,,,1,0,0,1
906893607027500,1790932553.748163,8748,tx,2456.2,276.2,654.5,,,1,0,0,1
906893747195800,1790932553.888332,8888,tx,4138.2,286.8,591.3,,,1,0,0,1
906893887476400,1790932554.028616,9028,tx,1270.5,181.7,372.3,,,1,0,0,1
906894028886100,1790932554.170027,9170,tx,1366.0,341.6,525.5,,,1,0,0,1
906894170658500,1790932554.311800,9311,tx,9759.8,440.7,698.1,,,1,0,0,1
906894313821700,1790932554.454965,9454,tx,1663.0,210.9,665.2,,,1,0,0,1
906894453985300,1790932554.595130,9595,tx,1401.1,361.3,532.0,,,1,0,0,1
906894594638100,1790932554.735784,9735,tx,24041.7,307.7,712.2,,,1,0,0,1
906894736485100,1790932554.877633,9877,tx,1604.3,175.4,329.3,,,1,0,0,1
906894901548200,1790932555.042698,10042,tx,1122.2,215.0,372.2,,,1,0,0,1
906895049899700,1790932555.191050,10191,tx,3868.0,209.2,779.7,,,1,0,0,1
906895191262500,1790932555.332414,10332,tx,2911.2,221.6,542.4,,,1,0,0,1
906895331130600,1790932555.472284,10472,tx,27242.6,179.4,521.9,,,1,0,0,1
906895471719800,1790932555.612875,10612,tx,12361.1,278.5,704.3,,,1,0,0,1
906895614256500,1790932555.755414,10755,tx,1579.1,233.0,687.4,,,1,0,0,1
906895754759500,1790932555.895918,10895,tx,1964.5,402.0,668.7,,,1,0,0,1
906895895608400,1790932556.036768,11036,tx,1344.8,192.0,364.6,,,1,0,0,1
906896036290000,1790932556.177451,11177,tx,1476.3,167.2,420.0,,,1,0,0,1
906896177650500,1790932556.318813,11318,tx,1721.3,354.3,778.8,,,1,0,0,1
906896319213400,1790932556.460377,11460,tx,2781.0,306.7,695.3,,,1,0,0,1
906896459995000,1790932556.601161,11601,tx,9060.7,245.1,556.6,,,1,0,0,1
906896599170400,1790932556.740338,11740,tx,1313.8,233.6,444.8,,,1,0,0,1
906896740886800,1790932556.882055,11882,tx,4012.3,239.7,805.3,,,1,0,0,1
906896882758900,1790932557.023929,12023,tx,1901.6,334.5,629.8,,,1,0,0,1
906897023696200,1790932557.164867,12164,tx,7368.4,260.9,816.3,,,1,0,0,1
906897164907200,1790932557.306080,12306,tx,2233.3,174.1,692.2,,,1,0,0,1
906897308248500,1790932557.449423,12449,tx,2260.2,174.3,597.2,,,1,0,0,1
906897451440800,1790932557.592617,12592,tx,4794.6,182.5,483.4,,,1,0,0,1
906897589994600,1790932557.731172,12731,tx,1566.1,266.7,542.2,,,1,0,0,1
906897732771200,1790932557.873950,12873,tx,1733.4,356.0,607.7,,,1,0,0,1
906897901336500,1790932558.042517,13042,tx,1274.0,134.9,238.3,,,1,0,0,1
906898047926500,1790932558.189108,13189,tx,2511.3,226.6,764.2,,,1,0,0,1
906898190123100,1790932558.331307,13331,tx,1339.5,253.8,456.4,,,1,0,0,1
906898333044700,1790932558.474230,13474,tx,27193.8,222.6,568.5,,,1,0,0,1
906898473776300,1790932558.614963,13614,tx,1818.4,431.5,668.1,,,1,0,0,1
906898614883800,1790932558.756072,13756,tx,2473.8,222.5,496.6,,,1,0,0,1
906898757278100,1790932558.898468,13898,tx,7130.6,210.1,436.5,,,1,0,0,1
906898898044800,1790932559.039236,14039,tx,1185.4,180.5,381.9,,,1,0,0,1
906899037971700,1790932559.179164,14179,tx,1422.1,183.3,534.3,,,1,0,0,1
906899179233000,1790932559.320427,14320,tx,1344.7,222.8,460.2,,,1,0,0,1
906899319958900,1790932559.461153,14461,tx,2247.4,298.1,609.1,,,1,0,0,1
906899457889100,1790932559.599086,14599,tx,1442.6,415.8,577.9,,,1,0,0,1
906899599287000,1790932559.740485,14740,tx,1307.5,211.7,450.8,,,1,0,0,1
906899739399300,1790932559.880599,14880,tx,9600.6,213.5,481.7,,,1,0,0,1
906899879441800,1790932560.020643,20,tx,1023.0,200.1,364.0,,,1,0,0,1
906900024690700,1790932560.165893,165,tx,3328.3,213.4,931.0,,,1,0,0,1
906900167436000,1790932560.308640,308,tx,2756.3,251.3,651.4,,,1,0,0,1
906900318659300,1790932560.459865,459,tx,4007.5,213.1,941.4,,,1,0,0,1
906900458333700,1790932560.599541,599,tx,1851.7,374.5,919.4,,,1,0,0,1
906900597704000,1790932560.738912,738,tx,3065.2,305.4,705.8,,,1,0,0,1
906900745713600,1790932560.886924,886,tx,1115.7,195.4,380.5,,,1,0,0,1
906900907809800,1790932561.049022,1049,tx,1930.0,342.9,515.0,,,1,0,0,1
906901047922300,1790932561.189136,1189,tx,9286.9,259.9,464.0,,,1,0,0,1
906901189039500,1790932561.330254,1330,tx,2060.5,254.4,576.7,,,1,0,0,1
906901327747000,1790932561.468963,1468,tx,28818.5,457.6,686.4,,,1,0,0,1
906901469227500,1790932561.610445,1610,tx,3126.5,467.1,1116.0,,,1,0,0,1
906901607925300,1790932561.749145,1749,tx,1185.1,323.0,509.9,,,1,0,0,1
906901750177000,1790932561.891398,1891,tx,1452.4,205.0,523.3,,,1,0,0,1
906901891075800,1790932562.032297,2032,tx,1130.5,178.7,336.5,,,1,0,0,1
906902031486700,1790932562.172710,2172,tx,1564.2,235.6,459.6,,,1,0,0,1
906902173732500,1790932562.314958,2314,tx,1338.1,188.4,359.8,,,1,0,0,1
906902314675000,1790932562.455902,2455,tx,2170.8,206.8,393.0,,,1,0,0,1
906902454361800,1790932562.595590,2595,tx,1534.3,244.2,458.6,,,1,0,0,1
906902597882200,1790932562.739112,2739,tx,1316.8,384.6,578.2,,,1,0,0,1
906902736112600,1790932562.877343,2877,tx,1615.1,204.9,645.8,,,1,0,0,1
906902878485200,1790932563.019718,3019,tx,1338.8,207.0,390.5,,,1,0,0,1
906903019207600,1790932563.160442,3160,tx,6745.0,133.3,263.2,,,1,0,0,1
906903160381600,1790932563.301617,3301,tx,1271.7,203.8,395.7,,,1,0,0,1
906903300962300,1790932563.442199,3442,tx,1879.6,234.1,487.3,,,1,0,0,1
906903442357700,1790932563.583596,3583,tx,1222.9,202.6,396.8,,18764.3,1,0,0,1
906903583479800,1790932563.724720,3724,idle,1177.5,202.4,398.5,,,0,0,0,0
906903827485000,1790932563.968727,3968,idle,42113.2,,,,,0,0,0,0
906903989344400,1790932564.130588,4130,idle,10194.9,,,,,0,0,0,0
906904131100700,1790932564.272346,4272,tx,141380.6,,,,,1,0,0,1
906904387114000,1790932564.528362,4528,tx,1354.6,222.0,382.0,,,1,0,0,1
906904535059000,1790932564.676309,4676,tx,1298.3,181.8,364.4,,,1,0,0,1
906904693091600,1790932564.834343,4834,tx,1547.7,263.5,453.6,,,1,0,0,1
906904835726000,1790932564.976979,4976,tx,1676.2,359.2,553.6,,,1,0,0,1
906904977390200,1790932565.118644,5118,tx,1675.5,214.7,443.0,,,1,0,0,1
906905117386700,1790932565.258642,5258,tx,1297.4,217.8,415.9,,,1,0,0,1
906905261508500,1790932565.402766,5402,tx,3595.8,261.4,879.0,,,1,0,0,1
906905417676600,1790932565.558936,5558,tx,1391.4,163.8,296.0,,,1,0,0,1
906905558842900,1790932565.700104,5700,tx,1335.0,422.2,584.5,,,1,0,0,1
906905700270500,1790932565.841532,5841,tx,1589.8,216.7,542.4,,,1,0,0,1
906905841962200,1790932565.983226,5983,tx,1608.2,256.8,458.7,,,1,0,0,1
906905983306600,1790932566.124572,6124,tx,2634.9,214.7,413.7,,,1,0,0,1
906906125502300,1790932566.266768,6266,tx,1965.5,248.7,519.6,,,1,0,0,1
906906269353000,1790932566.410621,6410,tx,1844.5,213.3,507.9,,,1,0,0,1
906906409054600,1790932566.550324,6550,tx,8445.1,192.6,431.6,,,1,0,0,1
906906550369300,1790932566.691640,6691,tx,1294.2,215.8,404.3,,,1,0,0,1
906906690393700,1790932566.831666,6831,tx,1568.6,183.9,622.7,,,1,0,0,1
906906832741700,1790932566.974015,6974,tx,1540.8,429.5,672.9,,,1,0,0,1
906906971617500,1790932567.112893,7112,tx,3737.1,163.9,342.5,,,1,0,0,1
906907113225700,1790932567.254502,7254,tx,1437.3,187.0,363.1,,,1,0,0,1
906907255744200,1790932567.397022,7397,tx,1427.2,395.2,601.1,,,1,0,0,1
906907410672000,1790932567.551952,7551,tx,1444.4,173.6,322.3,,,1,0,0,1
906907554916100,1790932567.696197,7696,tx,1826.0,242.4,515.5,,,1,0,0,1
906907694269000,1790932567.835551,7835,tx,1897.7,179.1,495.9,,,1,0,0,1
906907835164200,1790932567.976448,7976,tx,8816.7,175.2,433.5,,,1,0,0,1
906907978009800,1790932568.119296,8119,tx,1431.9,195.2,373.5,,,1,0,0,1
906908117659800,1790932568.258947,8258,tx,1610.5,414.4,766.6,,,1,0,0,1
906908260420500,1790932568.401709,8401,tx,1260.1,201.9,433.5,,,1,0,0,1
906908409846500,1790932568.551137,8551,tx,1385.9,427.6,545.5,,,1,0,0,1
906908556915900,1790932568.698207,8698,tx,1255.0,128.8,448.5,,,1,0,0,1
906908695460000,1790932568.836752,8836,tx,1911.0,224.4,532.9,,,1,0,0,1
906908835935400,1790932568.977230,8977,tx,1391.3,200.1,521.3,,,1,0,0,1
906908975781000,1790932569.117077,9117,tx,1520.3,419.0,629.5,,,1,0,0,1
906909115580700,1790932569.256877,9256,tx,3647.1,354.8,790.5,,,1,0,0,1
906909253441000,1790932569.394740,9394,tx,10675.1,283.8,464.8,,,1,0,0,1
906909394097800,1790932569.535398,9535,tx,1577.9,191.5,566.7,,,1,0,0,1
906909536339400,1790932569.677641,9677,tx,2641.2,342.0,1041.0,,,1,0,0,1
906909675832800,1790932569.817136,9817,tx,2515.9,241.7,645.5,,,1,0,0,1
906909817901800,1790932569.959206,9959,tx,6070.9,220.0,629.4,,,1,0,0,1
906909957323000,1790932570.098629,10098,tx,1622.7,225.7,410.5,,,1,0,0,1
906910098955600,1790932570.240262,10240,tx,1668.3,204.0,434.5,,,1,0,0,1
906910240700700,1790932570.382010,10382,tx,10361.7,415.5,694.2,,,1,0,0,1
906910404093900,1790932570.545405,10545,tx,1312.9,232.6,365.9,,,1,0,0,1
906910554608400,1790932570.695920,10695,tx,2778.7,412.6,803.5,,,1,0,0,1
906910694736700,1790932570.836050,10836,tx,1492.2,328.6,622.4,,,1,0,0,1
906910836678000,1790932570.977993,10977,tx,1769.6,456.4,694.6,,,1,0,0,1
906910977348600,1790932571.118665,11118,tx,1495.6,240.0,452.0,,,1,0,0,1
906911117185200,1790932571.258504,11258,tx,4913.6,171.2,365.5,,,1,0,0,1
906911256361300,1790932571.397681,11397,tx,1160.1,212.8,395.0,,,1,0,0,1
906911411993500,1790932571.553315,11553,tx,1991.3,169.4,351.9,,,1,0,0,1
906911553577900,1790932571.694901,11694,tx,10826.7,262.4,484.3,,,1,0,0,1
906911711859700,1790932571.853184,11853,tx,1814.3,327.2,542.4,,,1,0,0,1
906911854434200,1790932571.995760,11995,tx,54281.1,184.3,437.5,,,1,0,0,1
906912041090900,1790932572.182418,12182,tx,1666.7,267.6,607.4,,,1,0,0,1
906912183888500,1790932572.325218,12325,tx,1696.6,294.5,511.8,,,1,0,0,1
906912324744400,1790932572.466075,12466,tx,1443.9,407.7,661.3,,,1,0,0,1
906912464275600,1790932572.605608,12605,tx,1493.2,242.2,437.4,,,1,0,0,1
906912605792800,1790932572.747127,12747,tx,1318.4,298.2,586.7,,,1,0,0,1
906912749498100,1790932572.890833,12890,tx,6444.2,245.5,574.5,,,1,0,0,1
906912922588600,1790932573.063912,13063,tx,8786.6,101.0,314.9,,,1,0,0,1
906913060601500,1790932573.201940,13201,tx,1495.0,243.5,493.9,,,1,0,0,1
906913201013800,1790932573.342353,13342,tx,2106.1,183.8,374.6,,,1,0,0,1
906913340998700,1790932573.482340,13482,tx,1968.5,231.0,564.1,,,1,0,0,1
906913480925500,1790932573.622268,13622,tx,1518.5,178.8,556.6,,,1,0,0,1
906913623813200,1790932573.765157,13765,tx,7175.7,233.0,655.0,,,1,0,0,1
906913764234200,1790932573.905580,13905,tx,1928.0,238.8,568.8,,,1,0,0,1
906913905296200,1790932574.046643,14046,tx,1839.2,251.2,521.2,,,1,0,0,1
906914046750300,1790932574.188096,14188,tx,2006.7,248.2,489.8,,,1,0,0,1
906914187811100,1790932574.329161,14329,tx,7024.7,364.3,574.8,,,1,0,0,1
906914328872300,1790932574.470224,14470,tx,1499.1,352.1,488.6,,,1,0,0,1
906914467577900,1790932574.608931,14608,tx,2071.3,414.7,812.5,,,1,0,0,1
906914607320100,1790932574.748675,14748,tx,1587.2,227.4,474.4,,,1,0,0,1
906914746025900,1790932574.887382,14887,tx,1447.7,171.4,370.9,,,1,0,0,1
906914911486500,1790932575.052845,52,tx,1353.8,192.7,353.8,,,1,0,0,1
906915056932800,1790932575.198292,198,tx,17393.7,238.6,564.2,,,1,0,0,1
906915194802700,1790932575.336163,336,tx,2042.8,295.2,631.5,,,1,0,0,1
906915332833400,1790932575.474195,474,tx,2746.4,224.1,667.8,,,1,0,0,1
906915473209900,1790932575.614573,614,tx,2803.5,242.4,601.5,,,1,0,0,1
906915610697100,1790932575.752062,752,tx,6330.6,391.1,662.4,,,1,0,0,1
906915750474400,1790932575.891841,891,tx,1345.8,237.8,408.4,,,1,0,0,1
906915911731500,1790932576.053100,1053,tx,1339.9,234.3,409.0,,,1,0,0,1
906916055462300,1790932576.196832,1196,tx,6968.4,209.8,408.6,,,1,0,0,1
906916197395800,1790932576.338767,1338,tx,2268.3,160.1,551.7,,,1,0,0,1
906916337115100,1790932576.478487,1478,tx,1552.1,227.7,474.2,,,1,0,0,1
906916476450000,1790932576.617824,1617,tx,1238.2,194.4,398.4,,,1,0,0,1
906916616168500,1790932576.757543,1757,tx,1774.4,218.7,484.6,,,1,0,0,1
906916755708300,1790932576.897085,1897,tx,1240.7,216.0,402.9,,,1,0,0,1
906916899056000,1790932577.040434,2040,tx,1267.9,223.2,409.3,,,1,0,0,1
906917040665500,1790932577.182045,2182,tx,10740.7,404.9,630.9,,,1,0,0,1
906917181694100,1790932577.323075,2323,tx,1966.3,352.3,698.3,,,1,0,0,1
906917322235400,1790932577.463618,2463,tx,1590.1,207.5,430.0,,,1,0,0,1
906917462449100,1790932577.603833,2603,tx,1530.6,183.6,375.3,,,1,0,0,1
906917606400700,1790932577.747786,2747,tx,1683.1,291.6,557.0,,,1,0,0,1
906917749455200,1790932577.890842,2890,tx,1306.9,283.6,485.7,,,1,0,0,1
906917904226400,1790932578.045615,3045,tx,1148.9,184.8,304.5,,,1,0,0,1
906918048351500,1790932578.189742,3189,tx,1578.3,224.0,549.9,,,1,0,0,1
906918188597500,1790932578.329989,3329,tx,1098.8,164.0,376.1,,,1,0,0,1
906918328425500,1790932578.469818,3469,tx,5324.4,507.9,896.5,,,1,0,0,1
906918467478500,1790932578.608873,3608,tx,17655.7,178.1,473.4,,,1,0,0,1
906918607797100,1790932578.749193,3749,tx,2147.6,148.3,456.4,,,1,0,0,1
906918747659400,1790932578.889057,3889,tx,1052.1,210.3,374.1,,,1,0,0,1
906918916757100,1790932579.058156,4058,tx,1269.5,473.9,640.9,,,1,0,0,1
906919061105700,1790932579.202507,4202,tx,1793.0,165.1,375.9,,,1,0,0,1
906919202653900,1790932579.344056,4344,tx,2598.2,340.9,721.2,,,1,0,0,1
906919344629700,1790932579.486034,4486,tx,59856.2,148.2,354.9,,,1,0,0,1
906919543446100,1790932579.684851,4684,tx,4191.8,289.1,1415.4,,,1,0,0,1
906919692663400,1790932579.834070,4834,tx,1381.7,168.7,396.8,,,1,0,0,1
906919834740100,1790932579.976149,4976,tx,1865.2,440.9,672.6,,,1,0,0,1
906919977083100,1790932580.118493,5118,tx,1961.9,267.1,570.8,,,1,0,0,1
906920117382200,1790932580.258794,5258,tx,1528.8,276.4,473.7,,,1,0,0,1
906920258325200,1790932580.399738,5399,tx,1881.7,234.8,680.1,,,1,0,0,1
906920414740700,1790932580.556156,5556,tx,1765.1,308.9,558.9,,,1,0,0,1
906920555785900,1790932580.697202,5697,tx,1469.3,404.2,617.3,,,1,0,0,1
906920696203300,1790932580.837621,5837,tx,1435.4,245.2,633.9,,,1,0,0,1
906920836657900,1790932580.978077,5978,tx,1199.0,218.7,407.3,,,1,0,0,1
906920979411400,1790932581.120832,6120,tx,10294.9,422.9,891.4,,,1,0,0,1
906921120368600,1790932581.261791,6261,tx,1349.4,236.2,469.8,,,1,0,0,1
906921261679500,1790932581.403104,6403,tx,1501.4,225.2,430.0,,,1,0,0,1
906921401689000,1790932581.543114,6543,tx,1174.6,206.2,389.7,,,1,0,0,1
906921542342800,1790932581.683770,6683,tx,1900.2,129.6,375.8,,,1,0,0,1
906921683958000,1790932581.825386,6825,tx,1718.0,247.2,531.0,,,1,0,0,1
906921839952200,1790932581.981382,6981,tx,1666.6,240.7,469.2,,,1,0,0,1
906921981774600,1790932582.123206,7123,tx,1621.4,404.9,590.0,,,1,0,0,1
906922121887200,1790932582.263320,7263,tx,1525.2,227.2,576.5,,,1,0,0,1
906922263467100,1790932582.404901,7404,tx,1459.1,269.1,495.4,,,1,0,0,1
906922414119100,1790932582.555555,7555,tx,1544.5,183.7,435.4,,,1,0,0,1
906922561840100,1790932582.703277,7703,tx,1399.9,293.4,598.8,,,1,0,0,1
906922718352400,1790932582.859791,7859,tx,1399.1,231.9,419.3,,,1,0,0,1
906922870161800,1790932583.011602,8011,tx,1664.4,178.5,458.4,,,1,0,0,1
906923018506600,1790932583.159949,8159,tx,1463.1,267.8,538.2,,,1,0,0,1
906923160829300,1790932583.302273,8302,tx,5053.0,370.6,545.9,,,1,0,0,1
906923302470200,1790932583.443915,8443,tx,1112.9,133.0,303.1,,,1,0,0,1
906923442696900,1790932583.584143,8584,tx,2008.1,186.6,947.0,,,1,0,0,1
906923584826200,1790932583.726274,8726,tx,1780.8,303.0,572.2,,,1,0,0,1
906923725705400,1790932583.867155,8867,tx,1211.8,209.3,380.8,,,1,0,0,1
906923905141700,1790932584.046593,9046,tx,1431.5,261.3,443.9,,,1,0,0,1
906924043914300,1790932584.185367,9185,tx,8913.8,348.4,628.8,,,1,0,0,1
906924182668400,1790932584.324123,9324,tx,1265.2,182.8,367.7,,,1,0,0,1
906924325020500,1790932584.466476,9466,tx,3232.8,184.9,810.1,,,1,0,0,1
906924465981800,1790932584.607439,9607,tx,1974.3,292.2,619.3,,,1,0,0,1
906924621059100,1790932584.762518,9762,tx,1396.5,222.3,439.9,,,1,0,0,1
906924760397700,1790932584.901857,9901,tx,2436.4,463.3,1002.9,,,1,0,0,1
906924915691100,1790932585.057153,10057,tx,15427.8,205.1,341.9,,,1,0,0,1
906925055342500,1790932585.196806,10196,tx,1312.9,171.7,390.2,,,1,0,0,1
906925193917400,1790932585.335381,10335,tx,4268.4,534.3,1397.0,,,1,0,0,1
906925334806500,1790932585.476272,10476,tx,2727.9,220.1,576.2,,,1,0,0,1
906925476217600,1790932585.617685,10617,tx,1662.3,150.0,419.2,,,1,0,0,1
906925617956700,1790932585.759426,10759,tx,1357.1,260.1,476.8,,,1,0,0,1
906925758172000,1790932585.899643,10899,tx,1271.7,197.6,397.7,,,1,0,0,1
906925899704300,1790932586.041176,11041,tx,8795.4,172.0,369.9,,,1,0,0,1
906926038855900,1790932586.180329,11180,tx,2010.1,219.5,694.1,,,1,0,0,1
906926183449800,1790932586.324924,11324,tx,2293.3,461.9,914.6,,,1,0,0,1
906926326047400,1790932586.467524,11467,tx,3295.9,276.8,741.8,,,1,0,0,1
906926465736700,1790932586.607215,11607,tx,1917.2,405.1,596.6,,,1,0,0,1
906926623014900,1790932586.764494,11764,tx,2645.0,216.6,530.9,,,1,0,0,1
906926764414100,1790932586.905895,11905,tx,1905.4,256.8,535.3,,,1,0,0,1
906926903600600,1790932587.045083,12045,tx,1590.5,233.7,357.3,,,1,0,0,1
906927044876300,1790932587.186360,12186,tx,1463.7,279.4,456.7,,,1,0,0,1
906927185954800,1790932587.327440,12327,tx,1270.2,315.4,511.3,,,1,0,0,1
906927340536900,1790932587.482024,12482,tx,1163.3,230.1,422.6,,,1,0,0,1
906927480822800,1790932587.622311,12622,tx,1685.6,318.3,565.1,,,1,0,0,1
906927622403700,1790932587.763894,12763,tx,1989.1,250.1,494.6,,,1,0,0,1
906927769095200,1790932587.910587,12910,tx,6388.8,215.0,326.5,,,1,0,0,1
906927907767200,1790932588.049260,13049,tx,1419.0,383.9,574.9,,,1,0,0,1
906928061111300,1790932588.202605,13202,tx,3037.7,319.8,708.2,,,1,0,0,1
906928202771000,1790932588.344266,13344,tx,13892.2,311.2,619.5,,,1,0,0,1
906928403289300,1790932588.544787,13544,tx,1250.2,223.1,385.9,,,1,0,0,1
906928549549500,1790932588.691049,13691,tx,1349.1,207.5,445.4,,,1,0,0,1
906928689941700,1790932588.831443,13831,tx,1518.0,270.1,476.0,,,1,0,0,1
906928832206500,1790932588.973709,13973,tx,1480.1,259.6,449.8,,,1,0,0,1
906928973265400,1790932589.114769,14114,tx,2302.2,197.1,570.7,,,1,0,0,1
906929115358300,1790932589.256864,14256,tx,1233.0,206.3,421.3,,,1,0,0,1
906929256743500,1790932589.398250,14398,tx,2045.0,731.2,1055.0,,,1,0,0,1
906929412678700,1790932589.554188,14554,tx,1577.3,109.2,243.8,,,1,0,0,1
906929555747600,1790932589.697258,14697,tx,1638.1,395.7,605.0,,,1,0,0,1
906929696335600,1790932589.837847,14837,tx,2707.8,362.7,940.1,,,1,0,0,1
906929835625700,1790932589.977139,14977,tx,4226.6,193.8,423.5,,,1,0,0,1
906929978608000,1790932590.120123,120,tx,1227.6,273.0,453.2,,,1,0,0,1
906930118599900,1790932590.260116,260,tx,1571.4,232.2,454.7,,,1,0,0,1
906930263151200,1790932590.404669,404,tx,1709.6,233.0,557.9,,,1,0,0,1
906930401707500,1790932590.543226,543,tx,1528.4,171.1,370.2,,,1,0,0,1
906930540777200,1790932590.682298,682,tx,1412.1,421.7,567.7,,,1,0,0,1
906930678586500,1790932590.820108,820,tx,1635.9,431.2,787.1,,,1,0,0,1
906930820944000,1790932590.962467,962,tx,16620.1,251.3,582.2,,,1,0,0,1
906930961114700,1790932591.102639,1102,tx,1836.5,268.6,457.5,,,1,0,0,1
906931101396900,1790932591.242923,1242,tx,1534.9,254.3,477.5,,,1,0,0,1
906931242222500,1790932591.383750,1383,tx,2402.9,215.6,737.2,,,1,0,0,1
906931404036800,1790932591.545566,1545,tx,1411.9,262.6,388.2,,,1,0,0,1
906931555911200,1790932591.697442,1697,tx,1935.8,158.5,567.8,,,1,0,0,1
906931696448200,1790932591.837981,1837,tx,8639.2,187.4,483.8,,,1,0,0,1
906931838040300,1790932591.979574,1979,tx,2196.5,241.5,563.1,,,1,0,0,1
906931994688100,1790932592.136224,2136,tx,1450.1,362.4,644.2,,,1,0,0,1
906932136765800,1790932592.278302,2278,tx,7186.6,371.0,615.3,,,1,0,0,1
906932279318500,1790932592.420857,2420,tx,1395.8,195.6,400.6,,,1,0,0,1
906932416331500,1790932592.557871,2557,tx,1950.2,230.3,403.6,,,1,0,0,1
906932561840300,1790932592.703382,2703,tx,2191.8,250.8,523.3,,,1,0,0,1
906932702511100,1790932592.844054,2844,tx,1568.8,220.7,424.1,,,1,0,0,1
906932844695700,1790932592.986240,2986,tx,61324.8,184.3,407.2,,,1,0,0,1
906933033227400,1790932593.174773,3174,tx,2042.4,158.5,442.9,,,1,0,0,1
906933172276200,1790932593.313823,3313,tx,2626.0,199.7,692.2,,,1,0,0,1
906933314812800,1790932593.456362,3456,tx,4413.6,230.2,960.2,,,1,0,0,1
906933455104700,1790932593.596655,3596,tx,1834.7,223.1,421.6,,,1,0,0,1
906933596739700,1790932593.738292,3738,tx,1280.7,394.4,579.1,,,1,0,0,1
906933737824600,1790932593.879378,3879,tx,1451.2,335.3,562.6,,,1,0,0,1
906933909651000,1790932594.051206,4051,tx,1104.7,155.3,286.2,,,1,0,0,1
906934054366000,1790932594.195923,4195,tx,1722.6,250.1,474.0,,,1,0,0,1
906934196594100,1790932594.338152,4338,tx,1621.1,449.9,789.7,,,1,0,0,1
906934336999800,1790932594.478559,4478,tx,1798.2,207.7,462.2,,,1,0,0,1
906934478036300,1790932594.619598,4619,tx,1304.9,261.8,464.0,,,1,0,0,1
906934621171800,1790932594.762734,4762,tx,1087.0,234.9,393.9,,,1,0,0,1
906934762176200,1790932594.903740,4903,tx,3121.5,135.5,297.7,,,1,0,0,1
906934904738500,1790932595.046303,5046,tx,1506.3,394.4,582.8,,,1,0,0,1
906935042924400,1790932595.184492,5184,tx,1518.3,358.3,499.1,,,1,0,0,1
906935186025800,1790932595.327594,5327,tx,16162.5,184.8,827.8,,,1,0,0,1
906935326467800,1790932595.468038,5468,tx,1158.0,226.2,422.8,,,1,0,0,1
906935466592500,1790932595.608164,5608,tx,1336.9,226.1,445.6,,,1,0,0,1
906935611251800,1790932595.752825,5752,tx,2260.5,270.5,621.1,,,1,0,0,1
906935752646000,1790932595.894220,5894,tx,1903.3,368.0,637.9,,,1,0,0,1
906935905216600,1790932596.046793,6046,tx,1263.6,187.3,377.4,,,1,0,0,1
906936050881400,1790932596.192459,6192,tx,1663.1,262.1,599.1,,,1,0,0,1
906936191285400,1790932596.332865,6332,tx,1432.5,258.6,441.5,,,1,0,0,1
906936329776500,1790932596.471357,6471,tx,1736.7,350.2,616.3,,,1,0,0,1
906936469698700,1790932596.611280,6611,tx,1401.4,435.8,628.3,,,1,0,0,1
906936609107100,1790932596.750690,6750,tx,4078.5,229.7,571.5,,,1,0,0,1
906936751756400,1790932596.893341,6893,tx,1584.8,427.8,640.1,,,1,0,0,1
906936906808100,1790932597.048395,7048,tx,1670.2,122.8,260.9,,,1,0,0,1
906937050114800,1790932597.191703,7191,tx,13790.6,497.8,1163.0,,,1,0,0,1
906937193211800,1790932597.334801,7334,tx,1213.2,152.0,310.6,,,1,0,0,1
906937334803300,1790932597.476394,7476,tx,2072.0,307.9,618.8,,,1,0,0,1
906937476667900,1790932597.618260,7618,tx,1401.2,183.0,390.5,,,1,0,0,1
906937618415000,1790932597.760009,7760,tx,3204.0,240.9,512.8,,,1,0,0,1
906937760209700,1790932597.901805,7901,tx,1740.1,217.2,475.2,,,1,0,0,1
906937903218700,1790932598.044815,8044,tx,1448.3,180.5,459.4,,,1,0,0,1
906938040719300,1790932598.182318,8182,tx,6458.9,189.1,361.4,,,1,0,0,1
906938187283000,1790932598.328883,8328,tx,1339.3,220.8,457.1,,,1,0,0,1
906938328531200,1790932598.470131,8470,tx,2460.6,215.2,495.2,,,1,0,0,1
906938468885800,1790932598.610489,8610,tx,2232.8,305.2,573.2,,,1,0,0,1
906938609675500,1790932598.751278,8751,tx,1926.7,239.9,822.1,,,1,0,0,1
906938752179400,1790932598.893785,8893,tx,2003.8,268.4,534.0,,,1,0,0,1
906938905550100,1790932599.047158,9047,tx,1411.4,203.1,336.8,,,1,0,0,1
906939050327900,1790932599.191936,9191,tx,2186.1,287.1,553.6,,,1,0,0,1
906939193287400,1790932599.334897,9334,tx,2086.0,271.9,525.9,,,1,0,0,1
906939333728800,1790932599.475340,9475,tx,1750.6,422.3,673.9,,,1,0,0,1
906939474799400,1790932599.616413,9616,tx,1436.2,235.3,656.7,,,1,0,0,1
906939616491800,1790932599.758106,9758,tx,1268.9,189.4,373.6,,,1,0,0,1
906939758152100,1790932599.899768,9899,tx,2169.2,163.4,431.8,,,1,0,0,1
906939915618500,1790932600.057236,10057,tx,1461.2,198.1,353.4,,,1,0,0,1
906940055635900,1790932600.197255,10197,tx,1397.9,191.9,398.0,,,1,0,0,1
906940196717100,1790932600.338338,10338,tx,1865.4,430.0,672.8,,,1,0,0,1
906940338662300,1790932600.480284,10480,tx,78867.9,402.9,677.7,,,1,0,0,1
906940545228300,1790932600.686852,10686,tx,6009.3,321.1,1187.4,,,1,0,0,1
906940686057700,1790932600.827684,10827,tx,1722.3,211.7,777.0,,,1,0,0,1
906940842860400,1790932600.984488,10984,tx,1477.7,321.4,536.2,,,1,0,0,1
906940983393900,1790932601.125023,11125,tx,1819.6,243.0,481.2,,,1,0,0,1
906941124987600,1790932601.266618,11266,tx,2057.8,207.9,482.0,,,1,0,0,1
906941268136400,1790932601.409768,11409,tx,1665.6,218.1,388.6,,,1,0,0,1
906941413258300,1790932601.554892,11554,tx,7516.6,200.0,482.5,,,1,0,0,1
906941565658000,1790932601.707292,11707,tx,1786.1,361.2,708.4,,,1,0,0,1
906941707689400,1790932601.849326,11849,tx,1406.0,252.5,436.2,,,1,0,0,1
906941848448000,1790932601.990086,11990,tx,58827.1,191.8,432.3,,,1,0,0,1
906942035928400,1790932602.177568,12177,tx,1548.5,240.5,558.1,,,1,0,0,1
906942175735100,1790932602.317377,12317,tx,1497.8,361.8,594.6,,,1,0,0,1
906942318193000,1790932602.459835,12459,tx,5176.5,198.9,589.6,,,1,0,0,1
906942459846900,1790932602.601491,12601,tx,1631.2,185.1,556.0,,,1,0,0,1
906942603387700,1790932602.745033,12745,tx,1208.6,199.1,392.7,,,1,0,0,1
906942744601300,1790932602.886232,12886,tx,1721.2,201.5,363.4,,,1,0,0,1
906942914020900,1790932603.055670,13055,tx,2122.9,191.9,688.7,,,1,0,0,1
906943060019500,1790932603.201670,13201,tx,1699.5,266.1,619.4,,,1,0,0,1
906943200849800,1790932603.342502,13342,tx,1882.8,282.8,478.5,,,1,0,0,1
906943340727900,1790932603.482381,13482,tx,1502.7,421.8,614.7,,,1,0,0,1
906943481964600,1790932603.623620,13623,tx,1603.6,222.9,448.5,,,1,0,0,1
906943623291200,1790932603.764947,13764,tx,13846.1,226.7,503.9,,,1,0,0,1
906943763379300,1790932603.905037,13905,tx,2275.0,194.8,470.1,,,1,0,0,1
906943907117700,1790932604.048777,14048,tx,1269.1,229.0,379.7,,,1,0,0,1
906944047947000,1790932604.189608,14189,tx,9238.6,219.0,433.9,,,1,0,0,1
906944191246300,1790932604.332908,14332,tx,1411.7,237.0,453.4,,,1,0,0,1
906944332780600,1790932604.474444,14474,tx,1646.6,361.7,579.6,,,1,0,0,1
906944473860200,1790932604.615525,14615,tx,1366.7,384.5,588.7,,,1,0,0,1
906944616475100,1790932604.758142,14758,tx,1439.4,208.5,427.0,,,1,0,0,1
906944760427800,1790932604.902096,14902,tx,1577.0,207.7,531.7,,,1,0,0,1
906944909401400,1790932605.051071,51,tx,1312.4,204.0,353.4,,,1,0,0,1
906945056120800,1790932605.197792,197,tx,1318.3,262.2,468.7,,,1,0,0,1
906945206714900,1790932605.348387,348,tx,1588.7,438.5,667.6,,,1,0,0,1
906945344649100,1790932605.486323,486,tx,27608.9,417.5,661.6,,,1,0,0,1
906945493056000,1790932605.634732,634,tx,1697.8,170.1,413.9,,,1,0,0,1
906945641254000,1790932605.782932,782,tx,1269.5,230.1,422.9,,,1,0,0,1
906945778376400,1790932605.920055,920,tx,1798.0,222.5,475.1,,,1,0,0,1
906945927580000,1790932606.069260,1069,tx,11552.0,201.0,370.5,,,1,0,0,1
906946073445700,1790932606.215127,1215,tx,1890.5,203.1,588.1,,,1,0,0,1
906946212048800,1790932606.353732,1353,tx,2256.0,303.3,601.3,,,1,0,0,1
906946350788400,1790932606.492472,1492,tx,60400.3,195.1,633.1,,,1,0,0,1
906946541998700,1790932606.683685,1683,tx,6940.9,275.1,906.3,,,1,0,0,1
906946681520200,1790932606.823208,1823,tx,13215.3,223.9,507.9,,,1,0,0,1
906946838868300,1790932606.980558,1980,tx,1265.9,238.8,445.8,,,1,0,0,1
906946980402800,1790932607.122094,2122,tx,2010.0,261.5,548.6,,,1,0,0,1
906947121172800,1790932607.262866,2262,tx,5199.1,239.7,406.4,,,1,0,0,1
906947264063500,1790932607.405758,2405,tx,1834.2,151.7,397.6,,,1,0,0,1
906947410690000,1790932607.552386,2552,tx,8404.4,423.3,677.9,,,1,0,0,1
906947555450900,1790932607.697148,2697,tx,6025.8,170.3,319.4,,,1,0,0,1
906947694417000,1790932607.836116,2836,tx,2173.5,212.5,855.5,,,1,0,0,1
906947836033400,1790932607.977734,2977,tx,1300.5,233.9,422.1,,,1,0,0,1
906947975961400,1790932608.117663,3117,tx,1237.3,177.7,362.3,,,1,0,0,1
906948117532400,1790932608.259236,3259,tx,1374.8,243.5,459.4,,,1,0,0,1
906948258935500,1790932608.400640,3400,tx,1256.7,249.6,443.4,,,1,0,0,1
906948398968600,1790932608.540675,3540,tx,1578.8,144.8,374.5,,,1,0,0,1
906948539208300,1790932608.680916,3680,tx,11609.9,200.3,417.0,,,1,0,0,1
906948681012600,1790932608.822721,3822,tx,1395.1,211.0,539.8,,,1,0,0,1
906948823056200,1790932608.964766,3964,tx,1562.6,257.8,507.9,,,1,0,0,1
906948963564700,1790932609.105277,4105,tx,1267.8,201.0,401.4,,,1,0,0,1
906949105512700,1790932609.247226,4247,tx,1289.8,172.4,360.8,,,1,0,0,1
906949247946400,1790932609.389661,4389,tx,1312.2,190.1,414.4,,,1,0,0,1
906949404219200,1790932609.545936,4545,tx,1441.1,194.9,323.5,,,1,0,0,1
906949561770700,1790932609.703489,4703,tx,2266.9,247.6,683.2,,,1,0,0,1
906949703702800,1790932609.845423,4845,tx,1334.6,198.9,381.5,,,1,0,0,1
906949844741500,1790932609.986463,4986,tx,27311.5,353.8,656.3,,,1,0,0,1
906950002304300,1790932610.144027,5144,tx,1643.7,227.1,579.1,,,1,0,0,1
906950144850000,1790932610.286574,5286,tx,1273.2,355.8,542.2,,,1,0,0,1
906950286412400,1790932610.428138,5428,tx,8334.6,191.0,401.3,,,1,0,0,1
906950426867600,1790932610.568595,5568,tx,1437.3,286.8,478.2,,,1,0,0,1
906950568905500,1790932610.710634,5710,tx,1646.7,185.8,373.7,,,1,0,0,1
906950713205100,1790932610.854935,5854,tx,1499.7,233.9,478.3,,,1,0,0,1
906950854049500,1790932610.995781,5995,tx,51687.7,195.6,367.4,,,1,0,0,1
906951007029400,1790932611.148762,6148,tx,1743.2,156.6,369.4,,,1,0,0,1
906951153678300,1790932611.295413,6295,tx,1664.9,414.4,631.7,,,1,0,0,1
906951311493600,1790932611.453230,6453,tx,1783.4,245.0,481.4,,,1,0,0,1
906951452877600,1790932611.594615,6594,tx,1796.2,176.2,423.4,,,1,0,0,1
906951595193100,1790932611.736932,6736,tx,13506.2,230.4,614.2,,,1,0,0,1
906951739217400,1790932611.880958,6880,tx,1327.0,190.5,386.9,,,1,0,0,1
906951912205800,1790932612.053948,7053,tx,1300.7,167.2,340.1,,,1,0,0,1
906952053434200,1790932612.195178,7195,tx,2345.6,172.6,378.6,,,1,0,0,1
906952194624700,1790932612.336370,7336,tx,2351.0,454.8,714.1,,,1,0,0,1
906952335960000,1790932612.477707,7477,tx,2124.8,256.7,523.3,,,1,0,0,1
906952476577500,1790932612.618326,7618,tx,11495.2,471.6,781.7,,,1,0,0,1
906952618809600,1790932612.760559,7760,tx,1605.4,227.1,471.1,,,1,0,0,1
906952758681500,1790932612.900432,7900,tx,1568.4,277.3,653.0,,,1,0,0,1
906952900697700,1790932613.042451,8042,tx,1527.9,151.2,331.2,,,1,0,0,1
906953041478300,1790932613.183232,8183,tx,1574.9,194.0,463.0,,,1,0,0,1
906953184275100,1790932613.326031,8326,tx,1309.5,234.5,431.1,,,1,0,0,1
906953326215300,1790932613.467973,8467,tx,1470.7,165.3,363.6,,,1,0,0,1
906953464864300,1790932613.606623,8606,tx,1301.9,312.3,527.3,,,1,0,0,1
906953608317100,1790932613.750077,8750,tx,1430.6,191.7,463.2,,,1,0,0,1
906953749795300,1790932613.891557,8891,tx,2319.0,246.9,699.1,,,1,0,0,1
906953919793600,1790932614.061557,9061,tx,7731.7,433.0,582.2,,,1,0,0,1
906954063551300,1790932614.205316,9205,tx,3811.1,245.3,1161.9,,,1,0,0,1
906954203533800,1790932614.345300,9345,tx,2862.1,217.6,522.8,,,1,0,0,1
906954343883700,1790932614.485651,9485,tx,33226.0,274.2,535.3,,,1,0,0,1
906954500661200,1790932614.642430,9642,tx,2973.9,306.3,738.9,,,1,0,0,1
906954643445600,1790932614.785216,9785,tx,1873.7,187.9,461.6,,,1,0,0,1
906954783372300,1790932614.925144,9925,tx,6887.4,239.6,901.3,,,1,0,0,1
906954924860700,1790932615.066634,10066,tx,1537.5,255.3,468.3,,,1,0,0,1
906955067254400,1790932615.209029,10209,tx,2065.4,240.9,641.7,,,1,0,0,1
906955207207100,1790932615.348983,10348,tx,12820.1,239.2,659.7,,,1,0,0,1
906955408640800,1790932615.550420,10550,tx,2383.0,210.5,670.8,,,1,0,0,1
906955552285700,1790932615.694066,10694,tx,1364.4,221.7,407.3,,,1,0,0,1
906955694981600,1790932615.836763,10836,tx,2193.4,189.8,810.7,,,1,0,0,1
906955837412400,1790932615.979196,10979,tx,1246.8,230.1,486.0,,,1,0,0,1
906955979042600,1790932616.120827,11120,tx,8857.4,264.8,596.6,,,1,0,0,1
906956120468900,1790932616.262255,11262,tx,1428.1,204.9,425.8,,,1,0,0,1
906956262880800,1790932616.404668,11404,tx,1998.4,253.2,563.1,,,1,0,0,1
906956413898800,1790932616.555688,11555,tx,9272.8,284.1,463.1,,,1,0,0,1
906956560844000,1790932616.702635,11702,tx,1500.7,289.8,531.1,,,1,0,0,1
906956702758800,1790932616.844551,11844,tx,2182.2,423.7,622.3,,,1,0,0,1
906956841680500,1790932616.983474,11983,tx,1847.8,452.1,684.5,,,1,0,0,1
906956981832800,1790932617.123628,12123,tx,1355.8,373.2,562.0,,,1,0,0,1
906957123615900,1790932617.265413,12265,tx,1494.0,198.4,445.3,,,1,0,0,1
906957263354000,1790932617.405152,12405,tx,1222.1,229.8,486.9,,,1,0,0,1
906957406120400,1790932617.547920,12547,tx,9153.9,227.7,434.3,,,1,0,0,1
906957547486400,1790932617.689287,12689,tx,1405.4,165.1,413.1,,,1,0,0,1
906957690825400,1790932617.832628,12832,tx,1590.2,317.2,542.8,,,1,0,0,1
906957832254900,1790932617.974059,12974,tx,9924.0,216.5,449.0,,,1,0,0,1
906957971784800,1790932618.113590,13113,tx,1439.5,414.3,598.0,,,1,0,0,1
906958112391400,1790932618.254198,13254,tx,2118.0,271.8,572.2,,,1,0,0,1
906958254850900,1790932618.396659,13396,tx,1933.5,231.4,729.5,,,1,0,0,1
906958406943100,1790932618.548753,13548,tx,1678.4,371.3,483.7,,,1,0,0,1
906958551181200,1790932618.692992,13692,tx,4114.9,366.1,818.6,,,1,0,0,1
906958693389000,1790932618.835201,13835,tx,3422.8,221.7,1103.5,,,1,0,0,1
906958835597000,1790932618.977412,13977,tx,1460.3,228.2,428.1,,,1,0,0,1
906958977813600,1790932619.119630,14119,tx,1477.4,282.2,530.5,,,1,0,0,1
906959120742400,1790932619.262560,14262,tx,1844.1,334.2,562.8,,,1,0,0,1
906959265408200,1790932619.407227,14407,tx,10820.6,184.4,543.0,,,1,0,0,1
906959417382600,1790932619.559203,14559,tx,2082.1,170.3,436.1,,,1,0,0,1
906959556644100,1790932619.698465,14698,tx,2640.5,312.3,698.2,,,1,0,0,1
906959697581500,1790932619.839405,14839,tx,4984.3,204.4,365.5,,,1,0,0,1
906959838128000,1790932619.979953,14979,tx,2071.4,220.1,427.6,,,1,0,0,1
906959975927300,1790932620.117754,117,tx,1239.6,264.4,431.9,,,1,0,0,1
906960113141900,1790932620.254970,254,tx,2018.7,205.7,710.7,,,1,0,0,1
906960256448300,1790932620.398278,398,tx,1165.9,169.0,344.0,,,1,0,0,1
906960405026800,1790932620.546857,546,tx,1328.9,233.0,429.6,,,1,0,0,1
906960543406200,1790932620.685238,685,tx,2592.0,171.9,553.3,,,1,0,0,1
906960684336200,1790932620.826170,826,tx,1174.3,246.1,426.6,,,1,0,0,1
906960837716100,1790932620.979551,979,tx,1914.6,375.9,621.6,,,1,0,0,1
906960989437600,1790932621.131274,1131,tx,1345.0,180.7,393.3,,,1,0,0,1
906961129270900,1790932621.271109,1271,tx,11963.9,516.9,960.3,,,1,0,0,1
906961270909300,1790932621.412749,1412,tx,1457.1,270.5,445.5,,,1,0,0,1
906961419669900,1790932621.561512,1561,tx,1216.9,197.7,338.7,,,1,0,0,1
906961569856500,1790932621.711700,1711,tx,6293.5,361.7,527.7,,,1,0,0,1
906961710768600,1790932621.852613,1852,tx,1619.4,328.9,579.8,,,1,0,0,1
906961853123300,1790932621.994969,1994,tx,1545.5,265.0,662.6,,,1,0,0,1
906961993425900,1790932622.135273,2135,tx,1177.4,249.1,433.2,,,1,0,0,1
906962134895700,1790932622.276745,2276,tx,1264.1,311.8,499.6,,,1,0,0,1
906962277216300,1790932622.419066,2419,tx,2151.1,232.4,579.5,,,1,0,0,1
906962426612200,1790932622.568464,2568,tx,1292.6,171.6,306.0,,,1,0,0,1
906962573204600,1790932622.715058,2715,tx,1262.0,283.4,471.9,,,1,0,0,1
906962716834900,1790932622.858690,2858,tx,1595.3,354.9,546.1,,,1,0,0,1
906962856274300,1790932622.998130,2998,tx,1869.0,240.9,473.7,,,1,0,0,1
906963011058000,1790932623.152916,3152,tx,1378.8,223.8,406.6,,,1,0,0,1
906963151389600,1790932623.293249,3293,tx,1603.1,227.8,463.6,,,1,0,0,1
906963293279700,1790932623.435138,3435,tx,2037.9,237.1,586.1,,,1,0,0,1
906963432688300,1790932623.574551,3574,tx,1282.5,140.4,345.8,,,1,0,0,1
906963575741200,1790932623.717605,3717,tx,1739.2,435.2,648.5,,,1,0,0,1
906963717629800,1790932623.859494,3859,tx,2057.0,258.9,692.9,,,1,0,0,1
906963860548800,1790932624.002415,4002,tx,62943.2,449.5,736.8,,,1,0,0,1
906964051421300,1790932624.193289,4193,tx,2483.1,602.6,975.9,,,1,0,0,1
906964203322500,1790932624.345193,4345,tx,1256.1,203.0,391.6,,,1,0,0,1
906964345959000,1790932624.487831,4487,tx,1401.4,185.0,393.5,,,1,0,0,1
906964487124100,1790932624.628997,4628,tx,1743.2,199.7,654.7,,,1,0,0,1
906964642985100,1790932624.784842,4784,tx,5847.3,237.9,479.0,,,1,0,0,1
906964783750700,1790932624.925627,4925,tx,1695.2,429.2,623.5,,,1,0,0,1
906964926230100,1790932625.068108,5068,tx,1432.6,254.5,582.9,,,1,0,0,1
906965066779100,1790932625.208658,5208,tx,9121.2,290.9,538.9,,,1,0,0,1
906965207851900,1790932625.349733,5349,tx,1290.3,325.2,513.7,,,1,0,0,1
906965350905000,1790932625.492787,5492,tx,3206.3,300.0,685.9,,,1,0,0,1
906965493590600,1790932625.635474,5635,tx,1226.9,206.3,392.6,,18353.6,1,0,0,1
906965634032000,1790932625.775917,5775,idle,1654.0,207.1,399.0,,,0,0,0,0
906965865356800,1790932626.007245,6007,idle,33428.5,,,,,0,0,0,0
906966012972500,1790932626.154862,6154,idle,1289.0,,,,,0,0,0,0
906966154082100,1790932626.295972,6295,idle,1450.1,,,,,0,0,0,0
906966314204100,1790932626.456096,6456,tx,8676.6,197.4,493.0,,,1,0,0,1
906966464575200,1790932626.606469,6606,tx,1195.6,198.7,487.7,,,1,0,0,1
906966603679400,1790932626.745574,6745,tx,17852.9,340.0,626.8,,,1,0,0,1
906966746933900,1790932626.888830,6888,tx,3338.0,329.2,756.2,,,1,0,0,1
906966890922200,1790932627.032820,7032,tx,2167.6,177.3,438.7,,,1,0,0,1
906967041445000,1790932627.183345,7183,tx,9180.2,255.7,530.1,,,1,0,0,1
906967180442300,1790932627.322344,7322,tx,1352.7,193.2,450.3,,,1,0,0,1
906967324783500,1790932627.466686,7466,tx,1724.5,309.3,559.3,,,1,0,0,1
906967464880900,1790932627.606784,7606,tx,2296.9,184.4,1519.1,,,1,0,0,1
906967606608000,1790932627.748514,7748,tx,1382.8,185.8,380.5,,,1,0,0,1
906967747569300,1790932627.889477,7889,tx,1709.7,266.5,518.0,,,1,0,0,1
906967926115500,1790932628.068025,8068,tx,1341.0,220.6,466.4,,,1,0,0,1
906968077640400,1790932628.219551,8219,tx,1459.0,162.7,392.7,,,1,0,0,1
906968218843000,1790932628.360755,8360,tx,2579.4,218.5,850.2,,,1,0,0,1
906968360467600,1790932628.502381,8502,tx,1492.0,214.4,426.5,,,1,0,0,1
906968504739900,1790932628.646655,8646,tx,1389.7,400.4,580.2,,,1,0,0,1
906968648443100,1790932628.790359,8790,tx,3588.0,429.0,851.7,,,1,0,0,1
906968789505600,1790932628.931423,8931,tx,9340.2,354.2,721.1,,,1,0,0,1
906968939822000,1790932629.081742,9081,tx,1877.6,158.8,397.4,,,1,0,0,1
906969087268600,1790932629.229190,9229,tx,1800.0,225.5,444.3,,,1,0,0,1
906969227174900,1790932629.369098,9369,tx,8881.9,185.7,603.4,,,1,0,0,1
906969367488000,1790932629.509412,9509,tx,1366.6,243.0,437.3,,,1,0,0,1
906969508099700,1790932629.650025,9650,tx,1463.6,159.4,447.2,,,1,0,0,1
906969649801500,1790932629.791728,9791,tx,1298.5,347.2,550.2,,,1,0,0,1
906969791671900,1790932629.933600,9933,tx,1675.6,419.6,623.4,,,1,0,0,1
906969931827500,1790932630.073758,10073,tx,1674.7,403.7,591.3,,,1,0,0,1
906970071774000,1790932630.213706,10213,tx,1437.9,366.5,554.1,,,1,0,0,1
906970213625000,1790932630.355558,10355,tx,2278.0,136.6,329.8,,,1,0,0,1
906970357185800,1790932630.499120,10499,tx,1416.2,205.2,374.4,,,1,0,0,1
906970499825100,1790932630.641761,10641,tx,1898.5,357.7,590.1,,,1,0,0,1
906970641403000,1790932630.783340,10783,tx,9378.9,246.8,579.0,,,1,0,0,1
906970784254400,1790932630.926193,10926,tx,1148.2,208.0,410.3,,,1,0,0,1
906970937108000,1790932631.079049,11079,tx,1857.2,266.0,422.2,,,1,0,0,1
906971082659400,1790932631.224601,11224,tx,10402.7,424.6,752.6,,,1,0,0,1
906971223894900,1790932631.365838,11365,tx,1385.3,220.7,407.3,,,1,0,0,1
906971362781900,1790932631.504727,11504,tx,1411.5,356.5,567.0,,,1,0,0,1
906971505311300,1790932631.647257,11647,tx,2012.8,262.7,528.6,,,1,0,0,1
906971645196800,1790932631.787145,11787,tx,1430.4,179.0,438.9,,,1,0,0,1
906971787425200,1790932631.929374,11929,tx,1344.8,175.5,372.2,,,1,0,0,1
906971943731400,1790932632.085682,12085,tx,1645.7,184.0,324.9,,,1,0,0,1
906972084082800,1790932632.226035,12226,tx,1564.5,167.2,464.6,,,1,0,0,1
906972225708800,1790932632.367663,12367,tx,1574.7,505.8,729.2,,,1,0,0,1
906972368020800,1790932632.509976,12509,tx,2735.0,273.3,640.6,,,1,0,0,1
906972507857700,1790932632.649815,12649,tx,12188.1,174.2,778.8,,,1,0,0,1
906972651431600,1790932632.793390,12793,tx,1455.7,278.6,513.3,,,1,0,0,1
906972791125300,1790932632.933084,12933,tx,2957.6,280.8,731.5,,,1,0,0,1
906972929801500,1790932633.071762,13071,tx,1878.2,148.2,449.2,,,1,0,0,1
906973068398200,1790932633.210361,13210,tx,2182.8,174.3,530.0,,,1,0,0,1
906973210199900,1790932633.352164,13352,tx,1578.6,288.3,501.8,,,1,0,0,1
906973350590800,1790932633.492556,13492,tx,2263.8,402.0,716.1,,,1,0,0,1
906973489974900,1790932633.631942,13631,tx,8803.1,184.8,465.0,,,1,0,0,1
906973628818300,1790932633.770787,13770,tx,1653.6,297.3,479.4,,,1,0,0,1
906973774135900,1790932633.916106,13916,tx,1242.3,220.6,434.6,,,1,0,0,1
906973946628900,1790932634.088601,14088,tx,1860.2,350.4,762.2,,,1,0,0,1
906974089865800,1790932634.231839,14231,tx,1407.1,237.2,454.6,,,1,0,0,1
906974232362900,1790932634.374337,14374,tx,1890.1,199.7,512.8,,,1,0,0,1
906974373175400,1790932634.515152,14515,tx,1189.1,176.3,477.7,,,1,0,0,1
906974514370800,1790932634.656348,14656,tx,2025.9,294.5,581.9,,,1,0,0,1
906974656172700,1790932634.798152,14798,tx,2670.0,205.0,525.3,,,1,0,0,1
906974799308200,1790932634.941289,14941,tx,9024.6,166.2,346.6,,,1,0,0,1
906974941513400,1790932635.083496,83,tx,7566.6,328.3,793.8,,,1,0,0,1
906975092604500,1790932635.234587,234,tx,4729.1,296.2,803.9,,,1,0,0,1
906975233003900,1790932635.374989,374,tx,1230.6,269.7,466.5,,,1,0,0,1
906975383261800,1790932635.525249,525,tx,59488.6,272.4,481.9,,,1,0,0,1
906975549875100,1790932635.691863,691,tx,2287.9,320.4,637.4,,,1,0,0,1
906975691769100,1790932635.833759,833,tx,1243.1,327.2,477.4,,,1,0,0,1
906975835395200,1790932635.977386,977,tx,2230.5,257.4,561.2,,,1,0,0,1
906975975423700,1790932636.117416,1117,tx,1589.5,228.6,474.4,,,1,0,0,1
906976117577100,1790932636.259571,1259,tx,9056.4,129.5,340.3,,,1,0,0,1
906976258510900,1790932636.400506,1400,tx,1420.6,200.2,466.0,,,1,0,0,1
906976398491800,1790932636.540489,1540,tx,44620.6,165.0,367.7,,,1,0,0,1
906976552971800,1790932636.694970,1694,tx,9463.6,287.4,739.8,,,1,0,0,1
906976696274400,1790932636.838274,1838,tx,2012.6,237.8,522.1,,,1,0,0,1
906976837959300,1790932636.979961,1979,tx,1261.5,255.3,510.6,,,1,0,0,1
906976978165700,1790932637.120169,2120,tx,1508.3,195.7,487.9,,,1,0,0,1
906977120198600,1790932637.262203,2262,tx,1189.4,261.6,451.3,,,1,0,0,1
906977262676800,1790932637.404683,2404,tx,1647.6,407.9,595.8,,,1,0,0,1
906977405375800,1790932637.547384,2547,tx,11983.9,174.2,394.6,,,1,0,0,1
906977547366800,1790932637.689376,2689,tx,1418.7,202.6,333.5,,,1,0,0,1
906977687840500,1790932637.829851,2829,tx,1445.7,314.7,518.9,,,1,0,0,1
906977831076300,1790932637.973089,2973,tx,1307.5,226.9,405.8,,,1,0,0,1
906977972318900,1790932638.114333,3114,tx,7811.0,193.6,519.9,,,1,0,0,1
906978114282400,1790932638.256298,3256,tx,1511.9,294.9,457.4,,,1,0,0,1
906978254729900,1790932638.396746,3396,tx,1480.2,457.1,653.2,,,1,0,0,1
906978396713700,1790932638.538732,3538,tx,41696.3,253.7,542.8,,,1,0,0,1
906978549887500,1790932638.691907,3691,tx,1245.8,224.9,414.9,,,1,0,0,1
906978695652100,1790932638.837671,3837,tx,2314.3,203.8,499.7,,,1,0,0,1
906978837479100,1790932638.979501,3979,tx,2979.5,464.8,821.6,,,1,0,0,1
906978979086000,1790932639.121110,4121,tx,1320.7,212.6,397.6,,,1,0,0,1
906979119847900,1790932639.261873,4261,tx,1760.0,248.4,508.0,,,1,0,0,1
906979260029200,1790932639.402056,4402,tx,1849.5,243.6,524.1,,,1,0,0,1
906979401051000,1790932639.543079,4543,tx,41541.8,181.9,567.8,,,1,0,0,1
906979549729700,1790932639.691760,4691,tx,2190.8,260.9,642.9,,,1,0,0,1
906979699153600,1790932639.841185,4841,tx,2871.1,264.7,631.0,,,1,0,0,1
906979839556800,1790932639.981590,4981,tx,7165.6,356.0,769.7,,,1,0,0,1
906979981466400,1790932640.123501,5123,tx,1406.5,188.9,397.8,,,1,0,0,1
906980123586000,1790932640.265622,5265,tx,2082.2,412.6,658.3,,,1,0,0,1
906980265459700,1790932640.407497,5407,tx,1917.9,172.5,385.9,,,1,0,0,1
906980420468800,1790932640.562508,5562,tx,1395.6,245.6,435.6,,,1,0,0,1
906980562058600,1790932640.704099,5704,tx,1938.9,245.0,525.4,,,1,0,0,1
906980702466400,1790932640.844507,5844,tx,2068.9,262.3,713.9,,,1,0,0,1
906980843836500,1790932640.985880,5985,tx,1289.7,252.3,433.5,,,1,0,0,1
906980987476500,1790932641.129521,6129,tx,1467.9,195.1,384.1,,,1,0,0,1
906981128381400,1790932641.270428,6270,tx,1363.3,153.0,349.5,,,1,0,0,1
906981269237600,1790932641.411285,6411,tx,1150.2,178.0,424.2,,,1,0,0,1
906981435657800,1790932641.577707,6577,tx,1672.0,428.2,704.6,,,1,0,0,1
906981584414400,1790932641.726465,6726,tx,8937.0,386.0,879.8,,,1,0,0,1
906981725482200,1790932641.867535,6867,tx,1346.0,225.8,427.6,,,1,0,0,1
906981867488800,1790932642.009540,7009,tx,3902.7,255.3,660.1,,,1,0,0,1
906982007745000,1790932642.149800,7149,tx,1469.6,338.9,531.0,,,1,0,0,1
906982148934000,1790932642.290991,7290,tx,3067.2,260.0,857.1,,,1,0,0,1
906982290669100,1790932642.432728,7432,tx,1668.0,398.2,617.2,,,1,0,0,1
906982441108700,1790932642.583169,7583,tx,1395.9,173.9,298.8,,,1,0,0,1
906982589913500,1790932642.731975,7731,tx,1186.1,204.5,419.5,,,1,0,0,1
906982731280000,1790932642.873343,7873,tx,1199.0,179.6,362.1,,,1,0,0,1
906982872559300,1790932643.014624,8014,tx,1514.6,217.2,455.3,,,1,0,0,1
906983011002600,1790932643.153068,8153,tx,1120.5,204.0,382.0,,,1,0,0,1
906983151225700,1790932643.293293,8293,tx,1376.2,212.1,423.1,,,1,0,0,1
906983291767400,1790932643.433836,8433,tx,2705.6,263.4,820.5,,,1,0,0,1
906983433278800,1790932643.575349,8575,tx,1649.0,235.1,422.2,,,1,0,0,1
906983575206900,1790932643.717278,8717,tx,2344.5,444.8,1039.2,,,1,0,0,1
906983716252900,1790932643.858326,8858,tx,1168.0,227.1,413.2,,,1,0,0,1
906983857635100,1790932643.999709,8999,tx,2361.2,347.7,681.6,,,1,0,0,1
906983998233400,1790932644.140310,9140,tx,2495.4,191.0,356.2,,,1,0,0,1
906984139781600,1790932644.281859,9281,tx,2083.6,379.4,562.9,,,1,0,0,1
906984283316500,1790932644.425396,9425,tx,1238.9,220.0,422.4,,,1,0,0,1
906984436956400,1790932644.579037,9579,tx,1530.2,257.5,444.0,,,1,0,0,1
906984582517100,1790932644.724599,9724,tx,1249.6,169.2,361.5,,,1,0,0,1
906984723090400,1790932644.865174,9865,tx,2766.3,276.3,600.6,,,1,0,0,1
906984865309200,1790932645.007394,10007,tx,35271.8,234.8,488.4,,,1,0,0,1
906985018162100,1790932645.160248,10160,tx,1754.1,259.0,616.5,,,1,0,0,1
906985162619100,1790932645.304707,10304,tx,2525.2,335.4,663.1,,,1,0,0,1
906985302841200,1790932645.444931,10444,tx,10174.5,196.9,450.5,,,1,0,0,1
906985442751700,1790932645.584843,10584,tx,2705.5,156.9,293.6,,,1,0,0,1
906985583536400,1790932645.725629,10725,tx,1322.9,210.2,385.2,,,1,0,0,1
906985726785700,1790932645.868880,10868,tx,2252.3,240.1,537.5,,,1,0,0,1
906985865913500,1790932646.008009,11008,tx,3352.7,218.2,439.3,,,1,0,0,1
906986008232900,1790932646.150330,11150,tx,1503.0,176.0,381.2,,,1,0,0,1
906986150504300,1790932646.292602,11292,tx,3746.5,347.5,830.4,,,1,0,0,1
906986291217600,1790932646.433318,11433,tx,3281.5,210.3,455.5,,,1,0,0,1
906986432244500,1790932646.574346,11574,tx,1309.9,204.5,517.1,,,1,0,0,1
906986572976500,1790932646.715079,11715,tx,1558.0,289.1,475.2,,,1,0,0,1
906986716592700,1790932646.858697,11858,tx,2711.4,328.1,672.3,,,1,0,0,1
906986857571700,1790932646.999677,11999,tx,2095.2,420.8,738.3,,,1,0,0,1
906986998042500,1790932647.140150,12140,tx,1123.3,170.3,348.1,,,1,0,0,1
906987139832000,1790932647.281940,12281,tx,3748.7,282.4,735.9,,,1,0,0,1
906987280117700,1790932647.422228,12422,tx,4633.0,197.6,438.2,,,1,0,0,1
906987445086000,1790932647.587198,12587,tx,1323.6,134.2,255.4,,,1,0,0,1
906987590584100,1790932647.732697,12732,tx,2038.2,465.7,739.0,,,1,0,0,1
906987732349800,1790932647.874465,12874,tx,1135.6,205.8,395.4,,,1,0,0,1
906987874054500,1790932648.016171,13016,tx,1699.5,219.7,423.9,,,1,0,0,1
906988015772200,1790932648.157890,13157,tx,1804.1,339.4,584.9,,,1,0,0,1
906988159087600,1790932648.301207,13301,tx,1259.9,181.3,366.0,,,1,0,0,1
906988300410800,1790932648.442532,13442,tx,2172.1,490.2,906.3,,,1,0,0,1
906988443101500,1790932648.585224,13585,tx,7271.4,295.3,576.4,,,1,0,0,1
906988586872700,1790932648.728997,13728,tx,6840.3,271.5,622.1,,,1,0,0,1
906988738988700,1790932648.881114,13881,tx,1847.0,198.3,598.2,,,1,0,0,1
906988881793500,1790932649.023920,14023,tx,54022.2,231.0,588.5,,,1,0,0,1
906989050252600,1790932649.192381,14192,tx,2016.3,239.7,705.2,,,1,0,0,1
906989193503700,1790932649.335634,14335,tx,2709.8,408.5,723.5,,,1,0,0,1
906989337028400,1790932649.479160,14479,tx,1408.6,226.4,454.1,,,1,0,0,1
906989478528100,1790932649.620661,14620,tx,1942.2,428.6,688.9,,,1,0,0,1
906989619781100,1790932649.761916,14761,tx,1272.2,332.2,558.4,,,1,0,0,1
906989761574600,1790932649.903710,14903,tx,2716.4,351.9,732.8,,,1,0,0,1
906989903495900,1790932650.045634,45,tx,35301.4,174.8,338.7,,,1,0,0,1
906990059493400,1790932650.201632,201,tx,1645.4,255.9,524.5,,,1,0,0,1
906990207696400,1790932650.349836,349,tx,3852.6,258.6,844.5,,,1,0,0,1
906990357230400,1790932650.499372,499,tx,2305.1,219.2,593.5,,,1,0,0,1
906990506864800,1790932650.649009,649,tx,1803.3,322.4,515.4,,,1,0,0,1
906990657486800,1790932650.799632,799,tx,11729.2,270.3,714.3,,,1,0,0,1
906990802608400,1790932650.944755,944,tx,1496.1,267.4,727.4,,,1,0,0,1
906990965726900,1790932651.107876,1107,tx,2170.6,460.0,665.2,,,1,0,0,1
906991105087900,1790932651.247238,1247,tx,8526.9,219.1,423.4,,,1,0,0,1
906991260984600,1790932651.403136,1403,tx,1314.9,265.8,474.5,,,1,0,0,1
906991402670500,1790932651.544824,1544,tx,22486.0,470.7,676.8,,,1,0,0,1
906991545879700,1790932651.688034,1688,tx,7467.8,257.6,646.7,,,1,0,0,1
906991687400800,1790932651.829557,1829,tx,1295.9,230.2,418.0,,,1,0,0,1
906991830348200,1790932651.972506,1972,tx,1296.2,214.8,432.3,,,1,0,0,1
906991986469000,1790932652.128628,2128,tx,1601.0,244.6,466.7,,,1,0,0,1
906992128491600,1790932652.270652,2270,tx,2502.8,450.0,761.7,,,1,0,0,1
906992270019100,1790932652.412181,2412,tx,2697.1,283.3,670.2,,,1,0,0,1
906992446220900,1790932652.588367,2588,tx,1973.2,221.1,517.8,,,1,0,0,1
906992585049500,1790932652.727215,2727,tx,1499.8,261.3,475.4,,,1,0,0,1
906992727719800,1790932652.869887,2869,tx,2322.2,321.7,615.7,,,1,0,0,1
906992869703100,1790932653.011872,3011,tx,1391.9,370.1,625.3,,,1,0,0,1
906993012714500,1790932653.154885,3154,tx,1384.8,406.2,575.5,,,1,0,0,1
906993153452000,1790932653.295623,3295,tx,1483.9,226.7,436.3,,,1,0,0,1
906993293326200,1790932653.435499,3435,tx,4908.4,174.6,370.8,,,1,0,0,1
906993499047600,1790932653.641223,3641,tx,15868.0,174.4,376.5,,,1,0,0,1
906993637616300,1790932653.779792,3779,tx,1964.7,452.5,700.3,,,1,0,0,1
906993780475500,1790932653.922653,3922,tx,2073.8,352.8,650.0,,,1,0,0,1
906993921941600,1790932654.064121,4064,tx,9713.8,316.5,1275.4,,,1,0,0,1
906994077645800,1790932654.219827,4219,tx,2471.4,270.7,523.0,,,1,0,0,1
906994219291800,1790932654.361474,4361,tx,2121.8,207.2,492.5,,,1,0,0,1
906994361239100,1790932654.503423,4503,tx,3063.0,172.2,502.3,,,1,0,0,1
906994502970400,1790932654.645156,4645,tx,1237.1,251.4,436.5,,,1,0,0,1
906994643825300,1790932654.786012,4786,tx,2025.4,229.3,735.1,,,1,0,0,1
906994785241800,1790932654.927430,4927,tx,2969.5,314.7,694.9,,,1,0,0,1
906994992126700,1790932655.134318,5134,tx,1700.9,176.2,353.1,,,1,0,0,1
906995132361500,1790932655.274553,5274,tx,2677.2,243.3,590.0,,,1,0,0,1
906995273325400,1790932655.415519,5415,tx,1595.7,259.5,511.1,,,1,0,0,1
906995422384500,1790932655.564579,5564,tx,1813.4,306.2,909.9,,,1,0,0,1
906995574150700,1790932655.716347,5716,tx,1348.1,213.5,420.2,,,1,0,0,1
906995713164000,1790932655.855361,5855,tx,1288.8,205.8,482.7,,,1,0,0,1
906995854151700,1790932655.996351,5996,tx,3317.5,403.0,1053.1,,,1,0,0,1
906995996341700,1790932656.138542,6138,tx,2526.4,269.7,581.2,,,1,0,0,1
906996138414900,1790932656.280617,6280,tx,11270.3,256.6,583.2,,,1,0,0,1
906996279241700,1790932656.421446,6421,tx,2058.3,199.8,449.5,,,1,0,0,1
906996488606700,1790932656.630813,6630,tx,1376.4,215.0,379.3,,,1,0,0,1
906996627449300,1790932656.769657,6769,tx,2022.3,398.7,823.1,,,1,0,0,1
906996769836100,1790932656.912045,6912,tx,2386.1,292.7,617.7,,,1,0,0,1
906996919922200,1790932657.062133,7062,tx,1406.0,236.8,456.0,,,1,0,0,1
906997068262400,1790932657.210474,7210,tx,1443.0,139.9,569.3,,,1,0,0,1
906997209626100,1790932657.351840,7351,tx,1575.7,221.6,445.2,,,1,0,0,1
906997350859400,1790932657.493075,7493,tx,1642.2,259.7,525.6,,,1,0,0,1
906997490680700,1790932657.632897,7632,tx,1426.2,427.5,626.7,,,1,0,0,1
906997633399200,1790932657.775617,7775,tx,3428.5,460.4,843.9,,,1,0,0,1
906997774090200,1790932657.916310,7916,tx,9914.3,231.4,437.6,,,1,0,0,1
906997996651800,1790932658.138874,8138,tx,1222.4,197.4,346.8,,,1,0,0,1
906998147797600,1790932658.290021,8290,tx,1524.2,181.5,518.4,,,1,0,0,1
906998287722800,1790932658.429947,8429,tx,1845.2,352.0,599.5,,,1,0,0,1
906998445116800,1790932658.587343,8587,tx,2040.3,248.4,526.2,,,1,0,0,1
906998585257000,1790932658.727467,8727,tx,1832.3,227.5,448.4,,,1,0,0,1
906998725147100,1790932658.867376,8867,tx,5682.8,314.6,783.2,,,1,0,0,1
906998868292500,1790932659.010522,9010,tx,17472.9,399.2,894.1,,,1,0,0,1
906999009028900,1790932659.151261,9151,tx,1777.4,254.1,509.1,,,1,0,0,1
906999149887200,1790932659.292121,9292,tx,2332.7,230.6,748.4,,,1,0,0,1
906999290889100,1790932659.433124,9433,tx,2512.1,293.0,611.0,,,1,0,0,1
906999496203100,1790932659.638441,9638,tx,1237.9,180.9,362.5,,,1,0,0,1
906999635277600,1790932659.777516,9777,tx,1050.1,211.7,441.8,,,1,0,0,1
906999777516000,1790932659.919756,9919,tx,1475.6,236.5,443.2,,,1,0,0,1
906999918029900,1790932660.060272,10060,tx,1170.9,178.7,337.4,,,1,0,0,1
907000064634200,1790932660.206877,10206,tx,11218.1,285.9,682.4,,,1,0,0,1
907000205399100,1790932660.347644,10347,tx,1239.1,278.1,441.9,,,1,0,0,1
907000346862900,1790932660.489109,10489,tx,2155.4,245.6,557.5,,,1,0,0,1
907000488960800,1790932660.631208,10631,tx,1377.7,215.5,427.5,,,1,0,0,1
907000643700300,1790932660.785950,10785,tx,1437.4,408.7,607.5,,,1,0,0,1
907000785786500,1790932660.928037,10928,tx,1749.5,292.3,514.0,,,1,0,0,1
907000994294600,1790932661.136548,11136,tx,1660.7,222.6,385.4,,,1,0,0,1
907001132496100,1790932661.274750,11274,tx,3005.5,274.1,873.5,,,1,0,0,1
907001274057800,1790932661.416314,11416,tx,8576.4,258.7,525.1,,,1,0,0,1
907001416674400,1790932661.558932,11558,tx,1408.4,152.8,273.3,,,1,0,0,1
907001558436900,1790932661.700695,11700,tx,1392.9,221.7,423.9,,,1,0,0,1
907001699239100,1790932661.841499,11841,tx,1176.1,132.9,336.6,,,1,0,0,1
907001854573000,1790932661.996835,11996,tx,1980.3,384.8,663.5,,,1,0,0,1
907001996158700,1790932662.138422,12138,tx,1213.5,209.0,417.3,,,1,0,0,1
907002136900600,1790932662.279165,12279,tx,2263.2,294.8,589.9,,,1,0,0,1
907002278214200,1790932662.420480,12420,tx,2272.4,270.1,519.2,,,1,0,0,1
907002499781400,1790932662.642050,12642,tx,1681.1,450.7,583.8,,,1,0,0,1
907002652403300,1790932662.794673,12794,tx,1659.1,241.2,473.5,,,1,0,0,1
907002793218700,1790932662.935490,12935,tx,2039.6,270.2,545.0,,,1,0,0,1
907002950910300,1790932663.093184,13093,tx,1333.4,237.4,421.9,,,1,0,0,1
907003093406900,1790932663.235682,13235,tx,3022.4,205.5,572.0,,,1,0,0,1
907003235238800,1790932663.377515,13377,tx,10782.0,246.3,563.4,,,1,0,0,1
907003376695700,1790932663.518974,13518,tx,1566.1,402.2,611.8,,,1,0,0,1
907003518475300,1790932663.660754,13660,tx,1178.0,235.6,405.0,,,1,0,0,1
907003659816200,1790932663.802097,13802,tx,2239.7,215.2,759.2,,,1,0,0,1
907003801233800,1790932663.943516,13943,tx,1251.9,219.6,405.0,,,1,0,0,1
907003990219300,1790932664.132504,14132,tx,2397.3,247.8,382.3,,,1,0,0,1
907004131011100,1790932664.273296,14273,tx,2965.2,233.9,540.1,,,1,0,0,1
907004273057500,1790932664.415344,14415,tx,1330.6,229.4,450.8,,,1,0,0,1
907004423574400,1790932664.565863,14565,tx,1373.7,219.3,431.0,,,1,0,0,1
907004570685200,1790932664.712976,14712,tx,1485.0,381.0,584.1,,,1,0,0,1
907004712639900,1790932664.854932,14854,tx,1609.9,427.2,698.3,,,1,0,0,1
907004854785800,1790932664.997078,14997,tx,4002.9,303.8,825.3,,,1,0,0,1
907004991913200,1790932665.134208,134,tx,8753.6,252.3,505.8,,,1,0,0,1
907005135423200,1790932665.277719,277,tx,1526.3,236.8,464.2,,,1,0,0,1
907005282758800,1790932665.425055,425,tx,3159.4,269.8,745.1,,,1,0,0,1
907005491326500,1790932665.633626,633,tx,1578.5,257.3,480.9,,,1,0,0,1
907005634546400,1790932665.776847,776,tx,2635.4,354.0,735.5,,,1,0,0,1
907005771600500,1790932665.913903,913,tx,1918.8,408.3,690.2,,,1,0,0,1
907005915687300,1790932666.057992,1057,tx,1134.0,180.9,302.7,,,1,0,0,1
907006064464800,1790932666.206770,1206,tx,1442.3,227.9,490.1,,,1,0,0,1
907006203740000,1790932666.346047,1346,tx,1740.5,309.2,580.8,,,1,0,0,1
907006344743800,1790932666.487052,1487,tx,2213.0,445.5,624.8,,,1,0,0,1
907006486749300,1790932666.629060,1629,tx,1507.1,167.6,509.3,,,1,0,0,1
907006626957000,1790932666.769269,1769,tx,11294.6,192.2,613.9,,,1,0,0,1
907006778860400,1790932666.921174,1921,tx,1575.1,197.6,418.1,,,1,0,0,1
907007000553800,1790932667.142869,2142,tx,2852.5,364.6,673.3,,,1,0,0,1
907007151167300,1790932667.293484,2293,tx,1236.9,212.5,372.1,,,1,0,0,1
907007293382500,1790932667.435701,2435,tx,7321.0,206.5,622.3,,,1,0,0,1
907007450559800,1790932667.592880,2592,tx,1248.7,208.4,401.6,,,1,0,0,1
907007589445600,1790932667.731767,2731,tx,1348.6,160.2,358.1,,,1,0,0,1
907007733388800,1790932667.875712,2875,tx,1181.1,272.6,468.5,,,1,0,0,1
907007889352200,1790932668.031677,3031,tx,1424.9,218.5,420.6,,,1,0,0,1
907008045856500,1790932668.188183,3188,tx,2565.4,263.5,577.9,,,1,0,0,1
907008186733500,1790932668.329061,3329,tx,2765.7,217.4,607.9,,,1,0,0,1
907008327080900,1790932668.469410,3469,tx,2123.1,205.5,472.0,,,1,0,0,1
907008494367100,1790932668.636698,3636,tx,7659.9,226.3,471.4,,,1,0,0,1
907008639800500,1790932668.782133,3782,tx,1357.6,301.3,510.2,,,1,0,0,1
907008780296900,1790932668.922630,3922,tx,2746.4,446.6,1001.3,,,1,0,0,1
907008928420800,1790932669.070756,4070,tx,15532.0,420.5,704.0,,,1,0,0,1
907009077695300,1790932669.220032,4220,tx,1935.9,402.7,621.9,,,1,0,0,1
907009219325100,1790932669.361664,4361,tx,1407.3,224.1,531.5,,,1,0,0,1
907009360141500,1790932669.502480,4502,tx,10502.1,165.1,409.1,,,1,0,0,1
907009500219300,1790932669.642561,4642,tx,1072.8,184.3,353.9,,,1,0,0,1
907009641926400,1790932669.784270,4784,tx,1637.2,219.5,654.8,,,1,0,0,1
907009782617000,1790932669.924961,4924,tx,1772.3,421.4,622.3,,,1,0,0,1
907009989648800,1790932670.131995,5131,tx,1595.2,202.5,397.6,,,1,0,0,1
907010129378000,1790932670.271726,5271,tx,15041.9,199.1,484.9,,,1,0,0,1
907010269285400,1790932670.411616,5411,tx,1418.7,167.8,526.4,,,1,0,0,1
907010415813300,1790932670.558164,5558,tx,1442.2,320.9,484.2,,,1,0,0,1
907010557063400,1790932670.699416,5699,tx,1441.0,211.8,420.9,,,1,0,0,1
907010699217200,1790932670.841571,5841,tx,1517.9,196.2,378.4,,,1,0,0,1
907010840680500,1790932670.983036,5983,tx,1451.0,328.5,514.2,,,1,0,0,1
907010988703400,1790932671.131060,6131,tx,2022.1,272.7,550.6,,,1,0,0,1
907011139714700,1790932671.282072,6282,tx,2513.0,323.6,718.7,,,1,0,0,1
907011281686500,1790932671.424046,6424,tx,4124.1,277.0,993.7,,,1,0,0,1
907011487050600,1790932671.629413,6629,tx,1795.2,275.6,488.2,,,1,0,0,1
907011625603800,1790932671.767967,6767,tx,1138.2,237.7,373.0,,,1,0,0,1
907011768444200,1790932671.910809,6910,tx,7759.8,272.5,466.7,,,1,0,0,1
907011918656000,1790932672.061023,7061,tx,1264.0,231.0,379.2,,,1,0,0,1
907012064954300,1790932672.207322,7207,tx,2468.8,307.8,608.0,,,1,0,0,1
907012203323700,1790932672.345693,7345,tx,5760.3,228.2,500.4,,,1,0,0,1
907012359576200,1790932672.501947,7501,tx,1282.2,203.2,358.4,,,1,0,0,1
907012500487400,1790932672.642859,7642,tx,1808.7,377.0,673.5,,,1,0,0,1
907012641893800,1790932672.784267,7784,tx,12560.6,210.2,1594.9,,,1,0,0,1
907012783049900,1790932672.925425,7925,tx,2011.6,263.7,513.8,,,1,0,0,1
907012988016200,1790932673.130394,8130,tx,1415.7,177.1,475.9,,,1,0,0,1
907013129470300,1790932673.271849,8271,tx,1735.9,266.2,474.2,,,1,0,0,1
907013272706600,1790932673.415087,8415,tx,1279.9,438.8,602.4,,,1,0,0,1
907013421968000,1790932673.564350,8564,tx,1469.5,325.4,432.5,,,1,0,0,1
907013569784600,1790932673.712169,8712,tx,1301.5,338.4,529.1,,,1,0,0,1
907013712016100,1790932673.854401,8854,tx,1755.4,257.8,474.1,,,1,0,0,1
907013854323700,1790932673.996711,8996,tx,4756.9,226.7,418.2,,,1,0,0,1
907013997799100,1790932674.140187,9140,tx,1857.7,325.1,558.3,,,1,0,0,1
907014137502300,1790932674.279892,9279,tx,2098.8,184.7,489.5,,,1,0,0,1
907014277302300,1790932674.419693,9419,tx,1661.5,196.5,558.9,,,1,0,0,1
907014487754700,1790932674.630148,9630,tx,1412.8,388.2,570.8,,,1,0,0,1
907014634186800,1790932674.776582,9776,tx,2467.7,360.8,725.6,,,1,0,0,1
907014775707000,1790932674.918103,9918,tx,2091.9,272.3,518.0,,,1,0,0,1
907014925711300,1790932675.068110,10068,tx,1208.5,150.9,301.1,,,1,0,0,1
907015071928200,1790932675.214327,10214,tx,1491.8,247.9,507.5,,,1,0,0,1
907015213917900,1790932675.356319,10356,tx,1564.8,221.3,468.5,,,1,0,0,1
907015355248000,1790932675.497650,10497,tx,1394.8,240.2,452.7,,,1,0,0,1
907015494302400,1790932675.636706,10636,tx,10538.1,194.2,405.6,,,1,0,0,1
907015634997800,1790932675.777403,10777,tx,2388.7,343.7,600.9,,,1,0,0,1
907015776145400,1790932675.918552,10918,tx,1423.0,233.1,476.3,,,1,0,0,1
907015992625300,1790932676.135035,11135,tx,1383.8,222.4,365.8,,,1,0,0,1
907016135805200,1790932676.278216,11278,tx,4302.6,246.9,1038.6,,,1,0,0,1
907016291828300,1790932676.434241,11434,tx,1440.6,326.8,538.9,,,1,0,0,1
907016432978000,1790932676.575392,11575,tx,1845.0,319.3,503.6,,,1,0,0,1
907016574508900,1790932676.716924,11716,tx,1470.0,427.1,723.9,,,1,0,0,1
907016713816200,1790932676.856232,11856,tx,2212.8,204.0,511.7,,,1,0,0,1
907016855587000,1790932676.998005,11998,tx,1384.8,240.5,448.8,,,1,0,0,1
907016996790100,1790932677.139210,12139,tx,1595.7,359.1,583.4,,,1,0,0,1
907017137406200,1790932677.279827,12279,tx,7549.1,285.6,573.6,,,1,0,0,1
907017294142700,1790932677.436565,12436,tx,1507.8,228.5,498.1,,,1,0,0,1
907017497581000,1790932677.640006,12640,tx,1917.0,378.5,717.0,,,1,0,0,1
907017637112300,1790932677.779538,12779,tx,1601.6,246.0,488.2,,,1,0,0,1
907017791904700,1790932677.934332,12934,tx,1580.3,222.7,426.2,,,1,0,0,1
907017934472700,1790932678.076901,13076,tx,2414.5,249.7,444.5,,,1,0,0,1
907018077732400,1790932678.220163,13220,tx,1505.3,355.8,564.3,,,1,0,0,1
907018217200800,1790932678.359633,13359,tx,1346.9,271.8,426.1,,,1,0,0,1
907018359733800,1790932678.502167,13502,tx,2052.7,240.9,682.3,,,1,0,0,1
907018502145200,1790932678.644580,13644,tx,1471.4,178.0,393.5,,,1,0,0,1
907018642874200,1790932678.785311,13785,tx,1782.7,213.4,479.6,,,1,0,0,1
907018800551800,1790932678.942990,13942,tx,2607.6,204.0,423.1,,,1,0,0,1
907018992822500,1790932679.135263,14135,tx,4092.5,275.1,483.2,,,1,0,0,1
907019144441000,1790932679.286883,14286,tx,2068.9,438.8,758.3,,,1,0,0,1
907019283620900,1790932679.426064,14426,tx,2487.8,312.7,645.5,,,1,0,0,1
907019439326700,1790932679.581772,14581,tx,1696.6,232.5,449.7,,,1,0,0,1
907019579851000,1790932679.722297,14722,tx,1425.0,233.2,427.6,,,1,0,0,1
907019721670400,1790932679.864118,14864,tx,1116.9,196.0,337.9,,,1,0,0,1
907019864723200,1790932680.007172,7,tx,21438.4,225.2,631.6,,,1,0,0,1
907020014462700,1790932680.156914,156,tx,1612.6,292.3,536.6,,,1,0,0,1
907020162520700,1790932680.304973,304,tx,1147.8,124.2,328.7,,,1,0,0,1
907020303700500,1790932680.446155,446,tx,8806.7,267.8,459.1,,,1,0,0,1
907020495830800,1790932680.638287,638,tx,1689.4,232.6,396.3,,,1,0,0,1
907020647970600,1790932680.790428,790,tx,1063.5,156.8,313.5,,,1,0,0,1
907020793965800,1790932680.936425,936,tx,1350.5,195.8,419.3,,,1,0,0,1
907020933546100,1790932681.076007,1076,tx,1242.9,159.5,365.1,,,1,0,0,1
907021083873200,1790932681.226335,1226,tx,1715.1,262.7,475.6,,,1,0,0,1
907021225854200,1790932681.368317,1368,tx,1331.6,277.0,479.2,,,1,0,0,1
907021367262500,1790932681.509727,1509,tx,1510.4,226.5,474.1,,,1,0,0,1
907021511806900,1790932681.654273,1654,tx,14681.4,243.0,482.2,,,1,0,0,1
907021653111200,1790932681.795579,1795,tx,1475.5,258.3,508.5,,,1,0,0,1
907021795105500,1790932681.937575,1937,tx,1648.0,201.3,552.9,,,1,0,0,1
907022006122100,1790932682.148593,2148,tx,1600.5,170.5,358.6,,,1,0,0,1
907022154669700,1790932682.297143,2297,tx,1429.6,385.7,605.6,,,1,0,0,1
907022310950200,1790932682.453425,2453,tx,1955.2,237.8,499.9,,,1,0,0,1
907022450931400,1790932682.593407,2593,tx,1199.7,256.1,476.3,,,1,0,0,1
907022592230500,1790932682.734708,2734,tx,1227.0,188.7,400.8,,,1,0,0,1
907022733659500,1790932682.876139,2876,tx,1546.8,390.7,603.5,,,1,0,0,1
907022875623700,1790932683.018104,3018,tx,3917.0,243.2,733.4,,,1,0,0,1
907023029864800,1790932683.172346,3172,tx,3873.6,333.1,755.4,,,1,0,0,1
907023172414100,1790932683.314898,3314,tx,1672.2,245.3,466.6,,,1,0,0,1
907023316018800,1790932683.458503,3458,tx,2641.7,275.9,631.1,,,1,0,0,1
907023511681300,1790932683.654169,3654,tx,1343.2,180.5,323.6,,,1,0,0,1
907023662459500,1790932683.804948,3804,tx,2265.7,391.9,842.7,,,1,0,0,1
907023802426800,1790932683.944917,3944,tx,8781.5,252.0,446.4,,,1,0,0,1
907023944855700,1790932684.087348,4087,tx,1244.9,172.7,447.8,,,1,0,0,1
907024085113000,1790932684.227606,4227,tx,1309.4,217.8,373.6,,,1,0,0,1
907024226254300,1790932684.368749,4368,tx,1370.1,223.2,426.4,,,1,0,0,1
907024366468700,1790932684.508965,4508,tx,1338.0,193.8,419.6,,,1,0,0,1
907024506937500,1790932684.649435,4649,tx,1311.6,235.9,380.5,,,1,0,0,1
907024647972600,1790932684.790472,4790,tx,1657.1,280.5,694.3,,,1,0,0,1
907024789561900,1790932684.932062,4932,tx,8504.5,213.2,372.6,,,1,0,0,1
907025003266700,1790932685.145769,5145,tx,10214.7,168.5,549.0,,,1,0,0,1
907025150292200,1790932685.292796,5292,tx,1428.4,214.1,466.6,,,1,0,0,1
907025291432600,1790932685.433938,5433,tx,1405.7,207.8,442.2,,,1,0,0,1
907025441202400,1790932685.583710,5583,tx,8825.9,235.7,383.5,,,1,0,0,1
907025588341200,1790932685.730850,5730,tx,1362.3,256.9,500.1,,,1,0,0,1
907025728166800,1790932685.870677,5870,tx,1357.0,162.1,349.1,,,1,0,0,1
907025869089600,1790932686.011601,6011,tx,1272.0,258.3,445.7,,,1,0,0,1
907026011366900,1790932686.153880,6153,tx,2309.7,214.6,501.2,,,1,0,0,1
907026153736800,1790932686.296251,6296,tx,1927.1,412.4,650.3,,,1,0,0,1
907026295333000,1790932686.437849,6437,tx,1551.4,171.8,450.8,,,1,0,0,1
907026503082900,1790932686.645601,6645,tx,1270.7,160.5,359.0,,,1,0,0,1
907026641184300,1790932686.783704,6783,tx,9312.6,194.1,373.6,,,1,0,0,1
907026781371900,1790932686.923893,6923,tx,1104.1,178.3,359.4,,,1,0,0,1
907026931729300,1790932687.074252,7074,tx,1323.1,409.3,559.3,,,1,0,0,1
907027079785100,1790932687.222309,7222,tx,10589.5,344.6,534.3,,,1,0,0,1
907027225853700,1790932687.368380,7368,tx,6671.9,214.2,390.2,,,1,0,0,1
907027377873500,1790932687.520400,7520,tx,1820.4,187.8,469.6,,,1,0,0,1
907027521681500,1790932687.664210,7664,tx,6681.9,184.9,428.6,,109727.4,1,0,0,1
907027662623600,1790932687.805154,7805,idle,1263.4,205.2,383.2,,,0,0,0,0
907027802346700,1790932687.944878,7944,idle,1705.7,238.3,497.2,,,0,0,0,0
907028006083300,1790932688.148617,8148,idle,35154.8,,,,,0,0,0,0
907028166824600,1790932688.309360,8309,idle,4935.9,,,,,0,0,0,0
907028320518000,1790932688.463055,8463,tx,173821.7,,,,,1,0,0,1
907028604039600,1790932688.746579,8746,tx,3921.0,246.9,1375.0,,,1,0,0,1
907028743018800,1790932688.885560,8885,tx,1667.9,207.2,443.8,,,1,0,0,1
907028885425200,1790932689.027968,9027,tx,1563.7,198.1,478.8,,,1,0,0,1
907029025774100,1790932689.168319,9168,tx,1226.3,319.0,521.2,,,1,0,0,1
907029165981800,1790932689.308528,9308,tx,8889.0,227.3,469.4,,,1,0,0,1
907029305702800,1790932689.448250,9448,tx,1502.0,309.1,561.9,,,1,0,0,1
907029478648700,1790932689.621198,9621,tx,1583.1,417.4,587.4,,,1,0,0,1
907029617556600,1790932689.760107,9760,tx,1746.4,419.5,669.0,,,1,0,0,1
907029759479700,1790932689.902032,9902,tx,1383.9,208.5,427.5,,,1,0,0,1
907029901540000,1790932690.044093,10044,tx,2434.3,464.6,742.8,,,1,0,0,1
907030042663100,1790932690.185218,10185,tx,4296.1,329.9,630.2,,,1,0,0,1
907030184708200,1790932690.327265,10327,tx,1645.4,344.4,576.4,,,1,0,0,1
907030342028400,1790932690.484587,10484,tx,1265.9,230.8,427.0,,,1,0,0,1
907030484192100,1790932690.626752,10626,tx,2303.1,131.6,379.1,,,1,0,0,1
907030625455700,1790932690.768017,10768,tx,2394.4,243.4,513.7,,,1,0,0,1
907030767843200,1790932690.910405,10910,tx,2914.0,293.4,695.6,,,1,0,0,1
907030911055000,1790932691.053619,11053,tx,59824.3,258.1,840.8,,,1,0,0,1
907031098843500,1790932691.241410,11241,tx,1330.2,337.4,509.9,,,1,0,0,1
907031237214800,1790932691.379782,11379,tx,10135.6,236.4,622.0,,,1,0,0,1
907031381304400,1790932691.523873,11523,tx,1807.9,164.0,318.6,,,1,0,0,1
907031520551300,1790932691.663122,11663,tx,1378.9,227.1,456.9,,,1,0,0,1
907031660117500,1790932691.802689,11802,tx,2862.4,447.9,1132.6,,,1,0,0,1
907031816704600,1790932691.959278,11959,tx,1986.8,252.5,561.9,,,1,0,0,1
907031956419600,1790932692.098995,12098,tx,1014.1,151.7,311.1,,,1,0,0,1
907032097568300,1790932692.240145,12240,tx,1396.9,206.1,436.8,,,1,0,0,1
907032239973500,1790932692.382552,12382,tx,1225.9,248.2,441.3,,,1,0,0,1
907032380921900,1790932692.523501,12523,tx,1391.2,256.5,486.9,,,1,0,0,1
907032522170700,1790932692.664752,12664,tx,1048.9,238.1,422.4,,,1,0,0,1
907032665074600,1790932692.807657,12807,tx,10210.5,198.1,650.7,,,1,0,0,1
907032805008900,1790932692.947593,12947,tx,1218.0,186.7,383.3,,,1,0,0,1
907032966529900,1790932693.109116,13109,tx,1254.9,208.7,374.1,,,1,0,0,1
907033117029700,1790932693.259617,13259,tx,1947.7,251.4,735.7,,,1,0,0,1
907033259158500,1790932693.401747,13401,tx,1120.8,195.4,365.1,,,1,0,0,1
907033400701900,1790932693.543292,13543,tx,1359.3,393.5,579.3,,,1,0,0,1
907033540937300,1790932693.683529,13683,tx,1538.7,174.4,666.3,,,1,0,0,1
907033683618500,1790932693.826212,13826,tx,2326.5,210.1,358.9,,,1,0,0,1
907033824022900,1790932693.966617,13966,tx,1448.2,228.4,434.7,,,1,0,0,1
907033979921600,1790932694.122518,14122,tx,7492.9,158.5,367.7,,,1,0,0,1
907034121189500,1790932694.263787,14263,tx,2404.5,342.7,751.2,,,1,0,0,1
907034277367000,1790932694.419966,14419,tx,1463.3,174.5,430.3,,,1,0,0,1
907034420740200,1790932694.563340,14563,tx,50881.8,200.0,754.1,,,1,0,0,1
907034572481000,1790932694.715083,14715,tx,1986.9,459.3,834.0,,,1,0,0,1
907034717017100,1790932694.859621,14859,tx,1617.0,236.1,549.7,,,1,0,0,1
907034859115500,1790932695.001721,1,tx,1655.8,206.5,647.2,,,1,0,0,1
907035002192800,1790932695.144799,144,tx,1208.9,168.3,425.0,,,1,0,0,1
907035152590600,1790932695.295198,295,tx,2580.5,315.8,703.4,,,1,0,0,1
907035292917300,1790932695.435527,435,tx,18154.0,196.6,952.2,,,1,0,0,1
907035471181300,1790932695.613793,613,tx,1030.7,160.0,323.5,,,1,0,0,1
907035619623700,1790932695.762237,762,tx,10154.4,214.5,457.7,,,1,0,0,1
907035769292600,1790932695.911907,911,tx,1146.5,206.0,384.0,,,1,0,0,1
907035906367000,1790932696.048983,1048,tx,60480.0,413.9,809.9,,,1,0,0,1
907036083299400,1790932696.225917,1225,tx,1631.8,228.5,580.9,,,1,0,0,1
907036229558600,1790932696.372178,1372,tx,1710.9,416.1,666.3,,,1,0,0,1
907036371409600,1790932696.514031,1514,tx,1566.0,259.9,506.0,,,1,0,0,1
907036512842000,1790932696.655464,1655,tx,1314.1,220.1,424.1,,,1,0,0,1
907036652908700,1790932696.795532,1795,tx,2026.0,285.9,504.1,,,1,0,0,1
907036794527700,1790932696.937153,1937,tx,1699.3,395.5,742.3,,,1,0,0,1
907036981605100,1790932697.124233,2124,tx,1459.3,168.7,387.6,,,1,0,0,1
907037124275100,1790932697.266904,2266,tx,2039.0,273.4,609.4,,,1,0,0,1
907037264311200,1790932697.406941,2406,tx,6758.8,229.5,385.3,,,1,0,0,1
907037404011700,1790932697.546643,2546,tx,1286.2,226.6,424.1,,,1,0,0,1
907037544267400,1790932697.686900,2686,tx,1279.2,211.7,397.6,,,1,0,0,1
907037684459200,1790932697.827094,2827,tx,1513.5,274.2,524.7,,,1,0,0,1
907037826154700,1790932697.968791,2968,tx,1180.6,217.7,405.4,,,1,0,0,1
907037967994500,1790932698.110632,3110,tx,1325.4,265.8,455.4,,,1,0,0,1
907038108610100,1790932698.251249,3251,tx,1529.8,423.7,664.7,,,1,0,0,1
907038250643000,1790932698.393284,3393,tx,1247.1,111.0,300.2,,,1,0,0,1
907038392047800,1790932698.534689,3534,tx,1376.7,234.6,431.7,,,1,0,0,1
907038532069900,1790932698.674714,3674,tx,1131.6,271.0,432.9,,,1,0,0,1
907038673348900,1790932698.815993,3815,tx,20169.8,483.5,881.1,,,1,0,0,1
907038827594600,1790932698.970241,3970,tx,1590.7,394.4,579.0,,,1,0,0,1
907038985060900,1790932699.127709,4127,tx,2761.2,356.1,1168.4,,,1,0,0,1
907039126301100,1790932699.268951,4268,tx,1260.8,211.9,412.3,,,1,0,0,1
907039268574600,1790932699.411226,4411,tx,1519.7,388.7,716.2,,,1,0,0,1
907039410451400,1790932699.553104,4553,tx,1282.2,271.2,466.8,,,1,0,0,1
907039551804300,1790932699.694459,4694,tx,6641.7,298.3,456.4,,,1,0,0,1
907039692966000,1790932699.835621,4835,tx,1195.3,219.2,390.8,,,1,0,0,1
907039836023000,1790932699.978680,4978,tx,1263.0,203.1,514.8,,,1,0,0,1
907039995449800,1790932700.138109,5138,tx,6509.9,234.7,373.7,,,1,0,0,1
907040133774700,1790932700.276435,5276,tx,1473.0,391.2,575.0,,,1,0,0,1
907040277828200,1790932700.420490,5420,tx,1343.0,259.2,486.9,,,1,0,0,1
907040419724600,1790932700.562387,5562,tx,3546.9,292.4,983.7,,,1,0,0,1
907040560981500,1790932700.703645,5703,tx,1300.6,283.4,532.6,,,1,0,0,1
907040702726900,1790932700.845393,5845,tx,1605.3,363.7,587.3,,,1,0,0,1
907040845142300,1790932700.987810,5987,tx,1319.6,215.5,423.2,,,1,0,0,1
907040985347100,1790932701.128016,6128,tx,1804.5,203.5,492.0,,,1,0,0,1
907041128374500,1790932701.271044,6271,tx,2045.3,199.9,482.4,,,1,0,0,1
907041271045900,1790932701.413718,6413,tx,1245.3,193.9,375.1,,,1,0,0,1
907041413550000,1790932701.556223,6556,tx,10029.6,413.4,783.7,,,1,0,0,1
907041571438900,1790932701.714114,6714,tx,1903.7,245.5,534.8,,,1,0,0,1
907041713383000,1790932701.856059,6856,tx,1347.2,219.4,445.9,,,1,0,0,1
907041853831000,1790932701.996508,6996,tx,12987.5,208.1,931.9,,,1,0,0,1
907041993992400,1790932702.136672,7136,tx,8758.2,106.3,263.4,,,1,0,0,1
907042135419500,1790932702.278100,7278,tx,1673.4,184.3,427.7,,,1,0,0,1
907042276854400,1790932702.419537,7419,tx,1544.2,233.0,450.7,,,1,0,0,1
907042417207600,1790932702.559891,7559,tx,1765.8,186.3,571.1,,,1,0,0,1
907042556489100,1790932702.699174,7699,tx,1539.6,408.4,708.6,,,1,0,0,1
907042698891600,1790932702.841578,7841,tx,2299.5,267.9,575.5,,,1,0,0,1
907042837531500,1790932702.980219,7980,tx,9864.6,274.6,712.3,,,1,0,0,1
907042988852900,1790932703.131542,8131,tx,1353.0,353.2,488.3,,,1,0,0,1
907043141532400,1790932703.284223,8284,tx,1358.2,208.5,462.9,,,1,0,0,1
907043283421500,1790932703.426114,8426,tx,1842.9,362.5,755.9,,,1,0,0,1
907043425575300,1790932703.568269,8568,tx,58031.9,362.6,672.4,,,1,0,0,1
907043584001200,1790932703.726697,8726,tx,3918.3,490.3,1194.4,,,1,0,0,1
907043724620000,1790932703.867317,8867,tx,1489.3,279.1,650.2,,,1,0,0,1
907043866699500,1790932704.009398,9009,tx,1476.7,411.8,629.0,,,1,0,0,1
907044010686100,1790932704.153387,9153,tx,1474.7,321.1,533.6,,,1,0,0,1
907044164714000,1790932704.307415,9307,tx,2035.6,201.0,529.9,,,1,0,0,1
907044303594800,1790932704.446298,9446,tx,2056.4,432.4,650.0,,,1,0,0,1
907044489613500,1790932704.632319,9632,tx,1756.0,350.9,618.5,,,1,0,0,1
907044628015300,1790932704.770722,9770,tx,1829.4,162.0,405.6,,,1,0,0,1
907044769918700,1790932704.912627,9912,tx,1737.6,302.6,602.3,,,1,0,0,1
907044913016300,1790932705.055725,10055,tx,76788.0,274.9,762.8,,,1,0,0,1
907045117141700,1790932705.259854,10259,tx,1767.3,279.2,465.8,,,1,0,0,1
907045259333500,1790932705.402047,10402,tx,1534.0,201.5,599.4,,,1,0,0,1
907045399663300,1790932705.542378,10542,tx,1767.6,389.0,631.3,,,1,0,0,1
907045539057000,1790932705.681773,10681,tx,1346.9,218.9,408.9,,,1,0,0,1
907045679525500,1790932705.822243,10822,tx,5067.8,212.5,368.3,,,1,0,0,1
907045820713900,1790932705.963433,10963,tx,1699.6,306.1,524.5,,,1,0,0,1
907045991269800,1790932706.133991,11133,tx,1210.7,257.8,367.1,,,1,0,0,1
907046136708000,1790932706.279430,11279,tx,1860.3,292.9,713.4,,,1,0,0,1
907046293591100,1790932706.436315,11436,tx,1495.0,427.7,636.0,,,1,0,0,1
907046433013500,1790932706.575739,11575,tx,56864.6,271.5,582.6,,,1,0,0,1
907046590914300,1790932706.733642,11733,tx,1763.7,257.2,496.6,,,1,0,0,1
907046732866500,1790932706.875595,11875,tx,1550.3,263.5,512.7,,,1,0,0,1
907046874248500,1790932707.016978,12016,tx,1924.5,255.4,568.4,,,1,0,0,1
907047016311300,1790932707.159043,12159,tx,1451.7,166.9,561.9,,,1,0,0,1
907047156399400,1790932707.299132,12299,tx,1251.1,219.7,414.3,,,1,0,0,1
907047297937800,1790932707.440672,12440,tx,1494.5,171.9,346.5,,,1,0,0,1
907047484734700,1790932707.627471,12627,tx,1801.0,408.3,635.4,,,1,0,0,1
907047627514800,1790932707.770253,12770,tx,1176.1,169.9,366.1,,,1,0,0,1
907047766221900,1790932707.908961,12908,tx,1695.3,198.8,394.3,,,1,0,0,1
907047907447600,1790932708.050189,13050,tx,1202.6,204.1,390.3,,,1,0,0,1
907048049908200,1790932708.192651,13192,tx,1368.1,249.2,445.8,,,1,0,0,1
907048190883700,1790932708.333627,13333,tx,9750.0,306.6,661.9,,,1,0,0,1
907048331462300,1790932708.474207,13474,tx,7842.7,429.4,1605.3,,,1,0,0,1
907048473624900,1790932708.616371,13616,tx,1368.4,395.0,617.1,,,1,0,0,1
907048614240900,1790932708.756989,13756,tx,1998.6,323.3,602.6,,,1,0,0,1
907048755297300,1790932708.898046,13898,tx,1732.3,239.1,435.6,,,1,0,0,1
907048898165800,1790932709.040917,14040,tx,1281.9,194.9,411.8,,,1,0,0,1
907049038772200,1790932709.181525,14181,tx,2087.6,236.2,592.2,,,1,0,0,1
907049180066600,1790932709.322821,14322,tx,10101.7,300.0,492.8,,,1,0,0,1
907049318715300,1790932709.461471,14461,tx,1494.1,202.0,557.7,,,1,0,0,1
907049486096500,1790932709.628854,14628,tx,1373.1,186.3,498.6,,,1,0,0,1
907049629912700,1790932709.772671,14772,tx,1776.7,206.9,548.2,,,1,0,0,1
907049769797600,1790932709.912557,14912,tx,2375.4,215.8,688.5,,,1,0,0,1
907049908614000,1790932710.051376,51,tx,2184.1,384.5,563.2,,,1,0,0,1
907050059867100,1790932710.202629,202,tx,11856.0,223.7,542.9,,,1,0,0,1
907050210385800,1790932710.353150,353,tx,1437.0,226.5,458.4,,,1,0,0,1
907050359310400,1790932710.502076,502,tx,3184.5,478.8,833.1,,,1,0,0,1
907050515274700,1790932710.658043,658,tx,1502.2,187.8,369.0,,,1,0,0,1
907050666368900,1790932710.809139,809,tx,1794.4,228.5,531.9,,,1,0,0,1
907050812623500,1790932710.955394,955,tx,3058.4,246.9,1099.1,,,1,0,0,1
907050992282700,1790932711.135056,1135,tx,7843.6,147.6,318.1,,,1,0,0,1
907051133111800,1790932711.275886,1275,tx,1720.9,220.5,620.4,,,1,0,0,1
907051275792000,1790932711.418568,1418,tx,1481.8,170.3,484.2,,,1,0,0,1
907051416399200,1790932711.559177,1559,tx,1155.6,198.8,404.6,,,1,0,0,1
907051558084700,1790932711.700864,1700,tx,2709.2,182.6,415.1,,,1,0,0,1
907051699400200,1790932711.842180,1842,tx,14369.9,239.6,490.7,,,1,0,0,1
907051855292100,1790932711.998074,1998,tx,1951.0,233.1,520.0,,,1,0,0,1
907052013273500,1790932712.156057,2156,tx,2501.3,427.0,899.1,,,1,0,0,1
907052155064300,1790932712.297849,2297,tx,2467.2,186.2,504.3,,,1,0,0,1
907052294045000,1790932712.436832,2436,tx,1686.3,177.3,358.4,,,1,0,0,1
907052435271600,1790932712.578060,2578,tx,46704.3,167.7,324.5,,,1,0,0,1
907052615853200,1790932712.758643,2758,tx,2138.1,267.5,595.3,,,1,0,0,1
907052765185100,1790932712.907976,2907,tx,1115.2,257.9,432.7,,,1,0,0,1
907052904632600,1790932713.047426,3047,tx,14009.6,403.5,633.8,,,1,0,0,1
907053049401000,1790932713.192195,3192,tx,2150.8,394.3,807.5,,,1,0,0,1
907053188857400,1790932713.331653,3331,tx,1591.3,237.0,456.5,,,1,0,0,1
907053330076900,1790932713.472873,3472,tx,13107.2,218.9,1275.6,,,1,0,0,1
907053486954200,1790932713.629753,3629,tx,1394.5,275.6,414.1,,,1,0,0,1
907053628796300,1790932713.771597,3771,tx,1425.6,312.8,501.0,,,1,0,0,1
907053767746400,1790932713.910547,3910,tx,19120.0,329.3,1105.1,,,1,0,0,1
907053923901000,1790932714.066704,4066,tx,58027.8,191.8,352.1,,,1,0,0,1
907054083356300,1790932714.226161,4226,tx,8300.4,246.7,813.2,,,1,0,0,1
907054222652800,1790932714.365459,4365,tx,1834.0,323.7,586.0,,,1,0,0,1
907054364563000,1790932714.507371,4507,tx,1379.2,229.9,438.6,,,1,0,0,1
907054506659100,1790932714.649468,4649,tx,1897.3,339.7,621.5,,,1,0,0,1
907054648599200,1790932714.791410,4791,tx,8354.3,250.0,711.7,,,1,0,0,1
907054788621600,1790932714.931434,4931,tx,1731.4,420.3,646.5,,,1,0,0,1
907054930441200,1790932715.073255,5073,tx,62663.8,173.5,392.0,,,1,0,0,1
907055111173300,1790932715.253989,5253,tx,1201.1,218.4,377.7,,,1,0,0,1
907055258867100,1790932715.401685,5401,tx,1483.8,225.9,449.4,,,1,0,0,1
907055399258900,1790932715.542078,5542,tx,1236.7,176.6,410.5,,,1,0,0,1
907055539060600,1790932715.681881,5681,tx,1407.0,154.1,320.3,,,1,0,0,1
907055678810800,1790932715.821632,5821,tx,3576.6,270.2,737.6,,,1,0,0,1
907055819317600,1790932715.962140,5962,tx,3800.2,461.4,882.3,,,1,0,0,1
907055975877900,1790932716.118703,6118,tx,1817.4,261.4,453.8,,,1,0,0,1
907056117326500,1790932716.260153,6260,tx,1368.7,220.9,406.5,,,1,0,0,1
907056260439200,1790932716.403267,6403,tx,1827.4,244.0,514.2,,,1,0,0,1
907056402711800,1790932716.545541,6545,tx,8992.2,157.0,531.7,,,1,0,0,1
907056543198400,1790932716.686029,6686,tx,1776.8,198.0,422.1,,,1,0,0,1
907056684603500,1790932716.827436,6827,tx,1193.3,207.0,425.6,,,1,0,0,1
907056826504300,1790932716.969338,6969,tx,2178.9,439.5,708.5,,,1,0,0,1
907056984679900,1790932717.127516,7127,tx,1236.9,166.1,298.8,,,1,0,0,1
907057124487600,1790932717.267324,7267,tx,1573.7,232.6,461.2,,,1,0,0,1
907057267633700,1790932717.410472,7410,tx,12533.4,423.0,667.7,,,1,0,0,1
907057406675800,1790932717.549516,7549,tx,1437.2,412.7,601.9,,,1,0,0,1
907057549957000,1790932717.692798,7692,tx,1967.4,211.7,516.9,,,1,0,0,1
907057691509100,1790932717.834352,7834,tx,1960.1,417.3,693.6,,,1,0,0,1
907057833909400,1790932717.976753,7976,tx,1884.9,193.9,524.7,,,1,0,0,1
907057988276500,1790932718.131106,8131,tx,1208.6,218.6,390.6,,,1,0,0,1
907058130553200,1790932718.273400,8273,tx,2377.3,401.0,705.5,,,1,0,0,1
907058273306200,1790932718.416155,8416,tx,1375.8,226.3,590.4,,,1,0,0,1
907058416225600,1790932718.559076,8559,tx,1380.2,169.8,365.6,,,1,0,0,1
907058571789900,1790932718.714642,8714,tx,1246.3,359.3,550.9,,,1,0,0,1
907058712099900,1790932718.854953,8854,tx,2677.4,406.9,1023.1,,,1,0,0,1
907058854127000,1790932718.996982,8996,tx,1374.0,241.9,457.2,,,1,0,0,1
907058994923300,1790932719.137780,9137,tx,1470.1,242.5,430.2,,,1,0,0,1
907059136086800,1790932719.278944,9278,tx,1292.3,221.7,420.9,,,1,0,0,1
907059277838100,1790932719.420697,9420,tx,1160.1,187.1,354.1,,,1,0,0,1
907059419913000,1790932719.562773,9562,tx,1752.2,288.5,542.3,,,1,0,0,1
907059561816200,1790932719.704678,9704,tx,1458.6,233.4,468.0,,,1,0,0,1
907059703894500,1790932719.846758,9846,tx,1559.1,200.9,678.2,,,1,0,0,1
907059846037500,1790932719.988903,9988,tx,1293.4,222.6,418.0,,,1,0,0,1
907059984683200,1790932720.127550,10127,tx,1557.6,390.0,548.8,,,1,0,0,1
907060129645800,1790932720.272514,10272,tx,1475.4,394.2,570.2,,,1,0,0,1
907060270152000,1790932720.413022,10413,tx,1237.5,149.2,324.7,,,1,0,0,1
907060412082800,1790932720.554954,10554,tx,1532.6,225.3,486.6,,,1,0,0,1
907060551564300,1790932720.694437,10694,tx,6664.7,215.6,381.0,,,1,0,0,1
907060693997900,1790932720.836872,10836,tx,1336.6,147.7,413.8,,,1,0,0,1
907060835638600,1790932720.978514,10978,tx,1405.4,374.4,574.8,,,1,0,0,1
907060993279200,1790932721.136156,11136,tx,8636.6,191.7,511.9,,,1,0,0,1
907061133670500,1790932721.276549,11276,tx,1530.7,292.4,601.3,,,1,0,0,1
907061276350900,1790932721.419231,11419,tx,1933.0,169.1,449.2,,,1,0,0,1
907061418094100,1790932721.560975,11560,tx,2101.5,256.2,568.0,,,1,0,0,1
907061558462400,1790932721.701345,11701,tx,1615.2,188.0,368.1,,,1,0,0,1
907061699554800,1790932721.842439,11842,tx,1948.3,415.5,687.9,,,1,0,0,1
907061843312700,1790932721.986198,11986,tx,1857.2,240.5,501.6,,,1,0,0,1
907061984375700,1790932722.127263,12127,tx,1180.6,222.7,408.6,,,1,0,0,1
907062127515000,1790932722.270404,12270,tx,1475.4,236.2,485.5,,,1,0,0,1
907062269604500,1790932722.412495,12412,tx,1311.8,181.6,349.2,,,1,0,0,1
907062411876900,1790932722.554769,12554,tx,8790.4,258.7,474.8,,,1,0,0,1
907062551174700,1790932722.694068,12694,tx,1318.5,221.0,460.1,,,1,0,0,1
907062694385400,1790932722.837280,12837,tx,2006.9,148.1,552.8,,,1,0,0,1
907062836403400,1790932722.979299,12979,tx,2379.4,393.7,753.0,,,1,0,0,1
907062991240500,1790932723.134138,13134,tx,1206.9,208.8,369.1,,,1,0,0,1
907063138624400,1790932723.281524,13281,tx,1362.8,179.6,355.3,,,1,0,0,1
907063296306700,1790932723.439207,13439,tx,8409.8,253.3,594.7,,,1,0,0,1
907063457996500,1790932723.600899,13600,tx,7791.4,166.9,325.8,,,1,0,0,1
907063609928900,1790932723.752833,13752,tx,12844.3,299.3,705.0,,,1,0,0,1
907063750486200,1790932723.893392,13893,tx,1542.9,209.5,397.3,,,1,0,0,1
907063891770800,1790932724.034677,14034,tx,3149.3,257.2,1090.7,,,1,0,0,1
907064032387500,1790932724.175296,14175,tx,1311.9,188.0,378.0,,,1,0,0,1
907064173464100,1790932724.316374,14316,tx,1457.7,272.9,467.2,,,1,0,0,1
907064313694200,1790932724.456605,14456,tx,2022.7,314.9,579.3,,,1,0,0,1
907064480616300,1790932724.623530,14623,tx,1842.3,211.4,374.3,,,1,0,0,1
907064629565400,1790932724.772480,14772,tx,1308.1,182.9,368.6,,,1,0,0,1
907064772135200,1790932724.915051,14915,tx,2064.0,240.1,808.9,,,1,0,0,1
907064914346300,1790932725.057264,57,tx,4851.7,458.1,867.0,,,1,0,0,1
907065051479000,1790932725.194398,194,tx,1261.7,172.4,406.1,,,1,0,0,1
907065196315900,1790932725.339236,339,tx,2136.5,396.4,877.6,,,1,0,0,1
907065345377900,1790932725.488300,488,tx,1453.0,222.4,425.0,,,1,0,0,1
907065487954100,1790932725.630878,630,tx,1155.9,174.9,355.1,,,1,0,0,1
907065626242800,1790932725.769167,769,tx,1588.5,192.4,637.2,,,1,0,0,1
907065776340800,1790932725.919267,919,tx,1334.8,210.0,436.6,,,1,0,0,1
907065926266600,1790932726.069193,1069,tx,60907.5,323.2,805.7,,,1,0,0,1
907066113040400,1790932726.255970,1255,tx,3682.2,276.5,750.4,,,1,0,0,1
907066253382100,1790932726.396313,1396,tx,13653.2,416.9,759.8,,,1,0,0,1
907066392057900,1790932726.534991,1534,tx,1650.6,282.4,535.4,,,1,0,0,1
907066536223200,1790932726.679158,1679,tx,1406.6,209.6,417.4,,,1,0,0,1
907066677868200,1790932726.820804,1820,tx,1598.0,232.3,526.6,,,1,0,0,1
907066820045200,1790932726.962983,1962,tx,2173.8,225.9,808.2,,,1,0,0,1
907066986648300,1790932727.129588,2129,tx,1566.4,310.7,522.3,,,1,0,0,1
907067135240000,1790932727.278181,2278,tx,4249.7,252.8,469.0,,,1,0,0,1
907067291619100,1790932727.434561,2434,tx,1992.5,297.1,582.5,,,1,0,0,1
907067433108500,1790932727.576052,2576,tx,57437.1,191.3,429.1,,,1,0,0,1
907067591377200,1790932727.734323,2734,tx,1626.0,472.0,859.9,,,1,0,0,1
907067731198800,1790932727.874146,2874,tx,1399.4,192.5,421.4,,,1,0,0,1
907067888667800,1790932728.031616,3031,tx,2384.0,275.9,583.4,,,1,0,0,1
907068032193300,1790932728.175143,3175,tx,1492.1,189.4,556.3,,,1,0,0,1
907068175608600,1790932728.318561,3318,tx,1380.1,175.1,333.1,,,1,0,0,1
907068316758700,1790932728.459712,3459,tx,1512.0,218.5,444.2,,,1,0,0,1
907068487951900,1790932728.630907,3630,tx,1612.7,299.2,611.8,,,1,0,0,1
907068633542900,1790932728.776500,3776,tx,1551.3,423.1,607.2,,,1,0,0,1
907068774956100,1790932728.917914,3917,tx,10769.0,247.9,612.5,,,1,0,0,1
907068918235800,1790932729.061195,4061,tx,1867.5,198.7,597.3,,,1,0,0,1
907069059056000,1790932729.202017,4202,tx,1410.6,209.6,437.2,,,1,0,0,1
907069201104200,1790932729.344066,4344,tx,1155.1,267.3,447.2,,,1,0,0,1
907069342971000,1790932729.485935,4485,tx,1915.4,236.3,729.3,,,1,0,0,1
907069483540000,1790932729.626505,4626,tx,1209.5,177.7,370.5,,,1,0,0,1
907069625426700,1790932729.768393,4768,tx,3088.6,332.2,841.0,,,1,0,0,1
907069766381800,1790932729.909350,4909,tx,1172.4,204.0,346.0,,,1,0,0,1
907069906336800,1790932730.049307,5049,tx,1269.9,169.8,448.6,,,1,0,0,1
907070045676200,1790932730.188648,5188,tx,1394.3,359.9,577.9,,,1,0,0,1
907070186965500,1790932730.329938,5329,tx,1993.7,300.1,689.4,,,1,0,0,1
907070327806200,1790932730.470780,5470,tx,1942.8,198.9,397.1,,,1,0,0,1
907070494709400,1790932730.637686,5637,tx,1425.6,369.0,562.2,,,1,0,0,1
907070641383900,1790932730.784361,5784,tx,12560.7,234.8,539.7,,,1,0,0,1
907070780978700,1790932730.923957,5923,tx,1381.3,158.6,529.5,,,1,0,0,1
907070922578300,1790932731.065558,6065,tx,26602.9,448.9,694.2,,,1,0,0,1
907071064641900,1790932731.207623,6207,tx,10622.4,332.3,607.5,,,1,0,0,1
907071205400600,1790932731.348384,6348,tx,1465.7,235.7,429.0,,,1,0,0,1
907071345316400,1790932731.488301,6488,tx,1342.1,230.0,442.4,,,1,0,0,1
907071497566000,1790932731.640552,6640,tx,14555.9,154.5,278.0,,,1,0,0,1
907071644362500,1790932731.787350,6787,tx,1219.0,206.4,390.1,,,1,0,0,1
907071785009000,1790932731.927999,6927,tx,1066.4,193.8,365.8,,,1,0,0,1
907071925066100,1790932732.068057,7068,tx,59534.1,238.7,458.7,,,1,0,0,1
907072114445300,1790932732.257438,7257,tx,1690.2,257.7,537.6,,,1,0,0,1
907072255316600,1790932732.398311,7398,tx,2049.6,273.8,464.0,,,1,0,0,1
907072397118400,1790932732.540114,7540,tx,1876.5,192.1,465.0,,,1,0,0,1
907072538566200,1790932732.681563,7681,tx,1455.7,350.4,695.7,,,1,0,0,1
907072676692600,1790932732.819691,7819,tx,1382.2,397.8,571.5,,,1,0,0,1
907072816414500,1790932732.959414,7959,tx,9629.9,148.5,357.6,,,1,0,0,1
907072991760000,1790932733.134762,8134,tx,1791.1,164.6,403.0,,,1,0,0,1
907073145141300,1790932733.288145,8288,tx,5772.1,237.3,424.0,,,1,0,0,1
907073285611500,1790932733.428617,8428,tx,1503.1,386.5,583.0,,,1,0,0,1
907073429411200,1790932733.572417,8572,tx,59237.4,255.0,462.1,,,1,0,0,1
907073617349500,1790932733.760358,8760,tx,1641.9,260.3,500.6,,,1,0,0,1
907073757872800,1790932733.900883,8900,tx,1457.0,187.4,403.5,,,1,0,0,1
907073899733600,1790932734.042744,9042,tx,2766.8,226.2,622.4,,,1,0,0,1
907074040312400,1790932734.183325,9183,tx,1685.1,207.6,462.3,,,1,0,0,1
907074180828400,1790932734.323843,9323,tx,1884.3,209.2,812.6,,,1,0,0,1
907074320344800,1790932734.463361,9463,tx,1352.9,205.8,401.0,,,1,0,0,1
907074484487900,1790932734.627505,9627,tx,1411.6,230.5,423.5,,,1,0,0,1
907074637759100,1790932734.780778,9780,tx,2206.8,276.0,558.2,,,1,0,0,1
907074777523700,1790932734.920543,9920,tx,3679.3,305.5,779.3,,,1,0,0,1
907074932941800,1790932735.075963,10075,tx,58125.7,255.2,588.6,,,1,0,0,1
907075114584800,1790932735.257609,10257,tx,6782.2,120.2,293.3,,,1,0,0,1
907075266000200,1790932735.409026,10409,tx,1465.5,261.8,460.4,,,1,0,0,1
907075408260500,1790932735.551287,10551,tx,1770.0,238.9,508.0,,,1,0,0,1
907075548825100,1790932735.691854,10691,tx,8697.9,178.1,646.9,,,1,0,0,1
907075690797500,1790932735.833827,10833,tx,1346.4,311.1,491.1,,,1,0,0,1
907075832478200,1790932735.975509,10975,tx,1927.0,391.2,807.1,,,1,0,0,1
907075989122600,1790932736.132156,11132,tx,8453.8,197.2,314.9,,,1,0,0,1
907076126261300,1790932736.269296,11269,tx,1995.9,211.7,455.7,,,1,0,0,1
907076266356800,1790932736.409392,11409,tx,1975.3,447.4,883.0,,,1,0,0,1
907076407588500,1790932736.550625,11550,tx,1748.6,418.8,640.7,,,1,0,0,1
907076546859600,1790932736.689898,11689,tx,1191.4,314.2,476.4,,,1,0,0,1
907076689081200,1790932736.832122,11832,tx,1298.3,164.7,330.8,,,1,0,0,1
907076830866900,1790932736.973908,11973,tx,1570.3,264.1,434.6,,,1,0,0,1
907076972567400,1790932737.115611,12115,tx,7812.8,214.0,409.1,,,1,0,0,1
907077112581300,1790932737.255626,12255,tx,1701.6,207.1,384.2,,,1,0,0,1
907077255638500,1790932737.398685,12398,tx,3047.4,176.8,707.7,,,1,0,0,1
907077397411100,1790932737.540458,12540,tx,2357.0,318.4,754.7,,,1,0,0,1
907077539207200,1790932737.682256,12682,tx,1345.3,225.6,413.0,,,1,0,0,1
907077681198700,1790932737.824249,12824,tx,1548.8,266.1,483.4,,,1,0,0,1
907077823450900,1790932737.966502,12966,tx,3808.8,328.3,807.5,,,1,0,0,1
907077987596700,1790932738.130651,13130,tx,1265.0,178.2,357.6,,,1,0,0,1
907078139719400,1790932738.282775,13282,tx,1303.4,217.6,552.3,,,1,0,0,1
907078276912700,1790932738.419969,13419,tx,1342.3,226.5,471.8,,,1,0,0,1
907078422287600,1790932738.565346,13565,tx,27490.1,192.4,360.1,,,1,0,0,1
907078576005000,1790932738.719065,13719,tx,1402.7,273.3,591.3,,,1,0,0,1
907078716231800,1790932738.859293,13859,tx,1578.0,179.2,444.7,,,1,0,0,1
907078856361900,1790932738.999425,13999,tx,1181.5,226.0,387.4,,,1,0,0,1
907079001983200,1790932739.145048,14145,tx,7929.7,181.6,437.1,,,1,0,0,1
907079154084700,1790932739.297150,14297,tx,2199.8,265.7,595.0,,,1,0,0,1
907079296890900,1790932739.439958,14439,tx,1834.3,205.0,431.6,,,1,0,0,1
907079493062200,1790932739.636132,14636,tx,1359.6,188.7,496.8,,,1,0,0,1
907079641628200,1790932739.784699,14784,tx,1525.5,255.1,626.4,,,1,0,0,1
907079782188300,1790932739.925260,14925,tx,2458.6,183.7,553.5,,,1,0,0,1
907079923466400,1790932740.066540,66,tx,26919.5,146.2,352.7,,,1,0,0,1
907080062311500,1790932740.205387,205,tx,1436.6,245.9,478.7,,,1,0,0,1
907080209070800,1790932740.352147,352,tx,2621.3,272.0,1045.4,,,1,0,0,1
907080346214500,1790932740.489292,489,tx,2546.1,329.5,761.2,,,1,0,0,1
907080504064000,1790932740.647144,647,tx,7542.4,130.8,329.2,,,1,0,0,1
907080653018100,1790932740.796099,796,tx,1525.4,259.3,472.8,,,1,0,0,1
907080805999300,1790932740.949081,949,tx,11365.2,248.2,526.4,,,1,0,0,1
907080987675500,1790932741.130760,1130,tx,1617.2,388.1,503.5,,,1,0,0,1
907081129276800,1790932741.272363,1272,tx,12693.7,365.0,842.9,,,1,0,0,1
907081273221100,1790932741.416308,1416,tx,1650.4,259.8,595.8,,,1,0,0,1
907081413562900,1790932741.556652,1556,tx,1617.1,189.1,371.8,,,1,0,0,1
907081555115300,1790932741.698206,1698,tx,2810.9,252.3,636.7,,,1,0,0,1
907081696012000,1790932741.839104,1839,tx,1582.9,248.7,494.3,,,1,0,0,1
907081837488800,1790932741.980583,1980,tx,2442.2,376.0,787.5,,,1,0,0,1
907081994711800,1790932742.137808,2137,tx,1818.9,439.0,580.5,,,1,0,0,1
907082134456400,1790932742.277553,2277,tx,1483.7,188.3,379.4,,,1,0,0,1
907082276276300,1790932742.419375,2419,tx,1808.4,354.3,835.6,,,1,0,0,1
907082416370000,1790932742.559470,2559,tx,1663.5,250.9,533.1,,,1,0,0,1
907082559143000,1790932742.702244,2702,tx,7157.7,179.3,338.5,,,1,0,0,1
907082697508300,1790932742.840611,2840,tx,1452.0,231.5,441.0,,,1,0,0,1
907082839307200,1790932742.982412,2982,tx,1167.9,196.7,383.3,,,1,0,0,1
907082983656800,1790932743.126762,3126,tx,1314.1,418.2,606.2,,,1,0,0,1
907083122520300,1790932743.265627,3265,tx,1847.1,213.4,424.9,,,1,0,0,1
907083262327100,1790932743.405436,3405,tx,2958.8,405.8,907.7,,,1,0,0,1
907083403192200,1790932743.546303,3546,tx,1146.5,229.0,403.2,,,1,0,0,1
907083547446500,1790932743.690558,3690,tx,1382.4,204.2,429.2,,,1,0,0,1
907083688986900,1790932743.832100,3832,tx,1233.0,201.7,412.0,,,1,0,0,1
907083831773700,1790932743.974889,3974,tx,1225.8,302.7,470.1,,,1,0,0,1
907083986308900,1790932744.129425,4129,tx,1612.2,193.7,389.1,,,1,0,0,1
907084129435000,1790932744.272553,4272,tx,1399.1,202.9,385.6,,,1,0,0,1
907084271610900,1790932744.414729,4414,tx,1495.7,360.8,593.2,,,1,0,0,1
907084410516700,1790932744.553637,4553,tx,8365.3,445.3,688.7,,,1,0,0,1
907084557032400,1790932744.700154,4700,tx,1208.1,230.8,459.5,,,1,0,0,1
907084709361800,1790932744.852486,4852,tx,1212.1,148.6,373.5,,,1,0,0,1
907084849586500,1790932744.992711,4992,tx,9690.4,236.8,585.0,,,1,0,0,1
907084989300000,1790932745.132427,5132,tx,1325.2,233.8,388.2,,,1,0,0,1
907085131950800,1790932745.275079,5275,tx,1771.5,224.4,645.7,,,1,0,0,1
907085274092600,1790932745.417222,5417,tx,1763.2,185.0,432.6,,,1,0,0,1
907085413258000,1790932745.556389,5556,tx,1325.6,159.7,330.7,,,1,0,0,1
907085552998100,1790932745.696131,5696,tx,1861.4,292.6,535.3,,,1,0,0,1
907085694356000,1790932745.837490,5837,tx,1414.5,275.9,490.6,,,1,0,0,1
907085835569500,1790932745.978705,5978,tx,10694.3,179.2,698.0,,,1,0,0,1
907085976196900,1790932746.119334,6119,tx,1648.0,214.5,397.0,,,1,0,0,1
907086118165200,1790932746.261303,6261,tx,1747.4,291.0,714.3,,,1,0,0,1
907086259959400,1790932746.403099,6403,tx,2766.7,260.4,619.4,,,1,0,0,1
907086401108700,1790932746.544250,6544,tx,1328.6,206.7,415.0,,,1,0,0,1
907086543219400,1790932746.686362,6686,tx,1015.9,211.7,373.5,,,1,0,0,1
907086685307600,1790932746.828452,6828,tx,2147.6,221.9,551.2,,,1,0,0,1
907086827442700,1790932746.970588,6970,tx,1334.6,203.7,395.0,,,1,0,0,1
907086985672800,1790932747.128820,7128,tx,1524.0,344.1,561.0,,,1,0,0,1
907087126263900,1790932747.269412,7269,tx,2599.3,275.2,616.0,,,1,0,0,1
907087268735400,1790932747.411886,7411,tx,1656.8,313.8,524.8,,,1,0,0,1
907087411350600,1790932747.554501,7554,tx,1718.3,194.2,435.6,,,1,0,0,1
907087552625800,1790932747.695779,7695,tx,2612.2,197.5,697.0,,,1,0,0,1
907087695407000,1790932747.838562,7838,tx,6686.5,176.0,360.1,,,1,0,0,1
907087836324400,1790932747.979481,7979,tx,1616.9,158.2,476.3,,,1,0,0,1
907087986633000,1790932748.129791,8129,tx,1163.3,203.9,309.9,,,1,0,0,1
907088133563800,1790932748.276723,8276,tx,7345.3,387.6,641.3,,,1,0,0,1
907088271625700,1790932748.414787,8414,tx,1934.5,387.3,628.4,,,1,0,0,1
907088416380300,1790932748.559542,8559,tx,1568.5,174.5,422.8,,,1,0,0,1
907088556842900,1790932748.700007,8700,tx,1331.5,196.8,376.3,,,1,0,0,1
907088697755800,1790932748.840921,8840,tx,1478.8,326.9,512.8,,,1,0,0,1
907088837872000,1790932748.981039,8981,tx,1854.3,217.2,505.5,,,1,0,0,1
907088977943900,1790932749.121112,9121,tx,1889.7,228.8,651.0,,,1,0,0,1
907089118766000,1790932749.261935,9261,tx,8664.2,192.9,378.4,,,1,0,0,1
907089258323300,1790932749.401494,9401,tx,1310.3,155.5,330.7,,,1,0,0,1
907089399482300,1790932749.542655,9542,tx,9717.8,212.9,397.1,,,1,0,0,1
907089538761200,1790932749.681935,9681,tx,1428.5,271.8,469.8,,123054.6,1,0,0,1
907089680061800,1790932749.823237,9823,idle,1827.0,210.5,544.1,,,0,0,0,0
907089819928500,1790932749.963105,9963,idle,1310.0,231.5,468.9,,,0,0,0,0
907090026633600,1790932750.169812,10169,idle,32781.7,,,,,0,0,0,0
907090176951900,1790932750.320132,10320,idle,5201.6,,,,,0,0,0,0
907090315330700,1790932750.458513,10458,idle,212417.5,,,,,0,0,0,1
907090644921500,1790932750.788106,10788,tx,6087.7,258.6,408.7,,,1,0,0,1
907090795389700,1790932750.938576,10938,tx,1356.8,231.8,482.7,,,1,0,0,1
907090953669800,1790932751.096859,11096,tx,7827.1,368.5,544.3,,,1,0,0,1
907091107758300,1790932751.250949,11250,tx,1776.4,237.8,500.4,,,1,0,0,1
907091250756700,1790932751.393948,11393,tx,1279.8,232.6,411.0,,,1,0,0,1
907091393561000,1790932751.536754,11536,tx,2144.3,334.3,659.2,,,1,0,0,1
907091534308500,1790932751.677503,11677,tx,1878.5,181.7,438.7,,,1,0,0,1
907091675602500,1790932751.818798,11818,tx,1764.1,399.0,591.9,,,1,0,0,1
907091817261100,1790932751.960459,11960,tx,1380.7,228.0,534.0,,,1,0,0,1
907091985085200,1790932752.128284,12128,tx,1364.8,181.7,377.1,,,1,0,0,1
907092129750500,1790932752.272951,12272,tx,1401.9,329.2,523.7,,,1,0,0,1
907092271819100,1790932752.415021,12415,tx,2337.5,224.5,582.2,,,1,0,0,1
907092413290600,1790932752.556494,12556,tx,1506.0,201.2,412.7,,,1,0,0,1
907092556373800,1790932752.699579,12699,tx,1911.4,415.3,834.6,,,1,0,0,1
907092696127700,1790932752.839334,12839,tx,1445.5,173.5,462.1,,,1,0,0,1
907092836721600,1790932752.979930,12979,tx,5791.8,224.1,472.5,,,1,0,0,1
907092988836200,1790932753.132046,13132,tx,1368.6,348.5,462.6,,,1,0,0,1
907093135176600,1790932753.278388,13278,tx,1170.6,213.5,438.8,,,1,0,0,1
907093276465500,1790932753.419678,13419,tx,9804.4,190.7,456.5,,,1,0,0,1
907093417832600,1790932753.561046,13561,tx,1302.4,225.5,424.6,,,1,0,0,1
907093574968000,1790932753.718184,13718,tx,1345.2,241.3,415.4,,,1,0,0,1
907093715414500,1790932753.858631,13858,tx,24364.3,372.8,775.9,,,1,0,0,1
907093856903800,1790932754.000123,14000,tx,1904.9,264.3,549.4,,,1,0,0,1
907093996911900,1790932754.140132,14140,tx,1473.7,290.2,514.9,,,1,0,0,1
907094137750500,1790932754.280972,14280,tx,2529.5,254.6,573.6,,,1,0,0,1
907094278659100,1790932754.421882,14421,tx,1765.2,373.8,570.5,,,1,0,0,1
907094420484200,1790932754.563709,14563,tx,1984.4,373.5,611.4,,,1,0,0,1
907094561330800,1790932754.704557,14704,tx,2693.6,284.7,861.9,,,1,0,0,1
907094701883300,1790932754.845110,14845,tx,12676.2,192.2,504.3,,,1,0,0,1
907094843108300,1790932754.986337,14986,tx,2131.7,253.5,548.6,,,1,0,0,1
907094990498600,1790932755.133729,133,tx,1931.4,233.3,369.9,,,1,0,0,1
907095133968400,1790932755.277200,277,tx,6113.4,224.6,382.4,,,1,0,0,1
907095272080200,1790932755.415314,415,tx,1338.0,220.5,365.6,,,1,0,0,1
907095426404500,1790932755.569639,569,tx,28838.6,273.9,839.8,,,1,0,0,1
907095572306100,1790932755.715532,715,tx,10411.5,183.1,439.2,,,1,0,0,1
907095710353700,1790932755.853592,853,tx,1330.7,214.5,405.6,,,1,0,0,1
907095859475400,1790932756.002715,1002,tx,2014.8,370.5,666.8,,,1,0,0,1
907096012031700,1790932756.155273,1155,tx,3543.7,193.1,350.3,,,1,0,0,1
907096150308800,1790932756.293551,1293,tx,2078.6,200.9,507.9,,,1,0,0,1
907096290109800,1790932756.433353,1433,tx,4040.3,450.0,980.2,,,1,0,0,1
907096428583600,1790932756.571829,1571,tx,59011.2,400.3,531.8,,,1,0,0,1
907096613896500,1790932756.757144,1757,tx,3131.2,154.9,321.2,,,1,0,0,1
907096755810300,1790932756.899059,1899,tx,1520.3,269.8,431.3,,,1,0,0,1
907096897102800,1790932757.040353,2040,tx,1858.1,179.2,329.2,,,1,0,0,1
907097036084900,1790932757.179336,2179,tx,1650.5,245.9,607.2,,,1,0,0,1
907097177846700,1790932757.321100,2321,tx,2274.3,278.9,601.9,,,1,0,0,1
907097318858600,1790932757.462112,2462,tx,10456.4,346.3,811.8,,,1,0,0,1
907097489906200,1790932757.633163,2633,tx,1888.0,214.8,546.5,,,1,0,0,1
907097632639100,1790932757.775896,2775,tx,3171.5,369.7,837.0,,,1,0,0,1
907097772403400,1790932757.915663,2915,tx,2222.2,187.8,1533.2,,,1,0,0,1
907097913830200,1790932758.057091,3057,tx,1702.3,221.7,673.9,,,1,0,0,1
907098053114900,1790932758.196377,3196,tx,1852.1,199.1,414.1,,,1,0,0,1
907098194674700,1790932758.337936,3337,tx,12049.1,378.7,897.3,,,1,0,0,1
907098332690100,1790932758.475955,3475,tx,1364.0,357.7,493.9,,,1,0,0,1
907098475952500,1790932758.619220,3619,tx,1370.8,227.1,413.7,,,1,0,0,1
907098617192400,1790932758.760460,3760,tx,2104.8,212.4,506.0,,,1,0,0,1
907098756649800,1790932758.899920,3899,tx,1495.6,376.5,577.7,,,1,0,0,1
907098897254300,1790932759.040525,4040,tx,2369.2,477.2,1006.8,,,1,0,0,1
907099038539200,1790932759.181812,4181,tx,1536.7,423.9,641.0,,,1,0,0,1
907099178975500,1790932759.322250,4322,tx,4553.9,223.8,456.7,,,1,0,0,1
907099318382000,1790932759.461658,4461,tx,1460.6,254.9,432.7,,,1,0,0,1
907099487517100,1790932759.630795,4630,tx,1208.6,151.4,335.8,,,1,0,0,1
907099631844500,1790932759.775123,4775,tx,1354.9,256.3,461.7,,,1,0,0,1
907099773242100,1790932759.916523,4916,tx,1277.7,224.1,545.2,,,1,0,0,1
907099913851100,1790932760.057133,5057,tx,1515.1,189.8,435.7,,,1,0,0,1
907100055329500,1790932760.198612,5198,tx,8355.0,283.2,507.1,,,1,0,0,1
907100198270500,1790932760.341555,5341,tx,1278.9,211.7,389.4,,,1,0,0,1
907100338440600,1790932760.481727,5481,tx,1295.4,205.8,435.7,,,1,0,0,1
907100493982200,1790932760.637270,5637,tx,1682.1,299.1,489.9,,,1,0,0,1
907100634951800,1790932760.778241,5778,tx,1366.6,171.0,398.1,,,1,0,0,1
907100775977800,1790932760.919269,5919,tx,1124.8,174.0,353.9,,,1,0,0,1
907100920239300,1790932761.063531,6063,tx,2431.2,377.9,675.8,,,1,0,0,1
907101061583400,1790932761.204877,6204,tx,1665.3,337.2,619.9,,,1,0,0,1
907101201486600,1790932761.344782,6344,tx,1977.5,218.3,625.4,,,1,0,0,1
907101344298100,1790932761.487594,6487,tx,1972.7,246.6,531.8,,,1,0,0,1
907101485211500,1790932761.628510,6628,tx,1437.8,199.1,431.0,,,1,0,0,1
907101626436100,1790932761.769736,6769,tx,1508.8,222.5,453.8,,,1,0,0,1
907101766769200,1790932761.910069,6910,tx,3624.7,288.1,788.2,,,1,0,0,1
907101906686600,1790932762.049989,7049,tx,86830.2,231.4,530.9,,,1,0,0,1
907102118714700,1790932762.262019,7262,tx,3845.0,192.0,606.2,,,1,0,0,1
907102263229000,1790932762.406535,7406,tx,1027.8,204.6,384.3,,,1,0,0,1
907102404878400,1790932762.548186,7548,tx,1854.7,185.2,564.9,,,1,0,0,1
907102546147700,1790932762.689457,7689,tx,1314.4,193.7,393.0,,,1,0,0,1
907102704511500,1790932762.847823,7847,tx,1559.8,227.6,414.7,,,1,0,0,1
907102845495100,1790932762.988807,7988,tx,2741.7,300.0,929.9,,,1,0,0,1
907102987131200,1790932763.130445,8130,tx,1489.2,184.4,478.9,,,1,0,0,1
907103130144800,1790932763.273460,8273,tx,1235.3,198.0,401.4,,,1,0,0,1
907103268903100,1790932763.412219,8412,tx,1324.5,219.1,445.9,,,1,0,0,1
907103411374200,1790932763.554692,8554,tx,2655.8,428.0,798.2,,,1,0,0,1
907103551823500,1790932763.695143,8695,tx,10940.0,176.6,491.0,,,1,0,0,1
907103692039900,1790932763.835361,8835,tx,1506.6,219.0,452.3,,,1,0,0,1
907103833135200,1790932763.976458,8976,tx,1571.9,242.5,637.0,,,1,0,0,1
907103982942000,1790932764.126266,9126,tx,1238.0,187.0,293.0,,,1,0,0,1
907104127303500,1790932764.270629,9270,tx,1348.8,211.2,446.8,,,1,0,0,1
907104267971700,1790932764.411299,9411,tx,1311.2,170.5,454.3,,,1,0,0,1
907104411088100,1790932764.554416,9554,tx,3455.5,262.1,664.9,,,1,0,0,1
907104551021500,1790932764.694352,9694,tx,1510.6,236.8,404.5,,,1,0,0,1
907104691151400,1790932764.834469,9834,tx,1147.9,170.3,335.2,,,1,0,0,1
907104831300200,1790932764.974633,9974,tx,1546.6,226.3,395.5,,,1,0,0,1
907104988115800,1790932765.131451,10131,tx,2089.1,198.1,330.2,,,1,0,0,1
907105130669400,1790932765.274005,10274,tx,1606.8,309.5,543.4,,,1,0,0,1
907105272344600,1790932765.415682,10415,tx,1427.3,272.2,494.1,,,1,0,0,1
907105415035100,1790932765.558374,10558,tx,84469.9,310.9,564.1,,,1,0,0,1
907105591007700,1790932765.734349,10734,tx,1714.9,216.9,440.7,,,1,0,0,1
907105731472100,1790932765.874815,10874,tx,1331.1,132.2,311.1,,,1,0,0,1
907105873629300,1790932766.016973,11016,tx,1529.7,399.7,590.1,,,1,0,0,1
907106013769000,1790932766.157114,11157,tx,1412.5,272.5,512.5,,,1,0,0,1
907106153237800,1790932766.296585,11296,tx,1184.3,222.2,406.5,,,1,0,0,1
907106294720600,1790932766.438069,11438,tx,6245.1,262.2,478.7,,,1,0,0,1
907106500600800,1790932766.643951,11643,tx,14347.8,273.1,590.9,,,1,0,0,1
907106645789000,1790932766.789141,11789,tx,1527.2,190.4,449.1,,,1,0,0,1
907106796542600,1790932766.939896,11939,tx,1939.8,245.9,660.4,,,1,0,0,1
907106991039200,1790932767.134394,12134,tx,1939.3,216.0,519.1,,,1,0,0,1
907107139960500,1790932767.283317,12283,tx,2275.5,214.6,512.8,,,1,0,0,1
907107282436400,1790932767.425795,12425,tx,2089.1,383.3,668.6,,,1,0,0,1
907107423276600,1790932767.566637,12566,tx,27699.5,243.8,478.0,,,1,0,0,1
907107564096800,1790932767.707458,12707,tx,3316.4,291.5,1144.6,,,1,0,0,1
907107706203900,1790932767.849566,12849,tx,21661.3,443.7,856.0,,,1,0,0,1
907107846377600,1790932767.989742,12989,tx,956.1,204.2,368.3,,,1,0,0,1
907107989033700,1790932768.132400,13132,tx,8386.8,156.4,301.1,,,1,0,0,1
907108127547100,1790932768.270913,13270,tx,1277.1,180.2,374.4,,,1,0,0,1
907108268473000,1790932768.411842,13411,tx,1570.9,407.2,714.4,,,1,0,0,1
907108410342100,1790932768.553712,13553,tx,1331.7,206.0,392.0,,,1,0,0,1
907108552228800,1790932768.695600,13695,tx,1527.0,266.4,621.2,,,1,0,0,1
907108690975200,1790932768.834347,13834,tx,10690.3,181.2,449.0,,,1,0,0,1
907108832501900,1790932768.975877,13975,tx,1546.0,361.8,701.6,,,1,0,0,1
907108972481100,1790932769.115857,14115,tx,1326.6,192.0,356.1,,,1,0,0,1
907109113152600,1790932769.256530,14256,tx,1110.1,175.0,340.3,,,1,0,0,1
907109268545400,1790932769.411924,14411,tx,2178.9,445.8,661.4,,,1,0,0,1
907109407890000,1790932769.551270,14551,tx,1493.0,233.0,470.8,,,1,0,0,1
907109549500400,1790932769.692883,14692,tx,1235.6,206.4,390.3,,,1,0,0,1
907109691026200,1790932769.834409,14834,tx,1317.4,172.9,352.4,,,1,0,0,1
907109831235300,1790932769.974620,14974,tx,1613.3,249.5,505.8,,,1,0,0,1
907109983532000,1790932770.126919,126,tx,1290.8,218.2,336.6,,,1,0,0,1
907110121739600,1790932770.265127,265,tx,11804.9,240.9,560.3,,,1,0,0,1
907110269162800,1790932770.412552,412,tx,1295.9,158.8,344.6,,,1,0,0,1
907110415091100,1790932770.558482,558,tx,1871.0,253.5,495.8,,,1,0,0,1
907110556532700,1790932770.699925,699,tx,9773.8,437.1,641.0,,,1,0,0,1
907110704934200,1790932770.848328,848,tx,2812.8,202.9,912.6,,,1,0,0,1
907110846151400,1790932770.989547,989,tx,2309.4,265.6,579.8,,,1,0,0,1
907110995040300,1790932771.138437,1138,tx,6801.1,176.9,434.9,,,1,0,0,1
907111142236300,1790932771.285635,1285,tx,2396.6,441.9,949.1,,,1,0,0,1
907111283575000,1790932771.426975,1426,tx,1475.3,430.7,604.0,,,1,0,0,1
907111424918100,1790932771.568320,1568,tx,58499.6,298.1,607.8,,,1,0,0,1
907111598824200,1790932771.742227,1742,tx,2595.6,196.2,516.1,,,1,0,0,1
907111738923000,1790932771.882327,1882,tx,3087.3,273.9,642.1,,,1,0,0,1
907111878544100,1790932772.021950,2021,tx,4008.4,373.6,569.0,,,1,0,0,1
907112022242900,1790932772.165650,2165,tx,1326.2,151.4,493.7,,,1,0,0,1
907112162999800,1790932772.306408,2306,tx,4711.8,349.5,1117.6,,,1,0,0,1
907112304140400,1790932772.447551,2447,tx,17792.0,190.9,455.5,,,1,0,0,1
907112504131800,1790932772.647544,2647,tx,8626.7,403.1,1115.8,,,1,0,0,1
907112649599600,1790932772.793012,2793,tx,3849.1,211.3,554.2,,,1,0,0,1
907112791744000,1790932772.935159,2935,tx,1714.5,217.5,653.1,,,1,0,0,1
907112931251000,1790932773.074668,3074,tx,1907.3,268.0,437.3,,,1,0,0,1
907113073042900,1790932773.216461,3216,tx,10127.9,236.0,446.6,,,1,0,0,1
907113213847700,1790932773.357268,3357,tx,1297.7,245.0,434.0,,,1,0,0,1
907113355659600,1790932773.499081,3499,tx,1337.6,395.7,586.2,,,1,0,0,1
907113497421700,1790932773.640844,3640,tx,1626.8,426.6,712.8,,,1,0,0,1
907113640310600,1790932773.783735,3783,tx,1445.6,168.7,374.8,,,1,0,0,1
907113781646200,1790932773.925072,3925,tx,1763.7,257.3,563.4,,,1,0,0,1
907113921464700,1790932774.064892,4064,tx,1267.6,197.6,404.3,,,1,0,0,1
907114062294300,1790932774.205723,4205,tx,1359.0,209.4,395.5,,,1,0,0,1
907114204614000,1790932774.348044,4348,tx,1428.9,411.2,604.0,,,1,0,0,1
907114345318800,1790932774.488750,4488,tx,2258.2,249.0,537.1,,,1,0,0,1
907114496660700,1790932774.640095,4640,tx,1472.4,425.9,625.2,,,1,0,0,1
907114643483500,1790932774.786918,4786,tx,1946.8,925.7,1143.2,,,1,0,0,1
907114785089500,1790932774.928526,4928,tx,1385.8,199.0,395.1,,,1,0,0,1
907114927288500,1790932775.070726,5070,tx,40090.3,186.7,472.8,,,1,0,0,1
907115095167700,1790932775.238607,5238,tx,1470.2,176.5,422.0,,,1,0,0,1
907115240028900,1790932775.383470,5383,tx,1342.2,226.0,395.1,,,1,0,0,1
907115379943200,1790932775.523386,5523,tx,1712.8,227.3,528.9,,,1,0,0,1
907115519627900,1790932775.663072,5663,tx,1418.7,398.7,588.3,,,1,0,0,1
907115659484900,1790932775.802930,5802,tx,2793.7,317.1,755.6,,,1,0,0,1
907115798698300,1790932775.942144,5942,tx,24401.1,199.5,894.9,,,1,0,0,1
907116001997500,1790932776.145447,6145,tx,9500.9,249.7,609.3,,,1,0,0,1
907116158354600,1790932776.301805,6301,tx,1759.7,235.3,467.8,,,1,0,0,1
907116300214200,1790932776.443665,6443,tx,4568.0,224.5,812.1,,,1,0,0,1
907116441238300,1790932776.584692,6584,tx,25195.0,214.2,498.5,,,1,0,0,1
907116583517000,1790932776.726972,6726,tx,1825.5,427.8,634.1,,,1,0,0,1
907116725451800,1790932776.868908,6868,tx,1608.6,387.8,626.5,,,1,0,0,1
907116866901100,1790932777.010359,7010,tx,3732.2,268.4,731.2,,,1,0,0,1
907117011359400,1790932777.154819,7154,tx,10108.1,136.7,286.0,,,1,0,0,1
907117150035000,1790932777.293496,7293,tx,1730.3,299.5,591.1,,,1,0,0,1
907117290137200,1790932777.433599,7433,tx,1313.4,233.4,533.1,,,1,0,0,1
907117433018100,1790932777.576482,7576,tx,2214.6,254.0,545.8,,,1,0,0,1
907117587461600,1790932777.730927,7730,tx,1496.4,192.9,403.4,,,1,0,0,1
907117726960100,1790932777.870427,7870,tx,1323.6,204.4,556.1,,,1,0,0,1
907117866565400,1790932778.010034,8010,tx,1655.4,141.6,304.8,,,1,0,0,1
907118007207300,1790932778.150677,8150,tx,2951.9,251.6,940.0,,,1,0,0,1
907118147489400,1790932778.290961,8290,tx,1097.8,199.7,375.2,,,1,0,0,1
907118288846900,1790932778.432320,8432,tx,1333.8,219.5,482.7,,,1,0,0,1
907118429871300,1790932778.573345,8573,tx,7147.6,241.1,491.2,,,1,0,0,1
907118567319100,1790932778.710794,8710,tx,1559.8,244.7,499.5,,,1,0,0,1
907118713449300,1790932778.856926,8856,tx,2203.3,274.9,745.4,,,1,0,0,1
907118855068800,1790932778.998547,8998,tx,1267.8,238.4,511.4,,,1,0,0,1
907119006743100,1790932779.150224,9150,tx,1382.0,362.9,538.3,,,1,0,0,1
907119154219100,1790932779.297701,9297,tx,1507.0,234.6,542.1,,,1,0,0,1
907119311152000,1790932779.454635,9454,tx,7315.0,223.1,500.4,,,1,0,0,1
907119475658200,1790932779.619143,9619,tx,12119.2,367.0,513.2,,,1,0,0,1
907119624860600,1790932779.768347,9768,tx,1387.2,294.0,504.0,,,1,0,0,1
907119765936900,1790932779.909425,9909,tx,1200.3,223.1,423.6,,,1,0,0,1
907119909175100,1790932780.052665,10052,tx,1404.6,215.6,357.1,,,1,0,0,1
907120051470100,1790932780.194961,10194,tx,1290.6,163.2,371.3,,,1,0,0,1
907120193989000,1790932780.337481,10337,tx,8396.3,279.5,774.9,,,1,0,0,1
907120335798900,1790932780.479293,10479,tx,1458.7,200.5,412.4,,,1,0,0,1
907120496964000,1790932780.640460,10640,tx,1736.0,175.1,309.0,,,1,0,0,1
907120647617600,1790932780.791115,10791,tx,1350.8,357.0,532.7,,,1,0,0,1
907120788828800,1790932780.932328,10932,tx,1379.7,188.6,374.4,,,1,0,0,1
907120931032600,1790932781.074532,11074,tx,3722.0,193.9,620.5,,,1,0,0,1
907121073833100,1790932781.217335,11217,tx,1211.6,215.5,406.7,,,1,0,0,1
907121216276300,1790932781.359780,11359,tx,1196.0,238.5,433.5,,,1,0,0,1
907121356525600,1790932781.500031,11500,tx,1760.0,191.3,652.9,,,1,0,0,1
907121508021200,1790932781.651527,11651,tx,1896.5,320.3,457.7,,,1,0,0,1
907121654180200,1790932781.797688,11797,tx,1503.4,240.2,504.8,,,1,0,0,1
907121794914600,1790932781.938424,11938,tx,1769.5,161.0,605.2,,,1,0,0,1
907121938002300,1790932782.081513,12081,tx,58164.9,166.7,363.7,,,1,0,0,1
907122128403700,1790932782.271916,12271,tx,3165.8,317.7,854.8,,,1,0,0,1
907122267509700,1790932782.411024,12411,tx,1223.4,211.7,400.3,,,1,0,0,1
907122407722100,1790932782.551238,12551,tx,1583.5,226.3,481.9,,,1,0,0,1
907122549098000,1790932782.692615,12692,tx,2106.4,204.0,519.7,,,1,0,0,1
907122691195100,1790932782.834714,12834,tx,11655.9,230.7,546.8,,,1,0,0,1
907122832019200,1790932782.975539,12975,tx,1374.2,197.3,383.3,,,1,0,0,1
907123003199800,1790932783.146722,13146,tx,1286.9,205.7,335.6,,,1,0,0,1
907123143877200,1790932783.287400,13287,tx,1300.4,211.7,401.9,,,1,0,0,1
907123285841800,1790932783.429367,13429,tx,1335.5,258.9,588.5,,,1,0,0,1
907123427455800,1790932783.570982,13570,tx,1218.0,226.1,419.9,,,1,0,0,1
907123568343100,1790932783.711871,13711,tx,9295.5,226.8,420.4,,,1,0,0,1
907123708598500,1790932783.852128,13852,tx,1681.0,359.8,617.1,,,1,0,0,1
907123849927200,1790932783.993458,13993,tx,1519.2,297.3,525.3,,,1,0,0,1
907123990301000,1790932784.133833,14133,tx,1372.5,219.0,561.1,,,1,0,0,1
907124130916000,1790932784.274450,14274,tx,921.0,169.6,304.2,,,1,0,0,1
907124271970800,1790932784.415506,14415,tx,1610.1,222.0,460.5,,,1,0,0,1
907124412725000,1790932784.556261,14556,tx,1697.3,246.1,474.5,,,1,0,0,1
907124551377800,1790932784.694915,14694,tx,8024.5,181.5,365.6,,,1,0,0,1
907124690777100,1790932784.834316,14834,tx,1256.5,132.5,303.0,,,1,0,0,1
907124832749900,1790932784.976291,14976,tx,1281.8,261.4,454.8,,,1,0,0,1
907125003498700,1790932785.147042,147,tx,4045.9,401.3,650.6,,,1,0,0,1
907125152445900,1790932785.295990,295,tx,1089.8,201.1,385.9,,,1,0,0,1
907125297868700,1790932785.441414,441,tx,3965.5,387.9,871.2,,,1,0,0,1
907125435515900,1790932785.579062,579,tx,3861.9,317.0,791.0,,,1,0,0,1
907125581503100,1790932785.725052,725,tx,1490.7,376.3,563.2,,,1,0,0,1
907125722249900,1790932785.865800,865,tx,1583.9,241.7,480.5,,,1,0,0,1
907125860638400,1790932786.004190,1004,tx,2293.2,269.3,586.0,,,1,0,0,1
907126012860000,1790932786.156413,1156,tx,2671.9,349.1,860.2,,,1,0,0,1
907126157005300,1790932786.300560,1300,tx,1935.9,279.9,511.0,,,1,0,0,1
907126298424700,1790932786.441980,1441,tx,2441.8,312.4,698.0,,,1,0,0,1
907126440745700,1790932786.584303,1584,tx,59147.2,196.5,418.2,,,1,0,0,1
907126629325400,1790932786.772885,1772,tx,2908.5,417.4,892.0,,,1,0,0,1
907126769048200,1790932786.912609,1912,tx,1475.9,238.3,416.3,,,1,0,0,1
907126911448400,1790932787.055011,2055,tx,2269.5,662.4,993.8,,,1,0,0,1
907127051943500,1790932787.195508,2195,tx,2149.9,210.8,472.0,,,1,0,0,1
907127194367600,1790932787.337933,2337,tx,10021.1,166.9,429.3,,,1,0,0,1
907127337293200,1790932787.480860,2480,tx,2518.7,242.0,593.9,,,1,0,0,1
907127503216800,1790932787.646786,2646,tx,1552.0,153.8,352.2,,,1,0,0,1
907127647003000,1790932787.790573,2790,tx,1474.6,168.6,373.1,,,1,0,0,1
907127786568600,1790932787.930140,2930,tx,2657.2,245.2,899.3,,,1,0,0,1
907127926930200,1790932788.070503,3070,tx,1506.4,235.5,486.0,,,1,0,0,1
907128065354100,1790932788.208929,3208,tx,9978.4,231.9,522.4,,,1,0,0,1
907128205929300,1790932788.349505,3349,tx,2336.4,303.8,636.2,,,1,0,0,1
907128344849800,1790932788.488427,3488,tx,2907.9,188.4,735.9,,,1,0,0,1
907128484462600,1790932788.628042,3628,tx,1846.2,408.0,596.0,,,1,0,0,1
907128626813700,1790932788.770394,3770,tx,1818.2,231.4,498.2,,,1,0,0,1
907128767280400,1790932788.910862,3910,tx,1322.7,201.1,469.0,,,1,0,0,1
907128911349700,1790932789.054933,4054,tx,3541.5,436.1,785.8,,,1,0,0,1
907129053179700,1790932789.196765,4196,tx,6685.2,129.9,298.8,,,1,0,0,1
907129193831700,1790932789.337418,4337,tx,1797.0,251.7,506.3,,,1,0,0,1
907129335830500,1790932789.479418,4479,tx,1803.5,272.7,560.4,,,1,0,0,1
907129499798100,1790932789.643388,4643,tx,1356.3,261.6,439.2,,,1,0,0,1
907129651363900,1790932789.794955,4794,tx,1844.6,138.2,460.5,,,1,0,0,1
907129793115200,1790932789.936707,4936,tx,2282.1,480.7,933.5,,,1,0,0,1
907129934771800,1790932790.078366,5078,tx,38029.0,289.3,437.1,,,1,0,0,1
907130098703400,1790932790.242299,5242,tx,2882.5,305.0,823.6,,,1,0,0,1
907130249769100,1790932790.393366,5393,tx,2454.5,271.6,631.6,,,1,0,0,1
907130390762100,1790932790.534361,5534,tx,1248.6,233.2,445.8,,,1,0,0,1
907130530754800,1790932790.674355,5674,tx,2021.8,241.7,782.0,,,1,0,0,1
907130671888300,1790932790.815490,5815,tx,2949.4,210.5,480.7,,,1,0,0,1
907130812212400,1790932790.955815,5955,tx,1849.0,239.1,497.4,,,1,0,0,1
907130952884700,1790932791.096489,6096,tx,86932.3,303.1,650.9,,,1,0,0,1
907131105784900,1790932791.249391,6249,tx,1910.3,173.0,430.3,,,1,0,0,1
907131248198400,1790932791.391806,6391,tx,10340.0,180.5,378.6,,,1,0,0,1
907131389675700,1790932791.533285,6533,tx,1529.5,327.4,561.8,,,1,0,0,1
907131532576000,1790932791.676186,6676,tx,2587.3,172.9,748.7,,,1,0,0,1
907131675166100,1790932791.818778,6818,tx,9300.0,210.4,434.8,,,1,0,0,1
907131815688800,1790932791.959302,6959,tx,2437.6,209.0,651.9,,,1,0,0,1
907132005272800,1790932792.148889,7148,tx,3895.0,199.6,361.1,,,1,0,0,1
907132144651600,1790932792.288269,7288,tx,1855.5,248.0,459.9,,,1,0,0,1
907132284738900,1790932792.428357,7428,tx,1460.2,208.6,612.0,,,1,0,0,1
907132426601400,1790932792.570221,7570,tx,1955.1,302.9,573.8,,,1,0,0,1
907132569080200,1790932792.712702,7712,tx,2153.1,167.4,400.7,,,1,0,0,1
907132708037300,1790932792.851660,7851,tx,1268.0,187.8,381.5,,,1,0,0,1
907132850166700,1790932792.993791,7993,tx,2366.7,443.3,937.5,,,1,0,0,1
907132990792100,1790932793.134418,8134,tx,8216.6,228.4,572.1,,,1,0,0,1
907133132336000,1790932793.275963,8275,tx,1184.0,199.0,395.0,,,1,0,0,1
907133274540100,1790932793.418169,8418,tx,1610.7,360.1,670.6,,,1,0,0,1
907133416283500,1790932793.559913,8559,tx,2461.2,256.5,580.2,,,1,0,0,1
907133556524700,1790932793.700156,8700,tx,1868.4,380.7,657.1,,,1,0,0,1
907133696841100,1790932793.840474,8840,tx,2005.8,184.3,373.7,,,1,0,0,1
907133838306800,1790932793.981941,8981,tx,2557.6,402.9,750.1,,,1,0,0,1
907133997435800,1790932794.141072,9141,tx,1264.7,201.1,365.5,,,1,0,0,1
907134135577500,1790932794.279215,9279,tx,1450.5,393.8,587.9,,,1,0,0,1
907134276098100,1790932794.419737,9419,tx,1278.9,222.9,439.6,,,1,0,0,1
907134418493000,1790932794.562134,9562,tx,56077.5,392.4,628.9,,,1,0,0,1
907134606948800,1790932794.750591,9750,tx,3016.9,268.1,847.8,,,1,0,0,1
907134746372300,1790932794.890016,9890,tx,11049.2,404.4,754.0,,,1,0,0,1
907134883511800,1790932795.027157,10027,tx,2526.0,261.2,655.8,,,1,0,0,1
907135028426300,1790932795.172073,10172,tx,1550.0,434.1,698.2,,,1,0,0,1
907135169959500,1790932795.313608,10313,tx,1222.3,249.3,442.2,,,1,0,0,1
907135311121300,1790932795.454771,10454,tx,1273.0,173.6,348.9,,,1,0,0,1
907135501082200,1790932795.644734,10644,tx,9062.4,139.9,724.9,,,1,0,0,1
907135640691100,1790932795.784344,10784,tx,1745.3,166.3,453.0,,,1,0,0,1
907135782153000,1790932795.925808,10925,tx,1391.9,195.4,434.0,,,1,0,0,1
907135922249100,1790932796.065905,11065,tx,2367.8,175.6,586.8,,,1,0,0,1
907136062176200,1790932796.205834,11205,tx,2338.6,182.1,438.2,,,1,0,0,1
907136203486200,1790932796.347145,11347,tx,2078.7,432.7,708.6,,,1,0,0,1
907136346935200,1790932796.490596,11490,tx,2344.4,229.3,873.0,,,1,0,0,1
907136504480000,1790932796.648143,11648,tx,1270.7,209.4,368.2,,,1,0,0,1
907136642959400,1790932796.786623,11786,tx,1982.2,237.6,501.1,,,1,0,0,1
907136783133300,1790932796.926798,11926,tx,4414.7,301.6,971.2,,,1,0,0,1
907136924591000,1790932797.068257,12068,tx,73987.8,311.0,811.5,,,1,0,0,1
907137100461400,1790932797.244129,12244,tx,4820.3,285.7,1152.4,,,1,0,0,1
907137237548900,1790932797.381219,12381,tx,2061.4,338.8,661.3,,,1,0,0,1
907137379078000,1790932797.522750,12522,tx,1360.6,251.6,438.1,,,1,0,0,1
907137520544600,1790932797.664218,12664,tx,2010.1,400.7,549.2,,,1,0,0,1
907137661269000,1790932797.804943,12804,tx,1485.5,167.5,517.8,,,1,0,0,1
907137803617500,1790932797.947293,12947,tx,9619.8,1013.6,1250.6,,,1,0,0,1
907137943819200,1790932798.087497,13087,tx,62674.6,227.4,431.9,,,1,0,0,1
907138131137000,1790932798.274816,13274,tx,6420.7,232.6,384.4,,,1,0,0,1
907138273636200,1790932798.417317,13417,tx,1956.5,339.2,559.2,,,1,0,0,1
907138414587500,1790932798.558270,13558,tx,1675.8,390.2,624.3,,,1,0,0,1
907138556493400,1790932798.700177,13700,tx,1767.2,257.7,442.4,,,1,0,0,1
907138698858300,1790932798.842543,13842,tx,1365.6,160.2,364.7,,,1,0,0,1
907138839672300,1790932798.983359,13983,tx,1501.2,275.0,512.8,,,1,0,0,1
907138993501600,1790932799.137190,14137,tx,2510.1,473.8,743.2,,,1,0,0,1
907139136258700,1790932799.279948,14279,tx,1332.4,242.8,439.8,,,1,0,0,1
907139276964100,1790932799.420655,14420,tx,1428.9,224.9,440.3,,,1,0,0,1
907139432712100,1790932799.576405,14576,tx,1594.2,299.6,488.3,,,1,0,0,1
907139570693200,1790932799.714387,14714,tx,1269.5,212.7,505.9,,,1,0,0,1
907139711430100,1790932799.855126,14855,tx,1172.0,182.5,372.1,,,1,0,0,1
907139850176500,1790932799.993873,14993,tx,2648.8,381.5,1007.3,,,1,0,0,1
907140001154500,1790932800.144853,144,tx,2841.1,297.3,708.3,,,1,0,0,1
907140149710400,1790932800.293411,293,tx,1253.0,211.2,433.5,,,1,0,0,1
907140294969900,1790932800.438671,438,tx,1840.8,221.1,642.7,,,1,0,0,1
907140439031800,1790932800.582735,582,tx,27179.7,230.0,434.7,,,1,0,0,1
907140581410700,1790932800.725115,725,tx,1164.6,125.7,303.3,,,1,0,0,1
907140724065900,1790932800.867772,867,tx,1938.4,219.8,528.9,,,1,0,0,1
907140866277400,1790932801.009985,1009,tx,24257.4,240.6,521.1,,,1,0,0,1
907141010271600,1790932801.153981,1153,tx,7388.5,195.7,339.5,,,1,0,0,1
907141161029200,1790932801.304739,1304,tx,1668.4,221.4,484.7,,,1,0,0,1
907141302283800,1790932801.445995,1445,tx,12479.8,324.5,858.9,,,1,0,0,1
907141506437900,1790932801.650152,1650,tx,1251.5,180.3,284.2,,,1,0,0,1
907141661406400,1790932801.805122,1805,tx,1550.9,209.7,438.3,,,1,0,0,1
907141802834000,1790932801.946551,1946,tx,2166.7,219.6,513.2,,,1,0,0,1
907141945721400,1790932802.089440,2089,tx,33145.7,188.1,472.9,,,1,0,0,1
907142085303300,1790932802.229024,2229,tx,1216.0,192.5,406.0,,,1,0,0,1
907142226445000,1790932802.370167,2370,tx,1553.9,191.0,398.3,,,1,0,0,1
907142366552500,1790932802.510276,2510,tx,1599.8,396.9,628.9,,,1,0,0,1
907142504241900,1790932802.647967,2647,tx,10158.0,289.4,580.5,,,1,0,0,1
907142643733900,1790932802.787460,2787,tx,2295.0,169.5,867.9,,,1,0,0,1
907142783325000,1790932802.927052,2927,tx,1328.5,178.6,386.9,,,1,0,0,1
907142922246700,1790932803.065976,3065,tx,1527.9,146.1,468.5,,,1,0,0,1
907143064536100,1790932803.208267,3208,tx,2153.2,236.2,648.5,,,1,0,0,1
907143205793600,1790932803.349525,3349,tx,1487.8,233.9,462.4,,,1,0,0,1
907143349291300,1790932803.493025,3493,tx,2021.4,241.3,488.4,,,1,0,0,1
907143491284100,1790932803.635019,3635,tx,9156.6,195.8,391.2,,,1,0,0,1
907143649755100,1790932803.793492,3793,tx,1405.3,277.8,460.1,,,1,0,0,1
907143789578700,1790932803.933317,3933,tx,2495.9,282.9,583.1,,,1,0,0,1
907143931376500,1790932804.075116,4075,tx,75338.5,243.7,471.4,,,1,0,0,1
907144133562900,1790932804.277304,4277,tx,2103.2,244.4,511.1,,,1,0,0,1
907144279906200,1790932804.423649,4423,tx,1287.1,213.7,386.3,,,1,0,0,1
907144419957800,1790932804.563702,4563,tx,1705.0,258.9,500.6,,,1,0,0,1
907144560824300,1790932804.704571,4704,tx,2073.4,232.2,418.6,,,1,0,0,1
907144716604700,1790932804.860352,4860,tx,1659.3,325.5,536.6,,,1,0,0,1
907144872984300,1790932805.016734,5016,tx,1168.0,206.5,381.7,,,1,0,0,1
907145014718400,1790932805.158469,5158,tx,1256.9,215.7,455.1,,,1,0,0,1
907145155453600,1790932805.299206,5299,tx,1349.4,189.9,390.3,,,1,0,0,1
907145311217800,1790932805.454972,5454,tx,1334.9,210.6,408.1,,,1,0,0,1
907145451062900,1790932805.594818,5594,tx,55223.1,165.0,410.5,,,1,0,0,1
907145608463000,1790932805.752220,5752,tx,1653.3,327.3,679.4,,,1,0,0,1
907145749824500,1790932805.893583,5893,tx,1758.3,205.5,474.2,,,1,0,0,1
907145906237600,1790932806.049998,6049,tx,5229.1,183.1,383.1,,,1,0,0,1
907146061698300,1790932806.205459,6205,tx,1805.4,328.9,538.7,,,1,0,0,1
907146203386300,1790932806.347149,6347,tx,3109.9,273.8,768.5,,,1,0,0,1
907146347213700,1790932806.490978,6490,tx,1383.4,224.6,385.7,,,1,0,0,1
907146489207700,1790932806.632974,6632,tx,1325.9,224.8,417.4,,,1,0,0,1
907146631240000,1790932806.775007,6775,tx,2014.5,193.8,484.9,,,1,0,0,1
907146772344600,1790932806.916113,6916,tx,12766.6,264.2,1338.2,,,1,0,0,1
907146914614000,1790932807.058384,7058,tx,1470.4,300.4,504.8,,,1,0,0,1
907147054549600,1790932807.198322,7198,tx,1384.8,154.4,361.4,,,1,0,0,1
907147195205000,1790932807.338978,7338,tx,3866.7,460.3,875.9,,,1,0,0,1
907147337943700,1790932807.481719,7481,tx,1519.9,259.9,480.9,,,1,0,0,1
907147497210700,1790932807.640987,7640,tx,1995.2,211.7,377.7,,,1,0,0,1
907147637035800,1790932807.780814,7780,tx,1953.2,191.4,467.3,,,1,0,0,1
907147776509300,1790932807.920289,7920,tx,1285.8,202.7,369.3,,,1,0,0,1
907147915083900,1790932808.058865,8058,tx,1374.6,210.1,396.4,,,1,0,0,1
907148054651400,1790932808.198434,8198,tx,1201.0,352.5,507.9,,,1,0,0,1
907148194249700,1790932808.338034,8338,tx,9638.3,368.0,786.9,,,1,0,0,1
907148332407600,1790932808.476193,8476,tx,1782.6,404.6,643.7,,,1,0,0,1
907148502929100,1790932808.646716,8646,tx,2141.4,303.6,492.9,,,1,0,0,1
907148660145400,1790932808.803934,8803,tx,1507.7,185.7,389.8,,,1,0,0,1
907148799961900,1790932808.943752,8943,tx,1839.0,228.1,358.7,,,1,0,0,1
907148938423600,1790932809.082215,9082,tx,59010.1,202.4,424.7,,,1,0,0,1
907149129130100,1790932809.272924,9272,tx,2542.5,237.8,452.8,,,1,0,0,1
907149281287900,1790932809.425083,9425,tx,10254.6,202.7,504.2,,,1,0,0,1
907149438019100,1790932809.581815,9581,tx,27987.6,256.1,495.8,,,1,0,0,1
907149592916000,1790932809.736715,9736,tx,1579.8,259.9,500.5,,,1,0,0,1
907149733833500,1790932809.877634,9877,tx,1717.0,246.1,568.4,,,1,0,0,1
907149874435200,1790932810.018236,10018,tx,1505.9,178.3,406.3,,,1,0,0,1
907150031417000,1790932810.175220,10175,tx,1643.6,184.2,389.9,,,1,0,0,1
907150187590200,1790932810.331395,10331,tx,1310.4,402.8,586.4,,,1,0,0,1
907150329706700,1790932810.473513,10473,tx,1414.2,328.7,525.2,,,1,0,0,1
907150497992000,1790932810.641800,10641,tx,1286.5,182.0,357.8,,,1,0,0,1
907150641370000,1790932810.785179,10785,tx,1585.8,187.1,405.6,,,1,0,0,1
907150782933000,1790932810.926744,10926,tx,1883.1,192.7,386.2,,,1,0,0,1
907150923879400,1790932811.067691,11067,tx,39549.6,305.7,1171.5,,,1,0,0,1
907151064527700,1790932811.208341,11208,tx,2038.2,315.0,655.5,,,1,0,0,1
907151203558400,1790932811.347374,11347,tx,1673.1,402.2,610.8,,,1,0,0,1
907151344322900,1790932811.488140,11488,tx,1463.0,151.7,311.9,,,1,0,0,1
907151511668000,1790932811.655486,11655,tx,10744.7,221.1,431.1,,,1,0,0,1
907151652621200,1790932811.796441,11796,tx,1941.3,194.7,492.7,,,1,0,0,1
907151793965400,1790932811.937787,11937,tx,1752.1,234.1,563.0,,8899.4,1,0,0,1
907151949412500,1790932812.093236,12093,idle,50892.5,220.7,432.7,,,0,0,0,0
907152159032600,1790932812.302858,12302,idle,10957.3,,,,,0,0,0,0
907152309772800,1790932812.453582,12453,idle,2246.6,,,,,0,0,0,0
907152475557400,1790932812.619386,12619,tx,153808.2,,,,,1,0,0,1
907152728985600,1790932812.872816,12872,tx,2710.8,296.1,872.3,,,1,0,0,1
907152874705400,1790932813.018538,13018,tx,1639.5,188.8,506.4,,,1,0,0,1
907153031538000,1790932813.175372,13175,tx,2569.0,415.5,608.2,,,1,0,0,1
907153171781100,1790932813.315617,13315,tx,1750.3,182.1,455.4,,,1,0,0,1
907153315118500,1790932813.458955,13458,tx,3591.9,441.5,886.0,,,1,0,0,1
907153463111500,1790932813.606950,13606,tx,1251.8,182.0,321.4,,,1,0,0,1
907153610495700,1790932813.754336,13754,tx,1640.1,368.0,594.5,,,1,0,0,1
907153750263300,1790932813.894104,13894,tx,1751.3,230.4,501.8,,,1,0,0,1
907153896578700,1790932814.040422,14040,tx,16309.7,266.6,664.9,,,1,0,0,1
907154047223100,1790932814.191068,14191,tx,1130.5,224.3,409.0,,,1,0,0,1
907154187893600,1790932814.331739,14331,tx,1233.2,236.2,415.2,,,1,0,0,1
907154330902400,1790932814.474750,14474,tx,1570.6,212.9,457.6,,,1,0,0,1
907154502742400,1790932814.646592,14646,tx,8593.9,199.3,378.4,,,1,0,0,1
907154656540000,1790932814.800391,14800,tx,1315.1,210.9,388.5,,,1,0,0,1
907154798211900,1790932814.942065,14942,tx,1319.3,233.9,436.4,,,1,0,0,1
907154941796500,1790932815.085650,85,tx,27309.2,234.2,496.7,,,1,0,0,1
907155085905200,1790932815.229760,229,tx,11665.0,326.1,1127.9,,,1,0,0,1
907155231372600,1790932815.375230,375,tx,1124.1,233.1,400.4,,,1,0,0,1
907155374115600,1790932815.517974,517,tx,1532.1,212.2,442.5,,,1,0,0,1
907155517456800,1790932815.661317,661,tx,7823.4,420.2,604.3,,,1,0,0,1
907155663061000,1790932815.806922,806,tx,1190.8,199.3,406.0,,,1,0,0,1
907155807364500,1790932815.951228,951,tx,1155.8,213.9,387.4,,,1,0,0,1
907155952037400,1790932816.095902,1095,tx,57142.2,247.8,528.5,,,1,0,0,1
907156111448300,1790932816.255315,1255,tx,1266.3,204.8,351.7,,,1,0,0,1
907156252188000,1790932816.396056,1396,tx,1465.8,168.1,433.5,,,1,0,0,1
907156394867800,1790932816.538736,1538,tx,13198.9,258.6,736.9,,,1,0,0,1
907156535665400,1790932816.679536,1679,tx,1283.6,184.5,458.8,,,1,0,0,1
907156676002300,1790932816.819874,1819,tx,1270.1,225.5,436.9,,,1,0,0,1
907156818630000,1790932816.962503,1962,tx,5049.3,222.8,708.3,,,1,0,0,1
907156958913400,1790932817.102788,2102,tx,44599.4,235.1,438.4,,,1,0,0,1
907157111267700,1790932817.255144,2255,tx,1581.1,199.5,351.3,,,1,0,0,1
907157260239500,1790932817.404117,2404,tx,1408.5,253.5,432.6,,,1,0,0,1
907157403250900,1790932817.547131,2547,tx,1250.2,210.6,386.7,,,1,0,0,1
907157545757100,1790932817.689638,2689,tx,1250.4,269.3,461.3,,,1,0,0,1
907157702723000,1790932817.846606,2846,tx,1452.8,296.4,467.5,,,1,0,0,1
907157844394700,1790932817.988277,2988,tx,2127.7,410.9,710.5,,,1,0,0,1
907157985493500,1790932818.129379,3129,tx,1478.9,409.7,662.0,,,1,0,0,1
907158127595700,1790932818.271483,3271,tx,2431.7,262.0,582.4,,,1,0,0,1
907158270204600,1790932818.414093,3414,tx,1129.4,175.0,355.6,,,1,0,0,1
907158411625500,1790932818.555515,3555,tx,1471.4,204.0,430.7,,,1,0,0,1
907158552609000,1790932818.696500,3696,tx,1503.7,321.0,515.4,,,1,0,0,1
907158694746000,1790932818.838639,3838,tx,8776.2,185.7,408.6,,,1,0,0,1
907158850237000,1790932818.994132,3994,tx,1272.2,101.8,252.6,,,1,0,0,1
907158999943100,1790932819.143840,4143,tx,1460.2,253.5,408.5,,,1,0,0,1
907159143395800,1790932819.287293,4287,tx,11708.1,236.9,673.9,,,1,0,0,1
907159284084500,1790932819.427984,4427,tx,1615.8,249.8,580.4,,,1,0,0,1
907159423881000,1790932819.567782,4567,tx,1305.5,210.2,461.7,,,1,0,0,1
907159565520600,1790932819.709422,4709,tx,13665.7,410.5,674.4,,,1,0,0,1
907159707554400,1790932819.851458,4851,tx,1252.9,397.6,561.4,,,1,0,0,1
907159848909400,1790932819.992814,4992,tx,1277.5,224.0,416.6,,,1,0,0,1
907160011858700,1790932820.155766,5155,tx,4376.1,207.7,447.7,,,1,0,0,1
907160162445100,1790932820.306353,5306,tx,1618.1,453.5,687.4,,,1,0,0,1
907160303914700,1790932820.447824,5447,tx,1422.7,278.4,484.9,,,1,0,0,1
907160445085500,1790932820.588996,5588,tx,86824.7,262.0,653.0,,,1,0,0,1
907160649557200,1790932820.793470,5793,tx,5843.9,256.6,970.9,,,1,0,0,1
907160805154800,1790932820.949070,5949,tx,1319.4,182.6,387.4,,,1,0,0,1
907160947016200,1790932821.090932,6090,tx,1333.5,147.8,380.9,,,1,0,0,1
907161087263300,1790932821.231181,6231,tx,1062.9,268.0,447.0,,,1,0,0,1
907161227391400,1790932821.371311,6371,tx,1194.9,189.7,355.0,,,1,0,0,1
907161369250500,1790932821.513171,6513,tx,2961.2,255.1,1074.3,,,1,0,0,1
907161525086000,1790932821.669009,6669,tx,1297.8,248.1,436.5,,,1,0,0,1
907161664868900,1790932821.808793,6808,tx,2077.7,283.5,593.9,,,1,0,0,1
907161806802900,1790932821.950728,6950,tx,2117.7,257.2,785.1,,,1,0,0,1
907161946511500,1790932822.090438,7090,tx,1606.4,347.6,556.6,,,1,0,0,1
907162084882200,1790932822.228811,7228,tx,8636.6,230.9,596.1,,,1,0,0,1
907162223972100,1790932822.367902,7367,tx,1497.7,225.1,474.4,,,1,0,0,1
907162366670600,1790932822.510602,7510,tx,1950.6,241.7,591.4,,,1,0,0,1
907162506035700,1790932822.649968,7649,tx,1199.2,227.2,435.5,,,1,0,0,1
907162646618300,1790932822.790553,7790,tx,1953.3,403.2,616.8,,,1,0,0,1
907162787992300,1790932822.931928,7931,tx,1522.5,226.1,485.4,,,1,0,0,1
907162930003500,1790932823.073941,8073,tx,1389.2,228.4,432.3,,,1,0,0,1
907163069513000,1790932823.213452,8213,tx,8975.8,408.8,644.6,,,1,0,0,1
907163211811600,1790932823.355752,8355,tx,1059.9,283.9,430.6,,,1,0,0,1
907163353069900,1790932823.497011,8497,tx,1513.5,221.3,417.1,,,1,0,0,1
907163534416800,1790932823.678360,8678,tx,1239.7,238.3,374.5,,,1,0,0,1
907163680899100,1790932823.824844,8824,tx,1282.6,144.4,351.9,,,1,0,0,1
907163823507900,1790932823.967454,8967,tx,3726.7,318.9,1057.4,,,1,0,0,1
907163964634400,1790932824.108582,9108,tx,26964.2,384.6,549.1,,,1,0,0,1
907164104710800,1790932824.248660,9248,tx,1458.0,203.4,544.1,,,1,0,0,1
907164245235000,1790932824.389186,9389,tx,1455.0,211.1,409.1,,,1,0,0,1
907164386099500,1790932824.530051,9530,tx,6765.7,288.9,671.1,,,1,0,0,1
907164525417900,1790932824.669372,9669,tx,1953.6,194.9,436.2,,,1,0,0,1
907164666987200,1790932824.810943,9810,tx,1230.3,178.8,365.7,,,1,0,0,1
907164808010800,1790932824.951967,9951,tx,2963.5,235.1,622.8,,,1,0,0,1
907164948020300,1790932825.091978,10091,tx,1650.1,255.4,440.6,,,1,0,0,1
907165087378500,1790932825.231338,10231,tx,1793.3,402.6,690.7,,,1,0,0,1
907165228245300,1790932825.372206,10372,tx,1517.6,243.8,492.0,,,1,0,0,1
907165368261400,1790932825.512223,10512,tx,13333.2,238.8,466.3,,,1,0,0,1
907165510332500,1790932825.654297,10654,tx,1419.3,174.9,337.7,,,1,0,0,1
907165650387200,1790932825.794352,10794,tx,2285.4,467.1,744.7,,,1,0,0,1
907165791491400,1790932825.935458,10935,tx,2481.8,322.9,647.4,,,1,0,0,1
907165931766500,1790932826.075735,11075,tx,1226.9,178.1,385.0,,,1,0,0,1
907166072489900,1790932826.216460,11216,tx,1648.1,380.3,714.9,,,1,0,0,1
907166214815900,1790932826.358787,11358,tx,1922.8,320.8,618.3,,,1,0,0,1
907166356837800,1790932826.500810,11500,tx,3654.9,243.6,439.5,,,1,0,0,1
907166534701400,1790932826.678676,11678,tx,1349.5,317.7,461.3,,,1,0,0,1
907166685140200,1790932826.829116,11829,tx,12966.6,433.7,810.0,,,1,0,0,1
907166826366500,1790932826.970344,11970,tx,1217.3,180.8,391.8,,,1,0,0,1
907166981491300,1790932827.125471,12125,tx,1284.1,215.6,364.2,,,1,0,0,1
907167124254500,1790932827.268235,12268,tx,1852.2,233.6,540.3,,,1,0,0,1
907167264955700,1790932827.408938,12408,tx,1532.2,200.1,440.7,,,1,0,0,1
907167406779400,1790932827.550762,12550,tx,3836.1,359.7,842.7,,,1,0,0,1
907167548370800,1790932827.692356,12692,tx,12047.8,429.7,738.2,,,1,0,0,1
907167706538100,1790932827.850525,12850,tx,1454.3,390.9,621.1,,,1,0,0,1
907167847320500,1790932827.991309,12991,tx,1271.7,171.7,370.5,,,1,0,0,1
907168029210300,1790932828.173200,13173,tx,1601.2,227.9,394.0,,,1,0,0,1
907168176070200,1790932828.320062,13320,tx,2203.0,246.2,565.4,,,1,0,0,1
907168317594800,1790932828.461588,13461,tx,9117.9,342.9,578.8,,,1,0,0,1
907168459074800,1790932828.603069,13603,tx,26972.2,266.4,574.0,,,1,0,0,1
907168600613700,1790932828.744609,13744,tx,2842.5,204.8,695.8,,,1,0,0,1
907168742529800,1790932828.886527,13886,tx,1471.6,383.1,571.0,,,1,0,0,1
907168901417100,1790932829.045416,14045,tx,1276.8,211.7,401.2,,,1,0,0,1
907169041104300,1790932829.185105,14185,tx,1466.0,214.4,501.4,,,1,0,0,1
907169181895200,1790932829.325897,14325,tx,3144.6,397.4,1105.0,,,1,0,0,1
907169338410400,1790932829.482414,14482,tx,1422.3,252.1,433.9,,,1,0,0,1
907169527411200,1790932829.671417,14671,tx,2033.0,386.9,763.6,,,1,0,0,1
907169665535200,1790932829.809542,14809,tx,1800.8,316.6,554.6,,,1,0,0,1
907169806444100,1790932829.950453,14950,tx,1603.5,342.6,705.8,,,1,0,0,1
907169947234100,1790932830.091244,91,tx,1266.5,222.3,444.0,,,1,0,0,1
907170090764100,1790932830.234775,234,tx,1811.8,211.6,509.4,,,1,0,0,1
907170234483900,1790932830.378497,378,tx,1838.0,267.0,562.8,,,1,0,0,1
907170379720500,1790932830.523735,523,tx,1686.4,245.4,469.8,,,1,0,0,1
907170524331200,1790932830.668347,668,tx,3005.9,328.4,1613.2,,,1,0,0,1
907170667710900,1790932830.811728,811,tx,1378.2,269.0,493.9,,,1,0,0,1
907170811318700,1790932830.955338,955,tx,2079.0,206.4,813.2,,,1,0,0,1
907170955186100,1790932831.099206,1099,tx,71924.5,233.3,466.7,,,1,0,0,1
907171145008600,1790932831.289032,1289,tx,1367.4,253.8,479.3,,,1,0,0,1
907171284493400,1790932831.428518,1428,tx,1267.8,190.0,376.8,,,1,0,0,1
907171422909000,1790932831.566934,1566,tx,1598.9,204.4,409.7,,,1,0,0,1
907171564481500,1790932831.708508,1708,tx,1765.2,407.5,625.7,,,1,0,0,1
907171703766400,1790932831.847795,1847,tx,11691.7,284.1,601.7,,,1,0,0,1
907171844569500,1790932831.988599,1988,tx,1573.3,392.3,624.6,,,1,0,0,1
907172003483000,1790932832.147515,2147,tx,1124.1,219.3,374.9,,,1,0,0,1
907172144672000,1790932832.288705,2288,tx,8314.7,319.3,495.3,,,1,0,0,1
907172284897900,1790932832.428932,2428,tx,1087.3,210.9,393.9,,,1,0,0,1
907172422960800,1790932832.566997,2566,tx,1212.2,180.0,340.4,,,1,0,0,1
907172562476300,1790932832.706513,2706,tx,3792.5,225.7,877.0,,,1,0,0,1
907172702494300,1790932832.846533,2846,tx,2614.3,428.9,631.0,,,1,0,0,1
907172843284000,1790932832.987324,2987,tx,1662.7,280.7,552.1,,,1,0,0,1
907172983540800,1790932833.127583,3127,tx,1917.1,433.6,574.6,,,1,0,0,1
907173123558100,1790932833.267601,3267,tx,1813.6,255.7,548.3,,,1,0,0,1
907173264954000,1790932833.408999,3408,tx,3134.0,216.1,508.0,,,1,0,0,1
907173405058600,1790932833.549105,3549,tx,1396.8,153.0,384.7,,,1,0,0,1
907173546540000,1790932833.690587,3690,tx,1509.3,244.1,637.5,,,1,0,0,1
907173690184400,1790932833.834233,3834,tx,1987.6,250.3,628.2,,,1,0,0,1
907173830230900,1790932833.974281,3974,tx,1702.4,205.3,515.9,,,1,0,0,1
907174025917900,1790932834.169971,4169,tx,1625.6,213.9,424.1,,,1,0,0,1
907174173432600,1790932834.317487,4317,tx,2285.2,437.0,701.7,,,1,0,0,1
907174331022200,1790932834.475078,4475,tx,10082.0,254.1,541.2,,,1,0,0,1
907174479521400,1790932834.623579,4623,tx,1881.2,193.1,347.8,,,1,0,0,1
907174628437400,1790932834.772496,4772,tx,1935.4,403.2,657.0,,,1,0,0,1
907174770290700,1790932834.914351,4914,tx,5901.0,198.6,333.4,,,1,0,0,1
907174924789700,1790932835.068851,5068,tx,2078.7,230.4,421.0,,,1,0,0,1
907175064826400,1790932835.208889,5208,tx,1619.2,276.3,495.3,,,1,0,0,1
907175205020800,1790932835.349086,5349,tx,8837.8,244.8,467.8,,,1,0,0,1
907175360288600,1790932835.504355,5504,tx,2413.4,472.6,730.3,,,1,0,0,1
907175527189500,1790932835.671258,5671,tx,1872.1,239.0,540.4,,,1,0,0,1
907175671718600,1790932835.815788,5815,tx,1356.0,239.7,415.4,,,1,0,0,1
907175808965800,1790932835.953037,5953,tx,1350.7,164.1,297.5,,,1,0,0,1
907175950528400,1790932836.094601,6094,tx,1444.0,346.4,505.0,,,1,0,0,1
907176107279000,1790932836.251353,6251,tx,1175.0,145.5,294.1,,,1,0,0,1
907176247915700,1790932836.391992,6391,tx,1116.9,177.7,338.0,,,1,0,0,1
907176387539900,1790932836.531617,6531,tx,1754.8,259.5,709.3,,,1,0,0,1
907176526485500,1790932836.670564,6670,tx,9824.0,349.7,554.6,,,1,0,0,1
907176667698600,1790932836.811779,6811,tx,1746.9,183.4,443.6,,,1,0,0,1
907176824602500,1790932836.968684,6968,tx,1206.4,231.8,527.1,,,1,0,0,1
907176967633700,1790932837.111717,7111,tx,65780.7,328.2,544.5,,,1,0,0,1
907177151638300,1790932837.295723,7295,tx,1716.5,232.6,684.1,,,1,0,0,1
907177296273000,1790932837.440359,7440,tx,10164.5,184.3,410.7,,,1,0,0,1
907177437380500,1790932837.581469,7581,tx,1383.4,200.9,400.3,,,1,0,0,1
907177578818100,1790932837.722907,7722,tx,1568.8,262.0,497.5,,,1,0,0,1
907177719266600,1790932837.863358,7863,tx,7506.1,154.3,310.7,,,1,0,0,1
907177856867400,1790932838.000960,8000,tx,1090.7,179.6,335.6,,,1,0,0,1
907178004039500,1790932838.148134,8148,tx,1284.2,179.7,345.9,,,1,0,0,1
907178153150300,1790932838.297246,8297,tx,1007.5,165.7,337.7,,,1,0,0,1
907178293669400,1790932838.437766,8437,tx,1117.0,298.8,454.3,,,1,0,0,1
907178430769000,1790932838.574867,8574,tx,1607.8,211.9,542.7,,,1,0,0,1
907178575224100,1790932838.719324,8719,tx,1389.3,229.5,486.2,,,1,0,0,1
907178732071100,1790932838.876173,8876,tx,1641.8,187.6,406.8,,,1,0,0,1
907178888493800,1790932839.032597,9032,tx,1573.2,426.1,629.7,,,1,0,0,1
907179029631100,1790932839.173735,9173,tx,2135.4,255.2,712.4,,,1,0,0,1
907179173456500,1790932839.317563,9317,tx,1602.8,416.9,606.2,,,1,0,0,1
907179314710000,1790932839.458818,9458,tx,1296.8,268.7,460.0,,,1,0,0,1
907179456157500,1790932839.600266,9600,tx,49749.2,206.3,1071.4,,,1,0,0,1
907179616315700,1790932839.760427,9760,tx,1616.0,403.7,804.7,,,1,0,0,1
907179753365000,1790932839.897477,9897,tx,2446.0,482.4,773.1,,,1,0,0,1
907179891582900,1790932840.035696,10035,tx,1475.9,244.1,622.6,,,1,0,0,1
907180049113600,1790932840.193229,10193,tx,1530.0,249.7,454.5,,,1,0,0,1
907180189918200,1790932840.334034,10334,tx,3144.6,200.8,599.9,,,1,0,0,1
907180331589900,1790932840.475708,10475,tx,2649.3,220.2,760.5,,,1,0,0,1
907180483037300,1790932840.627157,10627,tx,1467.9,215.5,408.8,,,1,0,0,1
907180632685000,1790932840.776806,10776,tx,1483.5,263.6,495.9,,,1,0,0,1
907180772973000,1790932840.917096,10917,tx,1326.0,181.2,510.5,,,1,0,0,1
907180927678300,1790932841.071803,11071,tx,1581.6,352.5,520.7,,,1,0,0,1
907181069590900,1790932841.213717,11213,tx,1570.5,373.7,596.3,,,1,0,0,1
907181210946600,1790932841.355073,11355,tx,2642.0,288.6,862.0,,,1,0,0,1
907181350130900,1790932841.494260,11494,tx,1351.2,198.2,381.9,,,1,0,0,1
907181528775200,1790932841.672906,11672,tx,1303.1,198.1,404.4,,,1,0,0,1
907181677582600,1790932841.821715,11821,tx,1551.1,393.0,559.0,,,1,0,0,1
907181820191300,1790932841.964325,11964,tx,1814.8,251.0,501.4,,,1,0,0,1
907181960162800,1790932842.104298,12104,tx,27215.4,154.9,340.8,,,1,0,0,1
907182110954700,1790932842.255091,12255,tx,1422.2,206.7,357.9,,,1,0,0,1
907182259066100,1790932842.403204,12403,tx,1481.8,254.7,477.9,,,1,0,0,1
907182402405000,1790932842.546543,12546,tx,3824.6,233.8,664.8,,,1,0,0,1
907182542397300,1790932842.686538,12686,tx,9495.9,414.8,664.8,,,1,0,0,1
907182684258200,1790932842.828401,12828,tx,1311.4,145.4,334.3,,,1,0,0,1
907182825493100,1790932842.969637,12969,tx,1759.2,354.3,602.1,,,1,0,0,1
907182966052100,1790932843.110197,13110,tx,66907.4,267.4,1308.2,,,1,0,0,1
907183151420600,1790932843.295568,13295,tx,1887.6,422.8,688.0,,,1,0,0,1
907183294835500,1790932843.438984,13438,tx,2792.0,254.6,686.0,,,1,0,0,1
907183434940200,1790932843.579090,13579,tx,1988.2,194.0,475.0,,,1,0,0,1
907183575771500,1790932843.719923,13719,tx,1371.9,208.8,440.1,,,1,0,0,1
907183717213200,1790932843.861366,13861,tx,1720.0,250.3,528.6,,,1,0,0,1
907183859638700,1790932844.003793,14003,tx,1712.6,270.6,482.8,,,1,0,0,1
907184004176800,1790932844.148333,14148,tx,1547.5,265.0,474.7,,,1,0,0,1
907184155839000,1790932844.299996,14299,tx,2084.2,172.9,357.7,,,1,0,0,1
907184294977800,1790932844.439137,14439,tx,11957.6,221.5,510.5,,,1,0,0,1
907184452265800,1790932844.596427,14596,tx,1245.2,190.6,380.1,,,1,0,0,1
907184590860600,1790932844.735023,14735,tx,1324.2,212.4,406.9,,,1,0,0,1
907184733080100,1790932844.877244,14877,tx,1149.2,220.1,418.7,,,1,0,0,1
907184875729000,1790932845.019894,19,tx,1348.2,202.9,429.4,,,1,0,0,1
907185019177100,1790932845.163344,163,tx,1367.5,252.0,437.6,,,1,0,0,1
907185165124700,1790932845.309293,309,tx,8972.9,193.8,523.8,,,1,0,0,1
907185308487700,1790932845.452657,452,tx,1345.3,401.0,614.1,,,1,0,0,1
907185452567300,1790932845.596739,596,tx,1329.6,424.2,621.2,,,1,0,0,1
907185598164700,1790932845.742337,742,tx,1661.7,233.5,423.3,,,1,0,0,1
907185742307800,1790932845.886482,886,tx,1415.8,201.8,410.9,,,1,0,0,1
907185885743300,1790932846.029919,1029,tx,2299.3,287.9,646.3,,,1,0,0,1
907186038746900,1790932846.182925,1182,tx,1887.8,245.9,632.6,,,1,0,0,1
907186185817300,1790932846.329996,1329,tx,1878.1,221.2,515.4,,,1,0,0,1
907186326903800,1790932846.471084,1471,tx,1487.6,218.2,408.3,,,1,0,0,1
907186467329600,1790932846.611511,1611,tx,13539.2,183.4,422.6,,,1,0,0,1
907186608898100,1790932846.753082,1753,tx,6411.1,451.0,1135.5,,,1,0,0,1
907186748598600,1790932846.892784,1892,tx,1676.0,431.4,621.0,,,1,0,0,1
907186888289400,1790932847.032475,2032,tx,3339.0,262.5,700.7,,,1,0,0,1
907187029978000,1790932847.174166,2174,tx,1266.0,173.4,444.8,,,1,0,0,1
907187170181400,1790932847.314371,2314,tx,1864.1,191.2,468.8,,,1,0,0,1
907187311887700,1790932847.456078,2456,tx,2250.7,210.3,510.9,,,1,0,0,1
907187451747200,1790932847.595938,2595,tx,76430.8,277.9,852.0,,,1,0,0,1
907187628799000,1790932847.772993,2772,tx,1814.0,235.3,446.6,,,1,0,0,1
907187779581800,1790932847.923777,2923,tx,2836.6,238.7,639.1,,,1,0,0,1
907187921893700,1790932848.066090,3066,tx,14628.6,193.7,707.2,,,1,0,0,1
907188062906800,1790932848.207106,3207,tx,1572.3,183.4,407.9,,,1,0,0,1
907188206042300,1790932848.350241,3350,tx,4172.5,448.8,956.5,,,1,0,0,1
907188348937300,1790932848.493139,3493,tx,9554.6,251.2,478.3,,,1,0,0,1
907188508628700,1790932848.652832,3652,tx,2039.1,400.5,581.4,,,1,0,0,1
907188647049900,1790932848.791255,3791,tx,1274.5,223.8,427.2,,,1,0,0,1
907188787745700,1790932848.931952,3931,tx,11775.9,237.6,582.4,,,1,0,0,1
907188930150100,1790932849.074358,4074,tx,1188.2,241.7,412.8,,,1,0,0,1
907189072501300,1790932849.216709,4216,tx,1538.5,358.5,552.6,,,1,0,0,1
907189212307500,1790932849.356495,4356,tx,1908.0,225.2,412.8,,,1,0,0,1
907189351982600,1790932849.496195,4496,tx,1285.8,176.7,461.1,,,1,0,0,1
907189508399400,1790932849.652613,4652,tx,1935.2,387.5,617.5,,,1,0,0,1
907189650194900,1790932849.794410,4794,tx,1364.4,241.3,443.8,,,1,0,0,1
907189789185500,1790932849.933402,4933,tx,1487.2,203.8,495.3,,,1,0,0,1
907189929852900,1790932850.074070,5074,tx,1421.6,258.6,443.2,,,1,0,0,1
907190070023800,1790932850.214243,5214,tx,1430.0,224.0,527.0,,,1,0,0,1
907190212678300,1790932850.356899,5356,tx,1213.7,289.7,484.6,,,1,0,0,1
907190355047800,1790932850.499270,5499,tx,1219.8,197.8,364.9,,,1,0,0,1
907190531472700,1790932850.675697,5675,tx,8354.4,192.9,368.5,,,1,0,0,1
907190684351400,1790932850.828577,5828,tx,1204.8,155.1,322.1,,,1,0,0,1
907190824675500,1790932850.968902,5968,tx,2073.6,296.3,593.5,,,1,0,0,1
907190966110100,1790932851.110339,6110,tx,16610.9,203.0,385.4,,,1,0,0,1
907191106471300,1790932851.250702,6250,tx,1516.2,411.7,695.7,,,1,0,0,1
907191246476500,1790932851.390708,6390,tx,1971.6,448.7,633.6,,,1,0,0,1
907191388367300,1790932851.532600,6532,tx,1553.8,250.2,486.4,,,1,0,0,1
907191531149700,1790932851.675384,6675,tx,1321.3,203.0,374.4,,,1,0,0,1
907191673473800,1790932851.817710,6817,tx,1347.4,435.3,632.3,,,1,0,0,1
907191817089800,1790932851.961327,6961,tx,1410.8,219.6,415.4,,,1,0,0,1
907191957893300,1790932852.102133,7102,tx,71186.6,266.9,644.5,,,1,0,0,1
907192128776000,1790932852.273017,7273,tx,1744.3,274.8,518.1,,,1,0,0,1
907192269160900,1790932852.413403,7413,tx,2624.9,259.9,574.7,,,1,0,0,1
907192411173000,1790932852.555417,7555,tx,2239.4,428.4,835.2,,,1,0,0,1
907192551730100,1790932852.695976,7695,tx,1502.2,217.2,472.9,,,1,0,0,1
907192692492700,1790932852.836739,7836,tx,1950.8,366.7,620.8,,,1,0,0,1
907192836121900,1790932852.980370,7980,tx,11341.6,214.5,499.5,,,1,0,0,1
907193008616500,1790932853.152867,8152,tx,8143.8,261.8,462.3,,,1,0,0,1
907193149029700,1790932853.293280,8293,tx,3851.9,254.1,734.9,,,1,0,0,1
907193290132700,1790932853.434385,8434,tx,3037.2,307.7,594.3,,,1,0,0,1
907193431579400,1790932853.575834,8575,tx,1565.5,404.6,612.2,,,1,0,0,1
907193572158400,1790932853.716414,8716,tx,1775.2,281.5,542.0,,,1,0,0,1
907193714101000,1790932853.858358,8858,tx,12891.6,226.5,574.9,,,1,0,0,1
907193851751000,1790932853.996010,8996,tx,1702.1,242.4,609.1,,,1,0,0,1
907194000177000,1790932854.144438,9144,tx,1482.5,207.2,456.3,,,1,0,0,1
907194141376300,1790932854.285638,9285,tx,10430.6,376.9,654.7,,,1,0,0,1
907194285179500,1790932854.429443,9429,tx,1187.8,201.8,393.7,,,1,0,0,1
907194424770600,1790932854.569035,9569,tx,3513.0,279.5,671.5,,,1,0,0,1
907194564770500,1790932854.709037,9709,tx,1486.5,240.7,432.0,,,1,0,0,1
907194706808900,1790932854.851077,9851,tx,1479.2,235.2,452.6,,,1,0,0,1
907194851694200,1790932854.995963,9995,tx,2018.2,166.8,639.4,,,1,0,0,1
907195027440900,1790932855.171712,10171,tx,1419.3,203.2,399.0,,,1,0,0,1
907195178952600,1790932855.323225,10323,tx,1777.9,210.8,498.0,,,1,0,0,1
907195320191800,1790932855.464463,10464,tx,3582.0,356.5,841.7,,,1,0,0,1
907195460625400,1790932855.604901,10604,tx,27464.0,234.8,596.0,,,1,0,0,1
907195618342100,1790932855.762619,10762,tx,2074.2,424.5,778.9,,,1,0,0,1
907195760231200,1790932855.904510,10904,tx,1387.4,252.6,449.7,,,1,0,0,1
907195901464200,1790932856.045744,11045,tx,15741.7,277.7,611.5,,,1,0,0,1
907196043384200,1790932856.187666,11187,tx,1518.8,226.6,471.0,,,1,0,0,1
907196186013700,1790932856.330296,11330,tx,4206.1,246.6,591.9,,,1,0,0,1
907196341642000,1790932856.485926,11485,tx,1366.0,347.2,535.3,,,1,0,0,1
907196481674600,1790932856.625961,11625,tx,46717.8,197.6,427.3,,,1,0,0,1
907196631202500,1790932856.775490,11775,tx,1494.8,267.9,520.8,,,1,0,0,1
907196777015800,1790932856.921304,11921,tx,12489.3,322.5,670.0,,,1,0,0,1
907196932736700,1790932857.077028,12077,tx,1265.0,238.2,534.9,,,1,0,0,1
907197074831100,1790932857.219123,12219,tx,1440.0,236.0,486.7,,,1,0,0,1
907197217741300,1790932857.362035,12362,tx,5183.6,247.2,411.5,,,1,0,0,1
907197360269100,1790932857.504564,12504,tx,1313.8,175.8,400.9,,,1,0,0,1
907197502703700,1790932857.647001,12647,tx,1465.6,367.2,516.1,,,1,0,0,1
907197641428600,1790932857.785727,12785,tx,9389.0,223.1,420.9,,,1,0,0,1
907197783078400,1790932857.927378,12927,tx,1608.1,153.3,401.3,,,1,0,0,1
907197925469000,1790932858.069770,13069,tx,1631.2,255.1,597.9,,,1,0,0,1
907198066064100,1790932858.210366,13210,tx,1205.5,231.0,404.0,,,1,0,0,1
907198208240600,1790932858.352545,13352,tx,2051.8,226.1,501.8,,,1,0,0,1
907198349943900,1790932858.494249,13494,tx,1301.3,206.7,429.3,,,1,0,0,1
907198489933300,1790932858.634241,13634,tx,1510.8,177.1,375.9,,,1,0,0,1
907198630592400,1790932858.774900,13774,tx,7512.3,337.7,556.3,,,1,0,0,1
907198773159200,1790932858.917469,13917,tx,1335.0,225.0,444.2,,,1,0,0,1
907198913931500,1790932859.058243,14058,tx,1666.9,246.1,597.6,,,1,0,0,1
907199054017900,1790932859.198331,14198,tx,1315.0,228.0,428.0,,,1,0,0,1
907199196413600,1790932859.340728,14340,tx,989.9,201.7,365.3,,,1,0,0,1
907199336441100,1790932859.480757,14480,tx,1550.2,395.8,634.9,,,1,0,0,1
907199477682200,1790932859.622000,14621,tx,51150.8,343.9,515.2,,,1,0,0,1
907199628364700,1790932859.772683,14772,tx,3744.4,239.2,967.8,,,1,0,0,1
907199777031900,1790932859.921352,14921,tx,2067.2,273.4,577.1,,,1,0,0,1
907199918040100,1790932860.062362,62,tx,1226.0,212.4,384.6,,,1,0,0,1
907200061942800,1790932860.206266,206,tx,9536.7,185.0,415.3,,,1,0,0,1
907200207778000,1790932860.352103,352,tx,2183.5,249.3,557.6,,,1,0,0,1
907200353570600,1790932860.497895,497,tx,3692.1,332.6,1124.5,,,1,0,0,1
907200514645800,1790932860.658974,658,tx,1683.6,420.8,592.6,,,1,0,0,1
907200657904300,1790932860.802234,802,tx,1898.3,261.3,541.5,,,1,0,0,1
907200801586200,1790932860.945916,945,tx,3832.2,283.3,1015.8,,,1,0,0,1
907200945158100,1790932861.089491,1089,tx,1458.3,278.8,453.5,,,1,0,0,1
907201085288800,1790932861.229623,1229,tx,1427.2,182.4,454.2,,,1,0,0,1
907201226411300,1790932861.370747,1370,tx,2611.2,323.6,719.7,,,1,0,0,1
907201367791500,1790932861.512128,1512,tx,23389.2,324.1,763.8,,,1,0,0,1
907201511044800,1790932861.655383,1655,tx,1675.2,266.3,476.2,,,1,0,0,1
907201651419700,1790932861.795758,1795,tx,3790.2,299.7,982.8,,,1,0,0,1
907201793087100,1790932861.937428,1937,tx,2392.2,264.5,665.5,,,1,0,0,1
907201934180000,1790932862.078523,2078,tx,1575.6,198.6,417.8,,,1,0,0,1
907202091371000,1790932862.235716,2235,tx,1810.3,423.7,694.0,,,1,0,0,1
907202232530800,1790932862.376877,2376,tx,1419.8,272.9,536.1,,,1,0,0,1
907202372486000,1790932862.516834,2516,tx,1384.3,402.8,598.7,,,1,0,0,1
907202532317400,1790932862.676667,2676,tx,1386.3,172.7,308.1,,,1,0,0,1
907202683381900,1790932862.827732,2827,tx,21961.3,301.8,684.6,,,1,0,0,1
907202824855000,1790932862.969207,2969,tx,1752.4,233.2,478.8,,,1,0,0,1
907202964348300,1790932863.108702,3108,tx,17827.4,143.6,340.0,,,1,0,0,1
907203121915800,1790932863.266255,3266,tx,2467.9,243.8,481.1,,,1,0,0,1
907203260045200,1790932863.404401,3404,tx,1454.6,224.9,417.0,,,1,0,0,1
907203405391600,1790932863.549750,3549,tx,1331.0,221.5,417.0,,,1,0,0,1
907203545115900,1790932863.689476,3689,tx,1387.9,209.9,620.4,,,1,0,0,1
907203687973600,1790932863.832335,3832,tx,1686.2,127.9,392.0,,,1,0,0,1
907203829961200,1790932863.974324,3974,tx,1268.2,212.4,391.9,,,1,0,0,1
907203975359200,1790932864.119723,4119,tx,51003.8,168.0,333.0,,,1,0,0,1
907204132300100,1790932864.276666,4276,tx,1564.5,214.4,398.0,,,1,0,0,1
907204274347500,1790932864.418715,4418,tx,1349.3,211.9,417.3,,,1,0,0,1
907204416963100,1790932864.561332,4561,tx,1397.3,206.0,434.0,,,1,0,0,1
907204558403600,1790932864.702774,4702,tx,1175.6,240.1,423.5,,,1,0,0,1
907204699265100,1790932864.843637,4843,tx,1198.1,159.8,385.3,,,1,0,0,1
907204841610000,1790932864.985983,4985,tx,1540.2,281.5,508.0,,,1,0,0,1
907205005804900,1790932865.150180,5150,tx,1346.7,213.1,350.6,,,1,0,0,1
907205153112800,1790932865.297489,5297,tx,1500.3,279.3,507.3,,,1,0,0,1
907205294756000,1790932865.439133,5439,tx,2703.9,276.3,623.5,,,1,0,0,1
907205435766100,1790932865.580145,5580,tx,1934.6,309.1,564.5,,,1,0,0,1
907205578066200,1790932865.722447,5722,tx,1346.9,229.5,420.2,,,1,0,0,1
907205719495300,1790932865.863877,5863,tx,2480.9,411.1,689.8,,,1,0,0,1
907205860809800,1790932866.005193,6005,tx,1353.5,207.3,613.7,,,1,0,0,1
907206001936500,1790932866.146321,6146,tx,1485.8,229.2,420.2,,,1,0,0,1
907206142244000,1790932866.286630,6286,tx,3101.8,481.1,875.6,,,1,0,0,1
907206284267000,1790932866.428655,6428,tx,10601.6,508.1,817.9,,,1,0,0,1
907206424610100,1790932866.569000,6568,tx,1520.2,241.6,494.9,,,1,0,0,1
907206565321600,1790932866.709712,6709,tx,1224.7,195.8,369.9,,,1,0,0,1
907206708558100,1790932866.852951,6852,tx,1430.6,392.4,581.8,,,1,0,0,1
907206850121500,1790932866.994515,6994,tx,2159.1,235.0,634.2,,,1,0,0,1
907207024765900,1790932867.169161,7169,tx,1724.9,349.9,616.4,,,1,0,0,1
907207162760700,1790932867.307158,7307,tx,9318.0,226.7,456.4,,,1,0,0,1
907207302165500,1790932867.446564,7446,tx,1421.2,240.6,433.1,,,1,0,0,1
907207443206600,1790932867.587606,7587,tx,1394.9,290.4,492.2,,,1,0,0,1
907207585362300,1790932867.729763,7729,tx,3906.8,341.5,824.2,,,1,0,0,1
907207725765700,1790932867.870169,7870,tx,1779.6,246.8,574.6,,,1,0,0,1
907207868139200,1790932868.012543,8012,tx,1916.2,272.3,508.2,,,1,0,0,1
907208006118500,1790932868.150524,8150,tx,1195.5,222.7,373.0,,,1,0,0,1
907208149276600,1790932868.293684,8293,tx,13028.5,332.8,767.3,,,1,0,0,1
907208305571900,1790932868.449981,8449,tx,1431.4,336.2,572.8,,,1,0,0,1
907208446732500,1790932868.591142,8591,tx,2706.5,292.4,696.8,,,1,0,0,1
907208588046700,1790932868.732459,8732,tx,8721.7,215.8,407.0,,,1,0,0,1
907208730336400,1790932868.874749,8874,tx,2548.2,327.3,650.9,,,1,0,0,1
907208871383300,1790932869.015798,9015,tx,1758.8,407.9,655.8,,,1,0,0,1
907209012576800,1790932869.156993,9156,tx,1832.1,441.4,612.5,,,1,0,0,1
907209155128300,1790932869.299546,9299,tx,1352.1,170.2,490.0,,,1,0,0,1
907209297612800,1790932869.442032,9442,tx,1509.3,317.0,524.8,,,1,0,0,1
907209440720200,1790932869.585140,9585,tx,2704.5,301.0,733.9,,,1,0,0,1
907209581932600,1790932869.726355,9726,tx,1269.7,230.6,417.3,,,1,0,0,1
907209722725100,1790932869.867149,9867,tx,1526.9,245.7,483.6,,,1,0,0,1
907209863463700,1790932870.007888,10007,tx,3536.0,282.2,712.1,,,1,0,0,1
907210030227400,1790932870.174655,10174,tx,1285.8,183.1,480.0,,,1,0,0,1
907210178983600,1790932870.323411,10323,tx,3472.9,395.9,848.1,,,1,0,0,1
907210320431200,1790932870.464860,10464,tx,2378.7,295.5,650.8,,,1,0,0,1
907210461597100,1790932870.606029,10606,tx,2036.2,344.1,511.0,,,1,0,0,1
907210602190300,1790932870.746623,10746,tx,1801.3,258.1,530.4,,,1,0,0,1
907210744327500,1790932870.888762,10888,tx,2917.1,368.9,763.7,,,1,0,0,1
907210885443600,1790932871.029880,11029,tx,8457.5,394.3,656.1,,,1,0,0,1
907211040921500,1790932871.185359,11185,tx,1429.3,248.2,494.4,,,1,0,0,1
907211181285300,1790932871.325724,11325,tx,1274.1,193.9,381.0,,,1,0,0,1
907211322384800,1790932871.466825,11466,tx,16884.9,285.8,1067.2,,,1,0,0,1
907211461469500,1790932871.605911,11605,tx,3755.4,201.0,746.8,,,1,0,0,1
907211603565800,1790932871.748009,11748,tx,1403.2,340.6,505.0,,,1,0,0,1
907211744402900,1790932871.888848,11888,tx,1323.5,176.0,378.0,,,1,0,0,1
907211886278500,1790932872.030725,12030,tx,2019.0,209.1,374.4,,,1,0,0,1
907212027266900,1790932872.171715,12171,tx,1169.9,196.8,370.3,,,1,0,0,1
907212168210300,1790932872.312659,12312,tx,2984.1,463.4,817.5,,,1,0,0,1
907212310130700,1790932872.454581,12454,tx,1184.6,188.8,368.9,,,1,0,0,1
907212455433200,1790932872.599885,12599,tx,1806.7,320.5,707.1,,,1,0,0,1
907212596954500,1790932872.741408,12741,tx,1565.0,229.9,398.3,,,1,0,0,1
907212738180100,1790932872.882636,12882,tx,7778.4,182.9,384.4,,,1,0,0,1
907212878788000,1790932873.023245,13023,tx,1592.2,193.2,418.2,,,1,0,0,1
907213043962500,1790932873.188421,13188,tx,1363.7,203.2,304.6,,,1,0,0,1
907213192963300,1790932873.337423,13337,tx,1183.8,212.8,424.4,,,1,0,0,1
907213333991700,1790932873.478453,13478,tx,2257.7,260.0,741.9,,,1,0,0,1
907213474591000,1790932873.619054,13619,tx,22368.3,349.9,528.4,,,1,0,0,1
907213617509400,1790932873.761973,13761,tx,9428.8,267.5,593.2,,,1,0,0,1
907213756116400,1790932873.900582,13900,tx,1611.9,134.6,412.6,,81743.6,1,0,0,1
907213899080200,1790932874.043547,14043,idle,1873.8,223.9,453.7,,,0,0,0,0
907214040886600,1790932874.185355,14185,idle,164613.5,,,,,0,0,0,0
907214316586600,1790932874.461058,14461,idle,4766.6,,,,,0,0,0,0
907214464855100,1790932874.609328,14609,idle,6468.1,,,,,0,0,0,0
907214664319200,1790932874.808794,14808,tx,17651.7,201.1,886.4,,,1,0,0,1
907214810170300,1790932874.954647,14954,tx,1893.9,243.6,513.0,,,1,0,0,1
907214951487500,1790932875.095966,95,tx,1335.2,164.7,351.9,,,1,0,0,1
907215095673100,1790932875.240153,240,tx,1510.4,158.8,534.5,,,1,0,0,1
907215238654300,1790932875.383136,383,tx,1272.6,229.8,424.4,,,1,0,0,1
907215379546800,1790932875.524029,524,tx,1508.1,384.3,549.0,,,1,0,0,1
907215522466100,1790932875.666950,666,tx,1602.1,395.8,645.7,,,1,0,0,1
907215666596600,1790932875.811082,811,tx,2086.0,221.6,548.6,,,1,0,0,1
907215811853600,1790932875.956340,956,tx,8182.8,234.7,422.1,,,1,0,0,1
907215954968000,1790932876.099457,1099,tx,1260.6,197.0,387.3,,,1,0,0,1
907216096193900,1790932876.240684,1240,tx,1914.3,297.8,902.3,,,1,0,0,1
907216234741200,1790932876.379233,1379,tx,9701.2,175.3,436.4,,,1,0,0,1
907216374935800,1790932876.519429,1519,tx,1163.9,260.7,451.2,,,1,0,0,1
907216527525200,1790932876.672020,1672,tx,1893.6,395.4,632.2,,,1,0,0,1
907216672298500,1790932876.816794,1816,tx,14163.3,417.4,732.0,,,1,0,0,1
907216815570200,1790932876.960068,1960,tx,1538.7,354.6,554.9,,,1,0,0,1
907216955663300,1790932877.100162,2100,tx,1290.7,284.0,486.4,,,1,0,0,1
907217095890900,1790932877.240390,2240,tx,2701.1,314.4,700.3,,,1,0,0,1
907217236680900,1790932877.381183,2381,tx,1294.8,202.8,402.9,,,1,0,0,1
907217376867300,1790932877.521371,2521,tx,1335.3,234.6,448.3,,,1,0,0,1
907217530891900,1790932877.675397,2675,tx,1756.2,213.2,344.9,,,1,0,0,1
907217675364800,1790932877.819871,2819,tx,1414.7,245.9,430.9,,,1,0,0,1
907217817485700,1790932877.961994,2961,tx,1263.6,341.3,526.0,,,1,0,0,1
907217958841800,1790932878.103351,3103,tx,1454.7,215.3,541.0,,,1,0,0,1
907218100225900,1790932878.244737,3244,tx,4318.5,151.3,384.9,,,1,0,0,1
907218240097300,1790932878.384610,3384,tx,1821.8,212.0,376.1,,,1,0,0,1
907218382346500,1790932878.526860,3526,tx,2455.8,406.0,738.6,,,1,0,0,1
907218521936200,1790932878.666452,3666,tx,1336.9,252.9,434.5,,,1,0,0,1
907218663627000,1790932878.808144,3808,tx,1111.4,240.8,418.8,,,1,0,0,1
907218806152700,1790932878.950671,3950,tx,1357.0,230.4,440.9,,,1,0,0,1
907218947364000,1790932879.091884,4091,tx,1546.6,406.5,719.5,,,1,0,0,1
907219089067200,1790932879.233588,4233,tx,4535.1,255.7,421.2,,,1,0,0,1
907219231161700,1790932879.375684,4375,tx,1349.0,207.8,382.4,,,1,0,0,1
907219372176200,1790932879.516700,4516,tx,1623.8,165.1,428.2,,,1,0,0,1
907219528414200,1790932879.672940,4672,tx,1337.2,221.4,344.5,,,1,0,0,1
907219673407900,1790932879.817935,4817,tx,1421.8,227.3,447.6,,,1,0,0,1
907219814410200,1790932879.958939,4958,tx,1848.4,456.4,710.9,,,1,0,0,1
907219955656700,1790932880.100187,5100,tx,40314.9,205.3,454.4,,,1,0,0,1
907220127260000,1790932880.271792,5271,tx,2212.8,443.3,843.1,,,1,0,0,1
907220271872000,1790932880.416405,5416,tx,1899.4,186.9,572.9,,,1,0,0,1
907220412477100,1790932880.557012,5557,tx,1385.7,392.1,583.1,,,1,0,0,1
907220552923900,1790932880.697460,5697,tx,1181.6,218.2,417.2,,,1,0,0,1
907220693839600,1790932880.838377,5838,tx,2450.3,242.1,629.9,,,1,0,0,1
907220833898500,1790932880.978438,5978,tx,4141.5,234.5,434.8,,,1,0,0,1
907220975815400,1790932881.120356,6120,tx,56698.8,129.1,292.6,,,1,0,0,1
907221134565200,1790932881.279108,6279,tx,2746.9,181.7,900.8,,,1,0,0,1
907221273987200,1790932881.418530,6418,tx,9013.3,185.1,431.6,,,1,0,0,1
907221412662500,1790932881.557208,6557,tx,1726.0,163.9,417.0,,,1,0,0,1
907221553892200,1790932881.698439,6698,tx,1161.5,176.6,336.3,,,1,0,0,1
907221693757000,1790932881.838305,6838,tx,1456.1,194.6,677.9,,,1,0,0,1
907221834034300,1790932881.978584,6978,tx,1393.9,221.8,408.4,,,1,0,0,1
907221975249000,1790932882.119800,7119,tx,63795.0,149.0,406.4,,,1,0,0,1
907222163163700,1790932882.307717,7307,tx,1905.8,390.5,886.5,,,1,0,0,1
907222305172200,1790932882.449727,7449,tx,2233.7,242.4,514.8,,,1,0,0,1
907222447649700,1790932882.592206,7592,tx,1647.7,226.5,495.8,,,1,0,0,1
907222588101900,1790932882.732660,7732,tx,2765.5,192.7,350.9,,,1,0,0,1
907222728342300,1790932882.872901,7872,tx,2660.5,370.0,591.2,,,1,0,0,1
907222870367200,1790932883.014927,8014,tx,2720.5,427.8,768.6,,,1,0,0,1
907223012236100,1790932883.156797,8156,tx,1334.3,201.8,500.5,,,1,0,0,1
907223153095600,1790932883.297659,8297,tx,1256.2,233.5,430.8,,,1,0,0,1
907223295604300,1790932883.440170,8440,tx,1434.9,387.2,567.2,,,1,0,0,1
907223436446800,1790932883.581013,8581,tx,1979.5,318.5,600.7,,,1,0,0,1
907223578862300,1790932883.723430,8723,tx,1242.9,186.8,379.0,,,1,0,0,1
907223718639000,1790932883.863208,8863,tx,1688.4,224.9,455.4,,,1,0,0,1
907223861606300,1790932884.006177,9006,tx,2144.5,289.3,564.5,,,1,0,0,1
907224031217000,1790932884.175790,9175,tx,1428.5,205.4,388.2,,,1,0,0,1
907224176825000,1790932884.321399,9321,tx,1192.5,193.7,421.2,,,1,0,0,1
907224316886200,1790932884.461462,9461,tx,2394.9,260.2,818.4,,,1,0,0,1
907224457810500,1790932884.602387,9602,tx,1393.5,238.5,414.5,,,1,0,0,1
907224599181500,1790932884.743760,9743,tx,1213.2,153.2,332.7,,,1,0,0,1
907224740124500,1790932884.884705,9884,tx,1212.5,282.9,472.1,,,1,0,0,1
907224881957400,1790932885.026539,10026,tx,21909.7,306.8,1054.6,,,1,0,0,1
907225038086200,1790932885.182670,10182,tx,1796.0,208.0,600.2,,,1,0,0,1
907225180356200,1790932885.324941,10324,tx,1399.0,186.4,405.2,,,1,0,0,1
907225323225600,1790932885.467811,10467,tx,22712.9,258.3,1262.1,,,1,0,0,1
907225530982600,1790932885.675571,10675,tx,16090.5,242.1,408.6,,,1,0,0,1
907225681486500,1790932885.826077,10826,tx,1419.3,441.4,629.2,,,1,0,0,1
907225823741300,1790932885.968332,10968,tx,1851.6,240.4,479.4,,,1,0,0,1
907225965796900,1790932886.110389,11110,tx,1825.3,269.9,531.6,,,1,0,0,1
907226104949500,1790932886.249544,11249,tx,1685.8,278.1,558.8,,,1,0,0,1
907226248697600,1790932886.393293,11393,tx,1939.3,244.4,518.6,,,1,0,0,1
907226390260600,1790932886.534858,11534,tx,2018.7,260.3,526.1,,,1,0,0,1
907226531346000,1790932886.675945,11675,tx,1336.8,169.2,304.4,,,1,0,0,1
907226675200300,1790932886.819800,11819,tx,1466.1,241.4,472.1,,,1,0,0,1
907226818334200,1790932886.962936,11962,tx,1431.7,225.3,430.7,,,1,0,0,1
907226959897700,1790932887.104501,12104,tx,71055.7,214.3,366.5,,,1,0,0,1
907227134083800,1790932887.278688,12278,tx,3724.9,544.1,984.9,,,1,0,0,1
907227273392800,1790932887.417999,12417,tx,2414.1,296.9,659.0,,,1,0,0,1
907227415569700,1790932887.560177,12560,tx,1685.5,274.6,568.5,,,1,0,0,1
907227555886500,1790932887.700496,12700,tx,1380.1,183.7,387.8,,,1,0,0,1
907227696089400,1790932887.840699,12840,tx,3921.0,467.4,924.6,,,1,0,0,1
907227838880800,1790932887.983492,12983,tx,12057.4,248.6,674.7,,,1,0,0,1
907228044028000,1790932888.188642,13188,tx,15084.4,161.8,354.9,,,1,0,0,1
907228182515200,1790932888.327131,13327,tx,2186.6,202.3,678.4,,,1,0,0,1
907228319681200,1790932888.464298,13464,tx,2075.2,182.7,353.5,,,1,0,0,1
907228468715200,1790932888.613333,13613,tx,62324.3,309.8,688.9,,,1,0,0,1
907228638195700,1790932888.782815,13782,tx,1930.3,128.6,492.1,,,1,0,0,1
907228783909700,1790932888.928531,13928,tx,2274.8,233.0,512.4,,,1,0,0,1
907228924121100,1790932889.068744,14068,tx,19629.0,299.1,742.5,,,1,0,0,1
907229064131500,1790932889.208756,14208,tx,1224.1,240.2,420.5,,,1,0,0,1
907229207284900,1790932889.351911,14351,tx,2287.7,405.7,705.5,,,1,0,0,1
907229350600700,1790932889.495229,14495,tx,1899.0,270.0,498.0,,,1,0,0,1
907229535544800,1790932889.680175,14680,tx,8394.2,408.4,593.0,,,1,0,0,1
907229682297000,1790932889.826927,14826,tx,2291.3,374.6,731.8,,,1,0,0,1
907229827413900,1790932889.972047,14972,tx,1749.4,419.9,665.1,,,1,0,0,1
907229966741600,1790932890.111376,111,tx,1570.0,172.6,387.6,,,1,0,0,1
907230108394200,1790932890.253030,253,tx,2328.1,368.0,701.7,,,1,0,0,1
907230251447100,1790932890.396085,396,tx,1729.1,384.6,588.1,,,1,0,0,1
907230394937600,1790932890.539576,539,tx,1714.8,194.0,499.8,,,1,0,0,1
907230539442000,1790932890.684083,684,tx,1555.3,397.1,607.2,,,1,0,0,1
907230682755700,1790932890.827396,827,tx,12046.7,270.8,701.9,,,1,0,0,1
907230824113800,1790932890.968757,968,tx,1589.6,217.5,542.8,,,1,0,0,1
907230968595000,1790932891.113240,1113,tx,63068.7,298.1,516.0,,,1,0,0,1
907231158633800,1790932891.303280,1303,tx,1817.0,300.4,571.5,,,1,0,0,1
907231299173500,1790932891.443822,1443,tx,1852.4,202.8,400.7,,,1,0,0,1
907231440789300,1790932891.585438,1585,tx,12335.8,279.0,762.3,,,1,0,0,1
907231580190500,1790932891.724842,1724,tx,1443.9,233.1,454.3,,,1,0,0,1
907231722655000,1790932891.867307,1867,tx,2079.4,205.7,847.8,,,1,0,0,1
907231864795500,1790932892.009449,2009,tx,1986.9,312.5,606.0,,,1,0,0,1
907232007550900,1790932892.152207,2152,tx,1456.2,314.4,525.1,,,1,0,0,1
907232148477400,1790932892.293134,2293,tx,1848.7,338.2,651.8,,,1,0,0,1
907232289830500,1790932892.434489,2434,tx,2316.6,210.5,615.3,,,1,0,0,1
907232432172500,1790932892.576833,2576,tx,1623.3,185.8,377.8,,,1,0,0,1
907232573541500,1790932892.718203,2718,tx,1759.0,340.8,547.7,,,1,0,0,1
907232715395000,1790932892.860058,2860,tx,1728.4,351.6,690.6,,,1,0,0,1
907232856173200,1790932893.000837,3000,tx,2789.6,495.2,831.2,,,1,0,0,1
907233037896800,1790932893.182563,3182,tx,1434.2,236.0,412.4,,,1,0,0,1
907233185489000,1790932893.330156,3330,tx,1994.4,317.6,607.0,,,1,0,0,1
907233326830600,1790932893.471500,3471,tx,1382.3,219.0,409.1,,,1,0,0,1
907233469552600,1790932893.614223,3614,tx,27361.5,222.6,481.5,,,1,0,0,1
907233610227200,1790932893.754899,3754,tx,3429.5,381.2,851.1,,,1,0,0,1
907233750664100,1790932893.895338,3895,tx,1663.8,283.4,523.7,,,1,0,0,1
907233893355900,1790932894.038031,4038,tx,2219.7,448.9,675.4,,,1,0,0,1
907234036391600,1790932894.181068,4181,tx,7620.1,172.7,385.0,,,1,0,0,1
907234174370800,1790932894.319049,4319,tx,12100.3,428.3,699.7,,,1,0,0,1
907234317914200,1790932894.462593,4462,tx,1311.9,168.8,371.6,,,1,0,0,1
907234458462100,1790932894.603143,4603,tx,1683.5,343.5,617.3,,,1,0,0,1
907234600048200,1790932894.744731,4744,tx,1620.2,236.4,476.5,,,1,0,0,1
907234742361800,1790932894.887046,4887,tx,2344.6,409.5,727.4,,,1,0,0,1
907234884431300,1790932895.029117,5029,tx,1744.3,281.9,465.8,,,1,0,0,1
907235026822300,1790932895.171509,5171,tx,1802.1,154.2,705.0,,,1,0,0,1
907235166636500,1790932895.311325,5311,tx,10442.0,231.2,559.0,,,1,0,0,1
907235310231600,1790932895.454921,5454,tx,1217.4,180.8,332.0,,,1,0,0,1
907235450807100,1790932895.595499,5595,tx,1549.3,152.4,348.3,,,1,0,0,1
907235591871800,1790932895.736564,5736,tx,1284.1,209.4,400.1,,,1,0,0,1
907235732188500,1790932895.876883,5876,tx,1234.0,178.1,389.4,,,1,0,0,1
907235874397700,1790932896.019094,6019,tx,1424.3,211.2,418.0,,,1,0,0,1
907236027353500,1790932896.172051,6172,tx,1228.5,239.9,375.9,,,1,0,0,1
907236168515600,1790932896.313215,6313,tx,1472.2,411.0,609.0,,,1,0,0,1
907236310832800,1790932896.455533,6455,tx,1349.5,216.7,440.6,,,1,0,0,1
907236450488300,1790932896.595190,6595,tx,2875.5,218.8,968.6,,,1,0,0,1
907236593002900,1790932896.737705,6737,tx,8175.0,321.8,964.3,,,1,0,0,1
907236750629400,1790932896.895334,6895,tx,1722.7,275.3,534.2,,,1,0,0,1
907236907099200,1790932897.051805,7051,tx,17990.6,458.2,886.6,,,1,0,0,1
907237048121700,1790932897.192829,7192,tx,2451.2,224.6,506.2,,,1,0,0,1
907237189875700,1790932897.334585,7334,tx,1525.9,293.9,516.6,,,1,0,0,1
907237331954000,1790932897.476664,7476,tx,5773.6,199.0,1226.9,,,1,0,0,1
907237472498800,1790932897.617211,7617,tx,59452.5,185.7,596.6,,,1,0,0,1
907237664332100,1790932897.809047,7809,tx,1193.1,208.1,395.7,,,1,0,0,1
907237819050400,1790932897.963767,7963,tx,1271.2,214.0,383.6,,78440.2,1,0,0,1
907237959058600,1790932898.103776,8103,idle,1819.3,201.1,727.9,,,0,0,0,0
907238102076100,1790932898.246795,8246,idle,165211.3,,,,,0,0,0,0
907238382619300,1790932898.527341,8527,idle,3409.4,,,,,0,0,0,0
907238522798600,1790932898.667522,8667,idle,2977.8,,,,,0,0,0,0
907238665846000,1790932898.810571,8810,idle,2721.7,,,,,0,0,0,0
907238807288900,1790932898.952015,8952,idle,1294.0,,,,,0,0,0,0
907238946667300,1790932899.091395,9091,idle,1339.4,,,,,0,0,0,0
907239087147300,1790932899.231877,9231,idle,1497.7,,,,,0,0,0,0
907239229351200,1790932899.374082,9374,idle,1323.5,,,,,0,0,0,0
907239370171800,1790932899.514904,9514,idle,1362.2,,,,,0,0,0,0
907239514351000,1790932899.659085,9659,idle,2665.8,,,,,0,0,0,0
907239652202700,1790932899.796938,9796,idle,1077.3,,,,,0,0,0,0
907239794970800,1790932899.939706,9939,idle,2257.7,,,,,0,0,0,0
907239936068100,1790932900.080806,10080,idle,1713.1,,,,,0,0,0,0
907240091581900,1790932900.236321,10236,idle,1939.2,,,,,0,0,0,0
907240233096300,1790932900.377837,10377,idle,1869.1,,,,,0,0,0,0
907240374629400,1790932900.519372,10519,idle,1476.7,,,,,0,0,0,0
907240516476700,1790932900.661221,10661,idle,13513.1,,,,,0,0,0,0
907240660848100,1790932900.805594,10805,idle,3245.8,,,,,0,0,0,0
907240800057600,1790932900.944805,10944,idle,1255.9,,,,,0,0,0,0
907240940440600,1790932901.085189,11085,idle,2463.1,,,,,0,0,0,0
907241082281600,1790932901.227031,11227,idle,1196.5,,,,,0,0,0,0
907241223551400,1790932901.368303,11368,idle,1710.5,,,,,0,0,0,0
907241364401600,1790932901.509155,11509,idle,967.3,,,,,0,0,0,0
907241515011000,1790932901.659765,11659,idle,2748.0,,,,,0,0,0,0
907241661641000,1790932901.806397,11806,idle,1898.1,,,,,0,0,0,0
907241803404600,1790932901.948162,11948,idle,1245.5,,,,,0,0,0,0
907241942428800,1790932902.087188,12087,idle,17054.0,,,,,0,0,0,0
907242083320600,1790932902.228081,12228,idle,1532.4,,,,,0,0,0,0
907242223153900,1790932902.367916,12367,idle,1200.7,,,,,0,0,0,0
907242364096600,1790932902.508860,12508,idle,1665.0,,,,,0,0,0,0
907242512427900,1790932902.657193,12657,idle,2578.6,,,,,0,0,0,0
907242663439200,1790932902.808206,12808,idle,1806.0,,,,,0,0,0,0
907242805442700,1790932902.950211,12950,idle,1534.0,,,,,0,0,0,0
907242947931100,1790932903.092701,13092,idle,3467.5,,,,,0,0,0,0
907243089122700,1790932903.233893,13233,idle,1883.5,,,,,0,0,0,0
907243229449200,1790932903.374221,13374,idle,1955.8,,,,,0,0,0,0
907243370158700,1790932903.514932,13514,idle,1993.5,,,,,0,0,0,0
907243512139600,1790932903.656915,13656,idle,1194.3,,,,,0,0,0,0
907243652951100,1790932903.797728,13797,idle,1363.9,,,,,0,0,0,0
907243793697600,1790932903.938476,13938,idle,1436.4,,,,,0,0,0,0
907243937057200,1790932904.081837,14081,idle,1414.9,,,,,0,0,0,0
907244078587400,1790932904.223369,14223,idle,1385.6,,,,,0,0,0,0
907244220651100,1790932904.365433,14365,idle,2390.1,,,,,0,0,0,0
907244362188500,1790932904.506973,14506,idle,1572.4,,,,,0,0,0,0
907244505176400,1790932904.649962,14649,idle,2620.4,,,,,0,0,0,0
907244647539600,1790932904.792326,14792,idle,2274.6,,,,,0,0,0,0
907244788241000,1790932904.933029,14933,idle,11251.5,,,,,0,0,0,0
907244928894700,1790932905.073684,73,idle,1728.7,,,,,0,0,0,0
907245069062000,1790932905.213854,213,idle,1199.4,,,,,0,0,0,0
907245212479200,1790932905.357272,357,idle,1377.4,,,,,0,0,0,0
907245358404500,1790932905.503199,503,idle,1460.3,,,,,0,0,0,0
907245515424100,1790932905.660207,660,idle,2884.8,,,,,0,0,0,0
907245655647600,1790932905.800445,800,idle,1861.7,,,,,0,0,0,0
907245803401100,1790932905.948200,948,idle,1483.6,,,,,0,0,0,0
907245947697600,1790932906.092498,1092,idle,1486.1,,,,,0,0,0,0
907246088302400,1790932906.233104,1233,idle,2058.7,,,,,0,0,0,0
907246230020200,1790932906.374824,1374,idle,1819.8,,,,,0,0,0,0
907246371491600,1790932906.516296,1516,idle,2264.6,,,,,0,0,0,0
907246513748000,1790932906.658554,1658,idle,1858.4,,,,,0,0,0,0
907246654467500,1790932906.799275,1799,idle,1377.2,,,,,0,0,0,0
907246797253600,1790932906.942063,1942,idle,1926.5,,,,,0,0,0,0
907246939640400,1790932907.084451,2084,idle,1385.8,,,,,0,0,0,0
907247081808800,1790932907.226621,2226,idle,7233.5,,,,,0,0,0,0
907247226202100,1790932907.371016,2371,idle,1310.1,,,,,0,0,0,0
907247367143600,1790932907.511957,2511,idle,3317.8,,,,,0,0,0,0
907247529818500,1790932907.674636,2674,idle,3662.6,,,,,0,0,0,0
907247666954800,1790932907.811773,2811,idle,1547.2,,,,,0,0,0,0
907247807647300,1790932907.952467,2952,idle,1759.9,,,,,0,0,0,0
907247948739500,1790932908.093561,3093,idle,1276.1,,,,,0,0,0,0
907248106268100,1790932908.251091,3251,idle,1370.0,,,,,0,0,0,0
907248262171100,1790932908.406996,3406,idle,1215.7,,,,,0,0,0,0
907248418860800,1790932908.563687,3563,idle,1410.7,,,,,0,0,0,0
907248560786300,1790932908.705614,3705,idle,1668.7,,,,,0,0,0,0
907248701215500,1790932908.846044,3846,idle,2516.4,,,,,0,0,0,0
907248845898100,1790932908.990729,3990,idle,8770.3,,,,,0,0,0,0
907248985813800,1790932909.130646,4130,idle,35595.6,,,,,0,0,0,0
907249145409900,1790932909.290244,4290,idle,3452.2,,,,,0,0,0,0
907249284431300,1790932909.429267,4429,idle,1302.3,,,,,0,0,0,0
907249423925600,1790932909.568762,4568,idle,1245.2,,,,,0,0,0,0
907249565573100,1790932909.710411,4710,idle,1741.2,,,,,0,0,0,0
907249705868100,1790932909.850707,4850,idle,20957.1,,,,,0,0,0,0
907249847425700,1790932909.992266,4992,idle,1687.3,,,,,0,0,0,0
907249990020400,1790932910.134863,5134,idle,35600.3,,,,,0,0,0,0
907250150380700,1790932910.295225,5295,idle,9422.7,,,,,0,0,0,0
907250300829300,1790932910.445675,5445,idle,1357.1,,,,,0,0,0,0
907250442823100,1790932910.587671,5587,idle,1281.8,,,,,0,0,0,0
907250583402100,1790932910.728251,5728,idle,8859.7,,,,,0,0,0,0
907250725973600,1790932910.870824,5870,idle,1589.1,,,,,0,0,0,0
907250869380000,1790932911.014232,6014,idle,19798.0,,,,,0,0,0,0
907251008755900,1790932911.153609,6153,idle,1351.7,,,,,0,0,0,0
907251190376100,1790932911.335231,6335,tx,18819.6,284.1,901.7,,,1,0,0,1
907251338773500,1790932911.483629,6483,tx,4268.4,245.6,633.4,,,1,0,0,1
907251478968900,1790932911.623827,6623,tx,1265.6,181.9,419.4,,,1,0,0,1
907251620600500,1790932911.765460,6765,tx,1337.6,247.4,585.7,,,1,0,0,1
907251763235200,1790932911.908096,6908,tx,1716.8,225.7,464.6,,,1,0,0,1
907251903322600,1790932912.048185,7048,tx,11196.3,413.1,710.1,,,1,0,0,1
907252047489800,1790932912.192354,7192,tx,1459.6,228.8,568.1,,,1,0,0,1
907252188193500,1790932912.333059,7333,tx,1356.9,219.0,448.2,,,1,0,0,1
907252331262400,1790932912.476129,7476,tx,7971.7,212.5,389.9,,,1,0,0,1
907252470940100,1790932912.615808,7615,tx,1274.6,230.9,446.6,,,1,0,0,1
907252611443500,1790932912.756313,7756,tx,1528.1,359.1,653.7,,,1,0,0,1
907252752441400,1790932912.897313,7897,tx,1517.0,371.1,579.5,,,1,0,0,1
907252893489900,1790932913.038363,8038,tx,1324.0,407.7,593.3,,,1,0,0,1
907253043213300,1790932913.188088,8188,tx,1432.6,236.3,412.0,,,1,0,0,1
907253193705200,1790932913.338581,8338,tx,1308.3,225.7,441.1,,,1,0,0,1
907253336260100,1790932913.481138,8481,tx,2498.6,226.1,439.1,,,1,0,0,1
907253476805600,1790932913.621685,8621,tx,1742.1,256.5,692.9,,,1,0,0,1
907253619770900,1790932913.764651,8764,tx,1347.8,195.6,445.6,,,1,0,0,1
907253760987300,1790932913.905869,8905,tx,5368.9,238.2,480.8,,,1,0,0,1
907253915683700,1790932914.060567,9060,tx,1600.2,231.1,539.9,,,1,0,0,1
907254071440800,1790932914.216326,9216,tx,1869.6,389.1,573.2,,,1,0,0,1
907254213402500,1790932914.358289,9358,tx,1550.4,206.5,375.2,,,1,0,0,1
907254355274700,1790932914.500163,9500,tx,1841.0,397.6,807.8,,,1,0,0,1
907254546385400,1790932914.691276,9691,tx,1271.8,252.4,404.3,,,1,0,0,1
907254698694700,1790932914.843586,9843,tx,1814.9,298.0,545.7,,,1,0,0,1
907254839431600,1790932914.984325,9984,tx,1508.5,366.2,612.5,,,1,0,0,1
907254980139900,1790932915.125034,10125,tx,34686.4,458.8,838.0,,,1,0,0,1
907255146563200,1790932915.291459,10291,tx,3547.7,190.9,605.3,,,1,0,0,1
907255298600600,1790932915.443499,10443,tx,1513.2,325.3,471.4,,,1,0,0,1
907255440738600,1790932915.585638,10585,tx,1714.9,181.1,371.5,,,1,0,0,1
907255581038600,1790932915.725940,10725,tx,1270.0,206.4,520.4,,,1,0,0,1
907255721268600,1790932915.866171,10866,tx,6470.0,248.0,412.1,,,1,0,0,1
907255861979700,1790932916.006883,11006,tx,1346.5,164.4,363.5,,,1,0,0,1
907256045204900,1790932916.190110,11190,tx,1384.5,231.2,454.3,,,1,0,0,1
907256191428300,1790932916.336336,11336,tx,1446.7,449.5,639.8,,,1,0,0,1
907256332711300,1790932916.477620,11477,tx,1740.4,209.3,802.4,,,1,0,0,1
907256471500900,1790932916.616411,11616,tx,3978.3,267.8,592.0,,,1,0,0,1
907256611164200,1790932916.756076,11756,tx,1455.7,186.9,393.7,,,1,0,0,1
907256767433200,1790932916.912346,11912,tx,2522.9,230.0,848.5,,,1,0,0,1
907256909912800,1790932917.054827,12054,tx,1230.0,199.7,387.0,,,1,0,0,1
907257047769100,1790932917.192685,12192,tx,1496.5,208.7,393.7,,,1,0,0,1
907257194874800,1790932917.339792,12339,tx,1135.9,179.8,369.6,,,1,0,0,1
907257334917400,1790932917.479836,12479,tx,1657.0,269.0,448.0,,,1,0,0,1
907257474504400,1790932917.619425,12619,tx,7938.4,247.9,514.7,,,1,0,0,1
907257616009200,1790932917.760931,12760,tx,1221.7,219.9,419.8,,,1,0,0,1
907257757751200,1790932917.902674,12902,tx,2265.8,290.0,805.4,,,1,0,0,1
907257897581200,1790932918.042506,13042,tx,1818.8,281.3,525.8,,,1,0,0,1
907258035198500,1790932918.180125,13180,tx,1948.4,1022.3,1223.6,,,1,0,0,1
907258176312000,1790932918.321240,13321,tx,2232.0,449.7,720.7,,,1,0,0,1
907258319102700,1790932918.464032,13464,tx,1939.5,224.5,434.4,,,1,0,0,1
907258459002400,1790932918.603933,13603,tx,11588.4,147.9,383.8,,,1,0,0,1
907258599794800,1790932918.744727,13744,tx,1299.8,181.4,400.7,,,1,0,0,1
907258740265900,1790932918.885199,13885,tx,2576.5,182.7,943.0,,,1,0,0,1
907258879915300,1790932919.024850,14024,tx,2939.4,283.4,663.6,,,1,0,0,1
907259044984500,1790932919.189921,14189,tx,1993.5,199.8,415.0,,,1,0,0,1
907259191656300,1790932919.336594,14336,tx,2077.6,258.0,568.3,,,1,0,0,1
907259333803100,1790932919.478743,14478,tx,10434.0,247.5,460.6,,,1,0,0,1
907259475188900,1790932919.620130,14620,tx,1521.3,206.7,445.7,,,1,0,0,1
907259616818800,1790932919.761761,14761,tx,2832.1,217.6,780.9,,,1,0,0,1
907259758538400,1790932919.903482,14903,tx,2262.7,276.2,635.1,,,1,0,0,1
907259910218100,1790932920.055163,55,tx,1827.9,198.0,425.4,,,1,0,0,1
907260052375700,1790932920.197323,197,tx,1192.6,238.4,403.0,,,1,0,0,1
907260199297100,1790932920.344246,344,tx,1656.2,233.9,469.8,,,1,0,0,1
907260343258300,1790932920.488208,488,tx,1672.4,198.2,404.6,,,1,0,0,1
907260488292600,1790932920.633245,633,tx,59308.8,218.9,415.0,,,1,0,0,1
907260666093000,1790932920.811046,811,tx,1581.8,220.9,476.2,,,1,0,0,1
907260808894600,1790932920.953850,953,tx,1602.8,282.1,504.6,,,1,0,0,1
907260950046300,1790932921.095003,1095,tx,2433.1,415.0,997.2,,,1,0,0,1
907261093202600,1790932921.238160,1238,tx,9965.9,153.7,480.9,,,1,0,0,1
907261230800900,1790932921.375760,1375,tx,1230.6,179.9,437.5,,,1,0,0,1
907261374757900,1790932921.519719,1519,tx,1985.7,246.3,506.1,,,1,0,0,1
907261552349700,1790932921.697313,1697,tx,1205.0,208.4,342.0,,,1,0,0,1
907261702056300,1790932921.847021,1847,tx,1434.1,224.4,419.7,,,1,0,0,1
907261844546800,1790932921.989512,1989,tx,11856.7,441.6,895.4,,,1,0,0,1
907261981814600,1790932922.126781,2126,tx,63532.3,238.8,478.8,,,1,0,0,1
907262161305900,1790932922.306275,2306,tx,2167.8,402.2,680.0,,,1,0,0,1
907262300062900,1790932922.445034,2445,tx,1334.7,215.2,377.8,,,1,0,0,1
907262439881200,1790932922.584853,2584,tx,2037.1,195.8,491.1,,,1,0,0,1
907262581551900,1790932922.726525,2726,tx,1823.5,267.7,546.8,,,1,0,0,1
907262721807600,1790932922.866783,2866,tx,8610.7,214.1,422.7,,,1,0,0,1
907262862411800,1790932923.007388,3007,tx,1678.5,463.4,703.0,,,1,0,0,1
907263004483900,1790932923.149462,3149,tx,61920.0,288.8,543.6,,,1,0,0,1
907263190685800,1790932923.335665,3335,tx,1406.1,233.3,519.2,,,1,0,0,1
907263332582600,1790932923.477564,3477,tx,1511.5,264.3,528.4,,,1,0,0,1
907263474268900,1790932923.619252,3619,tx,1758.6,361.1,727.3,,,1,0,0,1
907263615713200,1790932923.760697,3760,tx,1382.3,231.4,428.5,,,1,0,0,1
907263755011600,1790932923.899997,3899,tx,1953.7,220.1,553.8,,,1,0,0,1
907263896222800,1790932924.041210,4041,tx,3122.4,475.3,843.5,,,1,0,0,1
907264038936500,1790932924.183925,4183,tx,3286.4,185.2,351.1,,,1,0,0,1
907264179950100,1790932924.324940,4324,tx,1542.3,255.7,446.8,,,1,0,0,1
907264322089600,1790932924.467081,4467,tx,1775.9,208.1,465.6,,,1,0,0,1
907264462909400,1790932924.607902,4607,tx,3840.9,278.4,1026.6,,,1,0,0,1
907264603155000,1790932924.748149,4748,tx,1161.9,212.0,398.6,,,1,0,0,1
907264744129800,1790932924.889126,4889,tx,1318.5,232.7,455.3,,,1,0,0,1
907264885558200,1790932925.030554,5030,tx,3053.0,307.0,779.7,,,1,0,0,1
907265069415800,1790932925.214415,5214,tx,1383.9,162.9,311.0,,,1,0,0,1
907265213705100,1790932925.358706,5358,tx,1247.3,221.5,391.3,,,1,0,0,1
907265355236300,1790932925.500239,5500,tx,1424.3,168.2,380.9,,,1,0,0,1
907265497353100,1790932925.642357,5642,tx,1441.9,276.7,474.3,,,1,0,0,1
907265639746800,1790932925.784751,5784,tx,2944.7,277.7,650.5,,,1,0,0,1
907265779264500,1790932925.924271,5924,tx,1485.8,360.9,699.6,,,1,0,0,1
907265920688400,1790932926.065697,6065,tx,1599.3,215.9,491.6,,,1,0,0,1
907266066912000,1790932926.211922,6211,tx,7477.5,259.9,517.9,,,1,0,0,1
907266219162300,1790932926.364173,6364,tx,22363.2,315.6,919.4,,,1,0,0,1
907266361054400,1790932926.506067,6506,tx,1317.8,224.0,418.4,,,1,0,0,1
907266503073600,1790932926.648088,6648,tx,58256.5,293.7,521.5,,,1,0,0,1
907266691066100,1790932926.836082,6836,tx,1361.0,225.3,455.3,,,1,0,0,1
907266832991200,1790932926.978009,6978,tx,1553.4,244.2,456.6,,,1,0,0,1
907266974044900,1790932927.119064,7119,tx,1554.4,277.1,474.7,,,1,0,0,1
907267114310300,1790932927.259331,7259,tx,1620.0,199.7,431.6,,,1,0,0,1
907267254889200,1790932927.399911,7399,tx,1176.6,235.7,415.2,,,1,0,0,1
907267394828600,1790932927.539851,7539,tx,2125.0,225.4,486.4,,,1,0,0,1
907267568366900,1790932927.713392,7713,tx,1058.8,157.6,278.6,,,1,0,0,1
907267709299700,1790932927.854326,7854,tx,1490.3,166.5,370.5,,,1,0,0,1
907267851417000,1790932927.996445,7996,tx,1606.9,387.6,689.0,,,1,0,0,1
907267995533800,1790932928.140563,8140,tx,1322.7,324.2,507.4,,,1,0,0,1
907268134807000,1790932928.279839,8279,tx,1433.2,264.3,474.0,,,1,0,0,1
907268276859100,1790932928.421892,8421,tx,2484.5,242.9,585.6,,,1,0,0,1
907268417572200,1790932928.562607,8562,tx,10750.2,238.8,924.1,,,1,0,0,1
907268557651300,1790932928.702687,8702,tx,1442.3,249.1,446.6,,,1,0,0,1
907268698429200,1790932928.843467,8843,tx,1197.8,174.6,363.1,,,1,0,0,1
907268839304100,1790932928.984343,8984,tx,1429.8,205.4,415.7,,,1,0,0,1
907268980905900,1790932929.125946,9125,tx,1348.9,277.9,466.1,,,1,0,0,1
907269121821500,1790932929.266862,9266,tx,2485.8,270.2,573.6,,,1,0,0,1
907269262270700,1790932929.407314,9407,tx,1684.4,218.6,432.9,,,1,0,0,1
907269405181500,1790932929.550225,9550,tx,6178.0,368.3,861.5,,,1,0,0,1
907269567765900,1790932929.712812,9712,tx,7297.3,264.9,388.9,,,1,0,0,1
907269717213700,1790932929.862262,9862,tx,1420.7,212.8,402.8,,,1,0,0,1
907269856850100,1790932930.001899,10001,tx,1551.8,264.5,505.9,,,1,0,0,1
907269999527800,1790932930.144578,10144,tx,1443.2,227.9,548.9,,,1,0,0,1
907270157266700,1790932930.302319,10302,tx,12018.0,396.7,794.1,,,1,0,0,1
907270297157000,1790932930.442211,10442,tx,1690.3,199.4,455.0,,,1,0,0,1
907270441550500,1790932930.586606,10586,tx,1529.9,320.1,509.4,,,1,0,0,1
907270584438200,1790932930.729495,10729,tx,1669.5,449.2,650.7,,,1,0,0,1
907270725956800,1790932930.871015,10871,tx,2318.7,275.1,744.1,,,1,0,0,1
907270867534800,1790932931.012595,11012,tx,1365.7,353.3,552.3,,,1,0,0,1
907271007202900,1790932931.152264,11152,tx,58239.0,249.7,462.1,,,1,0,0,1
907271190837400,1790932931.335900,11335,tx,1547.9,256.7,439.4,,,1,0,0,1
907271337702400,1790932931.482767,11482,tx,1881.3,268.8,517.8,,,1,0,0,1
907271477406100,1790932931.622472,11622,tx,2827.5,345.0,523.1,,,1,0,0,1
907271617345200,1790932931.762413,11762,tx,1237.3,193.9,389.0,,,1,0,0,1
907271758047900,1790932931.903117,11903,tx,1592.3,232.5,444.5,,,1,0,0,1
907271898434200,1790932932.043504,12043,tx,2915.7,296.6,698.1,,,1,0,0,1
907272065574800,1790932932.210647,12210,tx,1936.5,332.1,550.2,,,1,0,0,1
907272211761600,1790932932.356835,12356,tx,1299.4,170.7,361.3,,,1,0,0,1
907272352530400,1790932932.497605,12497,tx,10505.5,215.2,493.4,,,1,0,0,1
907272495615700,1790932932.640677,12640,tx,1314.2,341.5,536.7,,,1,0,0,1
907272637732900,1790932932.782811,12782,tx,1330.3,217.1,411.9,,,1,0,0,1
907272781060000,1790932932.926140,12926,tx,1086.3,207.9,382.0,,,1,0,0,1
907272923505800,1790932933.068586,13068,tx,2482.5,264.2,704.7,,,1,0,0,1
907273065867900,1790932933.210950,13210,tx,1259.3,222.6,366.2,,,1,0,0,1
907273207906300,1790932933.352990,13352,tx,2487.6,287.8,654.5,,,1,0,0,1
907273349328100,1790932933.494414,13494,tx,1437.8,180.6,379.6,,,1,0,0,1
907273490661900,1790932933.635749,13635,tx,2150.6,189.5,415.8,,,1,0,0,1
907273630023700,1790932933.775112,13775,tx,1808.4,250.9,646.1,,,1,0,0,1
907273771511100,1790932933.916600,13916,tx,11116.6,281.9,639.5,,,1,0,0,1
907273912736100,1790932934.057827,14057,tx,1374.7,217.0,541.5,,,1,0,0,1
907274060446000,1790932934.205539,14205,tx,1330.8,243.6,378.1,,,1,0,0,1
907274210515300,1790932934.355609,14355,tx,16776.2,268.3,536.1,,,1,0,0,1
907274351172800,1790932934.496269,14496,tx,1471.3,162.7,311.6,,,1,0,0,1
907274501367500,1790932934.646465,14646,tx,27713.6,190.8,415.1,,,1,0,0,1
907274640519100,1790932934.785618,14785,tx,1638.6,287.4,539.7,,,1,0,0,1
907274779825200,1790932934.924926,14924,tx,1259.5,216.9,466.7,,,1,0,0,1
907274927142100,1790932935.072243,72,tx,1846.9,214.5,380.1,,,1,0,0,1
907275070854800,1790932935.215958,215,tx,7545.5,200.4,400.6,,,1,0,0,1
907275214078000,1790932935.359183,359,tx,1270.4,176.1,474.7,,,1,0,0,1
907275356262200,1790932935.501369,501,tx,1110.7,120.3,300.8,,,1,0,0,1
907275499017700,1790932935.644125,644,tx,1602.9,164.3,334.0,,,1,0,0,1
907275640932800,1790932935.786041,786,tx,15758.1,215.2,508.5,,,1,0,0,1
907275786783700,1790932935.931894,931,tx,4300.6,420.1,1268.0,,,1,0,0,1
907275928962700,1790932936.074075,1074,tx,1488.7,222.8,475.2,,30257.5,1,0,0,1
907276070482100,1790932936.215596,1215,idle,4469.3,428.5,654.6,,,0,0,0,0
907276331718600,1790932936.476835,1476,idle,10130.1,,,,,0,0,0,0
907276472352500,1790932936.617471,1617,idle,2490.0,,,,,0,0,0,0
907276693821600,1790932936.838942,1838,tx,9398.9,250.3,538.9,,,1,0,0,1
907276836631400,1790932936.981752,1981,tx,13435.1,269.6,714.4,,,1,0,0,1
907276978636100,1790932937.123759,2123,tx,1737.7,266.8,498.4,,,1,0,0,1
907277117325100,1790932937.262450,2262,tx,1605.9,410.3,605.8,,,1,0,0,1
907277255821000,1790932937.400947,2400,tx,1571.4,209.0,373.0,,,1,0,0,1
907277396603000,1790932937.541731,2541,tx,1643.6,287.9,509.3,,,1,0,0,1
907277538058900,1790932937.683188,2683,tx,1644.3,206.6,483.7,,,1,0,0,1
907277678515900,1790932937.823646,2823,tx,2381.3,282.4,643.6,,,1,0,0,1
907277820813400,1790932937.965945,2965,tx,6254.2,198.0,444.6,,,1,0,0,1
907277963312900,1790932938.108446,3108,tx,2349.3,447.1,778.3,,,1,0,0,1
907278105283800,1790932938.250419,3250,tx,1567.8,258.2,449.6,,,1,0,0,1
907278247117400,1790932938.392254,3392,tx,2014.0,262.6,523.6,,,1,0,0,1
907278403202100,1790932938.548340,3548,tx,1330.4,187.5,480.6,,,1,0,0,1
907278559857400,1790932938.704997,3704,tx,1274.7,149.8,254.4,,,1,0,0,1
907278700723800,1790932938.845865,3845,tx,3596.5,231.9,449.6,,,1,0,0,1
907278842326700,1790932938.987469,3987,tx,1531.9,419.9,751.3,,,1,0,0,1
907278981819300,1790932939.126963,4126,tx,1349.3,230.2,436.3,,,1,0,0,1
907279122555300,1790932939.267700,4267,tx,1537.3,268.3,517.6,,,1,0,0,1
907279278421600,1790932939.423569,4423,tx,1860.9,176.7,580.2,,,1,0,0,1
907279419000800,1790932939.564149,4564,tx,1950.7,216.5,486.8,,,1,0,0,1
907279566275800,1790932939.711426,4711,tx,8494.9,289.9,587.8,,,1,0,0,1
907279716395900,1790932939.861548,4861,tx,1508.8,397.7,649.0,,,1,0,0,1
907279858570900,1790932940.003724,5003,tx,1486.5,288.0,487.0,,,1,0,0,1
907280000872000,1790932940.146027,5146,tx,59518.7,189.5,401.8,,,1,0,0,1
907280189554600,1790932940.334711,5334,tx,1421.8,294.1,518.5,,,1,0,0,1
907280329581700,1790932940.474740,5474,tx,9015.7,318.6,509.0,,,1,0,0,1
907280469264700,1790932940.614424,5614,tx,1552.9,208.2,411.6,,,1,0,0,1
907280610502900,1790932940.755664,5755,tx,2064.8,221.9,521.0,,,1,0,0,1
907280752352900,1790932940.897515,5897,tx,1619.7,342.6,582.4,,,1,0,0,1
907280893907200,1790932941.039072,6039,tx,942.4,169.6,319.8,,,1,0,0,1
907281072873000,1790932941.218039,6218,tx,1816.0,203.9,548.3,,,1,0,0,1
907281219615900,1790932941.364783,6364,tx,1222.2,313.3,483.8,,,1,0,0,1
907281360320500,1790932941.505489,6505,tx,1679.8,245.0,564.3,,,1,0,0,1
907281500761700,1790932941.645932,6645,tx,58559.3,285.3,607.4,,,1,0,0,1
907281660917600,1790932941.806089,6806,tx,2503.6,306.3,546.4,,,1,0,0,1
907281801081900,1790932941.946255,6946,tx,2358.6,394.5,822.9,,,1,0,0,1
907281944073500,1790932942.089247,7089,tx,3165.0,371.2,733.4,,,1,0,0,1
907282084815900,1790932942.229992,7229,tx,9131.4,200.1,421.0,,,1,0,0,1
907282224797000,1790932942.369975,7369,tx,1431.3,233.7,446.3,,,1,0,0,1
907282366194700,1790932942.511374,7511,tx,2079.8,194.4,456.6,,,1,0,0,1
907282505298300,1790932942.650479,7650,tx,59620.4,454.8,715.3,,,1,0,0,1
907282693025200,1790932942.838208,7838,tx,2977.3,201.4,631.0,,,1,0,0,1
907282831561000,1790932942.976745,7976,tx,1331.5,281.7,483.6,,,1,0,0,1
907282971615600,1790932943.116801,8116,tx,3200.9,222.5,501.7,,,1,0,0,1
907283111136900,1790932943.256324,8256,tx,1322.5,184.4,450.6,,,1,0,0,1
907283252989100,1790932943.398177,8398,tx,2276.4,188.2,432.7,,,1,0,0,1
907283395464400,1790932943.540655,8540,tx,10271.5,395.3,621.3,,,1,0,0,1
907283552620100,1790932943.697812,8697,tx,1316.1,249.9,536.6,,,1,0,0,1
907283694000000,1790932943.839193,8839,tx,1827.6,228.9,493.7,,,1,0,0,1
907283835097900,1790932943.980292,8980,tx,12871.7,291.1,609.7,,,1,0,0,1
907283975427100,1790932944.120623,9120,tx,1640.8,267.9,623.1,,,1,0,0,1
907284115686200,1790932944.260884,9260,tx,1301.8,210.8,405.3,,,1,0,0,1
907284258560700,1790932944.403760,9403,tx,1254.7,379.5,558.8,,,1,0,0,1
907284399730700,1790932944.544931,9544,tx,1449.5,206.7,394.5,,,1,0,0,1
907284560748300,1790932944.705951,9705,tx,1138.3,221.7,378.8,,,1,0,0,1
907284710623200,1790932944.855827,9855,tx,6824.0,236.2,511.2,,,1,0,0,1
907284852155500,1790932944.997361,9997,tx,2109.8,395.4,660.7,,,1,0,0,1
907284993143000,1790932945.138350,10138,tx,1325.2,231.5,446.1,,,1,0,0,1
907285135560000,1790932945.280768,10280,tx,1510.8,282.9,544.7,,,1,0,0,1
907285278053700,1790932945.423264,10423,tx,1209.2,209.3,406.0,,,1,0,0,1
907285418360500,1790932945.563571,10563,tx,1496.9,397.0,672.7,,,1,0,0,1
907285565892700,1790932945.711106,10711,tx,1303.2,206.0,367.5,,,1,0,0,1
907285703529800,1790932945.848744,10848,tx,8710.5,303.5,497.3,,,1,0,0,1
907285842707800,1790932945.987923,10987,tx,1780.1,217.5,474.8,,,1,0,0,1
907285997531700,1790932946.142748,11142,tx,2877.6,327.5,822.3,,,1,0,0,1
907286137948000,1790932946.283166,11283,tx,8039.4,167.4,346.1,,,1,0,0,1
907286278847300,1790932946.424067,11424,tx,1862.8,221.5,513.3,,,1,0,0,1
907286420669800,1790932946.565891,11565,tx,4765.5,275.7,684.5,,,1,0,0,1
907286559719200,1790932946.704942,11704,tx,1261.4,212.0,386.7,,,1,0,0,1
907286700022900,1790932946.845247,11845,tx,1095.7,125.3,272.8,,,1,0,0,1
907286840080800,1790932946.985306,11985,tx,2437.2,289.5,930.4,,,1,0,0,1
907286980821400,1790932947.126049,12126,tx,1708.6,146.3,395.8,,,1,0,0,1
907287123022300,1790932947.268251,12268,tx,9190.9,197.4,412.2,,,1,0,0,1
907287264380400,1790932947.409611,12409,tx,1521.1,377.1,603.9,,,1,0,0,1
907287406669200,1790932947.551901,12551,tx,1927.9,222.9,561.4,,,1,0,0,1
907287566413600,1790932947.711647,12711,tx,1357.5,385.5,672.6,,,1,0,0,1
907287719652600,1790932947.864887,12864,tx,1739.7,228.4,530.8,,,1,0,0,1
907287860252600,1790932948.005489,13005,tx,1381.0,227.8,491.6,,,1,0,0,1
907288001091600,1790932948.146329,13146,tx,27576.4,456.3,809.7,,,1,0,0,1
907288156173100,1790932948.301412,13301,tx,3874.5,370.1,813.2,,,1,0,0,1
907288297792600,1790932948.443033,13443,tx,1981.7,260.3,525.8,,,1,0,0,1
907288438348000,1790932948.583591,13583,tx,2869.6,194.2,611.3,,,1,0,0,1
907288578454500,1790932948.723698,13723,tx,1479.4,352.3,549.7,,,1,0,0,1
907288718767800,1790932948.864013,13864,tx,2065.4,230.6,502.0,,,1,0,0,1
907288856456500,1790932949.001704,14001,tx,1413.1,421.6,616.7,,,1,0,0,1
907288997477600,1790932949.142726,14142,tx,1429.3,396.3,588.1,,,1,0,0,1
907289151252600,1790932949.296502,14296,tx,2894.2,427.1,746.1,,,1,0,0,1
907289291148300,1790932949.436400,14436,tx,1564.1,248.8,491.7,,,1,0,0,1
907289430894900,1790932949.576148,14576,tx,1221.9,273.1,442.4,,,1,0,0,1
907289572526300,1790932949.717780,14717,tx,1724.6,194.6,629.3,,,1,0,0,1
907289711495000,1790932949.856750,14856,tx,1905.7,255.1,532.7,,,1,0,0,1
907289851618600,1790932949.996876,14996,tx,1946.8,218.8,491.3,,,1,0,0,1
907290004882900,1790932950.150141,150,tx,62609.9,140.2,453.5,,,1,0,0,1
907290194726900,1790932950.339988,339,tx,2286.5,360.2,537.2,,,1,0,0,1
907290339934900,1790932950.485197,485,tx,1431.3,222.7,564.3,,,1,0,0,1
907290484391700,1790932950.629655,629,tx,2857.9,236.6,596.1,,,1,0,0,1
907290627184900,1790932950.772450,772,tx,1342.7,202.6,409.5,,,1,0,0,1
907290771342000,1790932950.916609,916,tx,1903.5,425.4,702.5,,,1,0,0,1
907290914809000,1790932951.060077,1060,tx,1880.3,239.9,493.0,,,1,0,0,1
907291056909000,1790932951.202179,1202,tx,7973.4,245.7,498.9,,,1,0,0,1
907291214374500,1790932951.359645,1359,tx,1985.4,424.8,697.8,,,1,0,0,1
907291354660500,1790932951.499933,1499,tx,1269.4,200.9,393.7,,,1,0,0,1
907291495402600,1790932951.640676,1640,tx,1327.9,381.6,555.5,,,1,0,0,1
907291633811400,1790932951.779087,1779,tx,1341.9,272.8,452.5,,,1,0,0,1
907291772577900,1790932951.917855,1917,tx,1172.5,222.1,449.3,,,1,0,0,1
907291912008400,1790932952.057286,2057,tx,2544.9,412.7,909.6,,,1,0,0,1
907292064442400,1790932952.209723,2209,tx,1358.4,361.7,523.0,,,1,0,0,1
907292210358800,1790932952.355640,2355,tx,1995.6,338.0,711.7,,,1,0,0,1
907292350570400,1790932952.495853,2495,tx,2247.0,315.9,596.4,,,1,0,0,1
907292492091000,1790932952.637376,2637,tx,1455.8,233.1,411.8,,,1,0,0,1
907292632178800,1790932952.777465,2777,tx,1430.3,232.9,459.7,,,1,0,0,1
907292772957300,1790932952.918245,2918,tx,2277.2,195.2,428.7,,,1,0,0,1
907292914920000,1790932953.060209,3060,tx,18602.6,380.0,888.0,,,1,0,0,1
907293073020700,1790932953.218311,3218,tx,1564.8,261.7,556.4,,,1,0,0,1
907293213592800,1790932953.358884,3358,tx,1773.7,225.5,514.9,,,1,0,0,1
907293353600100,1790932953.498893,3498,tx,8266.6,221.9,421.0,,,1,0,0,1
907293494316000,1790932953.639611,3639,tx,1201.1,237.5,417.7,,,1,0,0,1
907293634895200,1790932953.780192,3780,tx,1491.1,207.5,627.6,,,1,0,0,1
907293775385700,1790932953.920684,3920,tx,1613.3,401.3,614.9,,,1,0,0,1
907293916148100,1790932954.061447,4061,tx,8098.2,288.6,536.3,,,1,0,0,1
907294056458500,1790932954.201760,4201,tx,1342.0,430.4,625.3,,,1,0,0,1
907294197732500,1790932954.343035,4343,tx,1495.1,199.5,381.2,,,1,0,0,1
907294340440400,1790932954.485744,4485,tx,21575.5,266.8,650.2,,,1,0,0,1
907294481745600,1790932954.627051,4627,tx,1593.3,266.2,495.9,,,1,0,0,1
907294623049900,1790932954.768357,4768,tx,1585.1,161.0,555.8,,,1,0,0,1
907294764125000,1790932954.909433,4909,tx,7273.8,322.3,752.5,,,1,0,0,1
907294920855200,1790932955.066165,5066,tx,1342.4,210.0,393.1,,,1,0,0,1
907295064272300,1790932955.209584,5209,tx,1428.2,232.2,790.2,,,1,0,0,1
907295203946700,1790932955.349260,5349,tx,8784.0,232.9,441.7,,,1,0,0,1
907295344125600,1790932955.489440,5489,tx,1872.8,196.6,423.5,,,1,0,0,1
907295486151000,1790932955.631467,5631,tx,1158.4,176.4,388.3,,,1,0,0,1
907295626100000,1790932955.771417,5771,tx,1652.2,241.2,472.6,,,1,0,0,1
907295781131400,1790932955.926450,5926,tx,3435.7,389.3,749.3,,,1,0,0,1
907295922281400,1790932956.067602,6067,tx,1856.2,445.9,689.7,,,1,0,0,1
907296063958500,1790932956.209280,6209,tx,1584.1,106.9,236.6,,,1,0,0,1
907296218254000,1790932956.363577,6363,tx,1497.6,170.0,412.5,,,1,0,0,1
907296359059700,1790932956.504384,6504,tx,1661.9,264.9,552.7,,,1,0,0,1
907296501578800,1790932956.646905,6646,tx,58283.5,163.3,386.1,,,1,0,0,1
907296689955500,1790932956.835284,6835,tx,1343.5,233.9,444.0,,,1,0,0,1
907296829411400,1790932956.974741,6974,tx,1616.5,390.6,623.6,,,1,0,0,1
907296968470500,1790932957.113802,7113,tx,14521.6,377.9,587.3,,,1,0,0,1
907297110031200,1790932957.255348,7255,tx,1373.5,276.4,477.6,,,1,0,0,1
907297250732200,1790932957.396066,7396,tx,2744.9,430.2,1065.1,,,1,0,0,1
907297390961700,1790932957.536297,7536,tx,8087.5,177.3,352.6,,,1,0,0,1
907297566252000,1790932957.711590,7711,tx,7136.7,193.5,325.4,,,1,0,0,1
907297703376100,1790932957.848715,7848,tx,1268.6,393.7,575.5,,,1,0,0,1
907297845369600,1790932957.990710,7990,tx,1332.7,151.3,317.7,,,1,0,0,1
907297985895500,1790932958.131237,8131,tx,1696.7,211.9,412.6,,,1,0,0,1
907298125797200,1790932958.271140,8271,tx,1421.4,143.8,557.5,,,1,0,0,1
907298263908600,1790932958.409253,8409,tx,1464.3,163.7,304.3,,,1,0,0,1
907298406122700,1790932958.551469,8551,tx,2016.2,215.0,438.3,,,1,0,0,1
907298547222800,1790932958.692571,8692,tx,1471.2,195.1,382.9,,,1,0,0,1
907298686865800,1790932958.832214,8832,tx,1966.8,226.7,480.7,,,1,0,0,1
907298830307600,1790932958.975657,8975,tx,19454.0,181.3,710.9,,,1,0,0,1
907298983088200,1790932959.128440,9128,tx,2251.4,186.1,398.2,,,1,0,0,1
907299126359900,1790932959.271713,9271,tx,1494.4,430.5,626.2,,,1,0,0,1
907299265051500,1790932959.410407,9410,tx,1509.1,202.4,413.4,,,1,0,0,1
907299408067100,1790932959.553424,9553,tx,2174.0,187.5,393.1,,,1,0,0,1
907299561523500,1790932959.706882,9706,tx,1443.5,317.2,508.1,,,1,0,0,1
907299705602000,1790932959.850961,9850,tx,3209.1,258.5,630.3,,,1,0,0,1
907299848654900,1790932959.994016,9994,tx,1403.4,242.1,466.2,,,1,0,0,1
907299988065000,1790932960.133427,10133,tx,2660.0,220.9,851.1,,,1,0,0,1
907300127133200,1790932960.272497,10272,tx,18598.9,440.1,794.0,,,1,0,0,1
907300268259700,1790932960.413625,10413,tx,1427.6,149.9,354.5,,,1,0,0,1
907300407377800,1790932960.552745,10552,tx,1043.2,199.1,367.5,,,1,0,0,1
907300580569400,1790932960.725938,10725,tx,1413.5,351.6,473.2,,,1,0,0,1
907300720336500,1790932960.865707,10865,tx,2046.2,506.1,769.9,,,1,0,0,1
907300860863200,1790932961.006234,11006,tx,4002.6,263.3,1180.8,,,1,0,0,1
907301001928900,1790932961.147302,11147,tx,11376.7,536.2,908.3,,,1,0,0,1
907301142960500,1790932961.288335,11288,tx,1799.7,268.2,510.0,,,1,0,0,1
907301282807400,1790932961.428184,11428,tx,1401.8,240.3,477.1,,,1,0,0,1
907301425897900,1790932961.571275,11571,tx,1871.7,187.4,491.2,,,1,0,0,1
907301567041900,1790932961.712421,11712,tx,1355.9,229.6,436.8,,,1,0,0,1
907301706575900,1790932961.851956,11851,tx,1509.7,261.5,517.3,,,1,0,0,1
907301847415900,1790932961.992798,11992,tx,2183.1,166.6,754.7,,,1,0,0,1
907301988600900,1790932962.133984,12133,tx,8922.3,159.1,482.1,,,1,0,0,1
907302127583300,1790932962.272968,12272,tx,1320.5,285.3,490.6,,,1,0,0,1
907302270853800,1790932962.416240,12416,tx,1732.3,226.9,444.0,,,1,0,0,1
907302410733500,1790932962.556121,12556,tx,1310.1,246.9,445.6,,,1,0,0,1
907302578404000,1790932962.723794,12723,tx,1727.8,479.0,648.3,,,1,0,0,1
907302722914300,1790932962.868305,12868,tx,1746.9,138.1,493.8,,,1,0,0,1
907302864230200,1790932963.009623,13009,tx,15342.8,206.2,437.4,,,1,0,0,1
907303004800500,1790932963.150194,13150,tx,1082.7,227.0,398.3,,,1,0,0,1
907303146493800,1790932963.291889,13291,tx,1430.2,264.3,522.6,,,1,0,0,1
907303288615000,1790932963.434012,13434,tx,1957.1,218.1,473.4,,,1,0,0,1
907303429399100,1790932963.574797,13574,tx,1368.8,188.8,529.2,,,1,0,0,1
907303586533100,1790932963.731933,13731,tx,1829.6,340.7,477.3,,,1,0,0,1
907303726000500,1790932963.871402,13871,tx,1727.9,240.5,499.2,,,1,0,0,1
907303865478200,1790932964.010881,14010,tx,2938.2,317.3,561.4,,,1,0,0,1
907304005695600,1790932964.151100,14151,tx,1258.1,222.7,433.9,,,1,0,0,1
907304145487000,1790932964.290893,14290,tx,1337.7,328.9,572.2,,,1,0,0,1
907304288656100,1790932964.434063,14434,tx,9223.2,203.2,399.5,,,1,0,0,1
907304430414200,1790932964.575823,14575,tx,1729.2,324.8,613.4,,,1,0,0,1
907304572975200,1790932964.718385,14718,tx,1174.7,195.2,389.4,,,1,0,0,1
907304714161600,1790932964.859573,14859,tx,1221.8,253.6,444.3,,,1,0,0,1
907304855243300,1790932965.000656,0,tx,2035.7,392.6,697.0,,,1,0,0,1
907304998279500,1790932965.143694,143,tx,1379.3,268.0,458.0,,,1,0,0,1
907305141367300,1790932965.286783,286,tx,1846.7,262.5,649.1,,,1,0,0,1
907305284455100,1790932965.429873,429,tx,1664.2,381.6,612.6,,,1,0,0,1
907305430169500,1790932965.575589,575,tx,1436.8,186.7,426.6,,,1,0,0,1
907305585822100,1790932965.731243,731,tx,1240.4,160.1,293.8,,,1,0,0,1
907305734612400,1790932965.880035,880,tx,1477.7,250.9,454.7,,,1,0,0,1
907305880458400,1790932966.025882,1025,tx,2800.0,284.8,679.1,,,1,0,0,1
907306020701300,1790932966.166126,1166,tx,27026.5,209.9,451.9,,,1,0,0,1
907306180582500,1790932966.326009,1326,tx,1729.4,295.9,538.5,,,1,0,0,1
907306322613800,1790932966.468041,1468,tx,3583.1,362.1,908.7,,,1,0,0,1
907306480276900,1790932966.625706,1625,tx,3751.2,253.0,687.8,,,1,0,0,1
907306637094900,1790932966.782527,1782,tx,1179.9,235.4,423.3,,,1,0,0,1
907306778167000,1790932966.923600,1923,tx,1431.6,253.7,489.6,,,1,0,0,1
907306921928600,1790932967.067363,2067,tx,16844.4,197.3,614.9,,,1,0,0,1
907307084312400,1790932967.229749,2229,tx,7481.7,421.0,643.6,,,1,0,0,1
907307235491400,1790932967.380929,2380,tx,8373.8,278.4,512.6,,,1,0,0,1
907307378200900,1790932967.523640,2523,tx,1531.3,221.1,455.2,,,1,0,0,1
907307520582600,1790932967.666023,2666,tx,26870.6,220.9,407.1,,,1,0,0,1
907307662506600,1790932967.807948,2807,tx,5043.1,230.2,970.8,,,1,0,0,1
907307802153300,1790932967.947597,2947,tx,1227.0,153.6,454.9,,,1,0,0,1
907307944398600,1790932968.089844,3089,tx,1244.0,183.0,366.1,,,1,0,0,1
907308087375400,1790932968.232822,3232,tx,8121.1,171.3,291.8,,,1,0,0,1
907308225117100,1790932968.370565,3370,tx,6672.7,180.3,471.7,,,1,0,0,1
907308366218600,1790932968.511668,3511,tx,1741.9,216.7,469.0,,,1,0,0,1
907308509159600,1790932968.654611,3654,tx,1798.8,264.0,522.3,,,1,0,0,1
907308652505900,1790932968.797958,3797,tx,2247.2,267.2,581.0,,,1,0,0,1
907308794594700,1790932968.940049,3940,tx,2024.5,233.3,585.6,,,1,0,0,1
907308934614900,1790932969.080071,4080,tx,1162.5,281.3,419.2,,,1,0,0,1
907309077488700,1790932969.222946,4222,tx,1459.7,378.1,576.7,,,1,0,0,1
907309235625900,1790932969.381084,4381,tx,1342.6,160.6,471.2,,,1,0,0,1
907309376380800,1790932969.521841,4521,tx,2204.0,404.8,649.8,,,1,0,0,1
907309516774600,1790932969.662236,4662,tx,63047.7,317.3,795.8,,,1,0,0,1
907309705775300,1790932969.851239,4851,tx,1706.7,308.8,690.1,,,1,0,0,1
907309847821000,1790932969.993286,4993,tx,1824.6,221.0,462.3,,,1,0,0,1
907309990357600,1790932970.135824,5135,tx,1111.2,197.6,368.5,,,1,0,0,1
907310130209900,1790932970.275678,5275,tx,1619.3,266.3,481.5,,,1,0,0,1
907310272420400,1790932970.417890,5417,tx,2690.9,272.7,671.8,,,1,0,0,1
907310413837100,1790932970.559308,5559,tx,7442.7,191.7,403.7,,,1,0,0,1
907310556314800,1790932970.701787,5701,tx,1431.5,427.3,662.9,,,1,0,0,1
907310696178300,1790932970.841652,5841,tx,1478.3,224.4,460.8,,,1,0,0,1
907310839714300,1790932970.985190,5985,tx,1427.5,236.0,572.6,,,1,0,0,1
907310979916200,1790932971.125393,6125,tx,1197.5,212.6,402.9,,,1,0,0,1
907311119706800,1790932971.265185,6265,tx,1252.6,183.3,374.7,,,1,0,0,1
907311259132200,1790932971.404612,6404,tx,1491.7,227.2,479.6,,,1,0,0,1
907311402265100,1790932971.547746,6547,tx,18860.0,322.4,673.0,,,1,0,0,1
907311586308300,1790932971.731792,6731,tx,1427.8,230.1,425.3,,,1,0,0,1
907311732253900,1790932971.877739,6877,tx,1602.6,249.6,474.2,,,1,0,0,1
907311888234200,1790932972.033720,7033,tx,1342.1,225.7,439.6,,,1,0,0,1
907312047287500,1790932972.192776,7192,tx,3035.0,184.2,326.7,,,1,0,0,1
907312202985500,1790932972.348475,7348,tx,1749.0,217.1,529.3,,,1,0,0,1
907312342938900,1790932972.488430,7488,tx,1355.0,240.7,457.0,,,1,0,0,1
907312484303800,1790932972.629796,7629,tx,3611.6,204.1,398.2,,,1,0,0,1
907312626831200,1790932972.772325,7772,tx,1251.5,203.2,369.6,,,1,0,0,1
907312767103200,1790932972.912599,7912,tx,1415.6,151.9,376.0,,,1,0,0,1
907312906744100,1790932973.052241,8052,tx,1307.5,168.0,309.7,,,1,0,0,1
907313074331900,1790932973.219831,8219,tx,1400.0,190.1,426.6,,,1,0,0,1
907313217542300,1790932973.363043,8363,tx,1543.2,264.6,449.9,,,1,0,0,1
907313359894100,1790932973.505396,8505,tx,10319.3,122.0,351.9,,,1,0,0,1
907313501734000,1790932973.647237,8647,tx,2247.8,201.3,531.3,,,1,0,0,1
907313642679400,1790932973.788184,8788,tx,1180.6,157.7,396.0,,,1,0,0,1
907313782203000,1790932973.927709,8927,tx,1417.6,136.9,339.8,,,1,0,0,1
907313922868200,1790932974.068376,9068,tx,1203.1,201.0,373.7,,,1,0,0,1
907314080315000,1790932974.225825,9225,tx,1557.0,441.7,672.8,,,1,0,0,1
907314220064900,1790932974.365575,9365,tx,1881.0,234.3,515.1,,,1,0,0,1
907314360995600,1790932974.506508,9506,tx,1359.8,171.6,351.4,,,1,0,0,1
907314502095000,1790932974.647608,9647,tx,2169.1,306.8,857.8,,,1,0,0,1
907314644936800,1790932974.790452,9790,tx,1479.9,216.5,457.4,,,1,0,0,1
907314785615800,1790932974.931131,9931,tx,12111.1,272.2,652.5,,,1,0,0,1
907314927486500,1790932975.073004,10073,tx,1425.8,413.5,581.2,,,1,0,0,1
907315069863100,1790932975.215383,10215,tx,1222.3,186.0,391.8,,,1,0,0,1
907315210742600,1790932975.356263,10356,tx,2162.2,309.3,554.3,,,1,0,0,1
907315350763500,1790932975.496286,10496,tx,1703.6,199.3,509.6,,,1,0,0,1
907315493791200,1790932975.639314,10639,tx,1811.2,177.7,535.8,,,1,0,0,1
907315635092200,1790932975.780617,10780,tx,1324.8,245.0,465.8,,,1,0,0,1
907315777050400,1790932975.922577,10922,tx,2026.0,204.5,385.5,,,1,0,0,1
907315918916200,1790932976.064444,11064,tx,1358.6,201.5,474.4,,,1,0,0,1
907316082276500,1790932976.227807,11227,tx,1469.5,154.8,288.9,,,1,0,0,1
907316229730300,1790932976.375262,11375,tx,1261.1,225.3,418.4,,,1,0,0,1
907316385239500,1790932976.530773,11530,tx,2413.8,391.5,560.1,,,1,0,0,1
907316524417100,1790932976.669951,11669,tx,23543.7,232.2,571.6,,,1,0,0,1
907316665503800,1790932976.811039,11811,tx,1946.0,205.7,492.1,,,1,0,0,1
907316807841700,1790932976.953379,11953,tx,1624.5,239.3,692.5,,,1,0,0,1
907316948518800,1790932977.094058,12094,tx,2165.7,225.1,543.1,,,1,0,0,1
907317104911700,1790932977.250452,12250,tx,1912.6,191.3,505.3,,,1,0,0,1
907317245617600,1790932977.391160,12391,tx,1930.0,233.7,666.7,,,1,0,0,1
907317384690400,1790932977.530234,12530,tx,2173.4,342.1,649.6,,,1,0,0,1
907317525824800,1790932977.671370,12671,tx,59405.2,195.0,462.2,,,1,0,0,1
907317705339200,1790932977.850886,12850,tx,1962.6,458.1,682.5,,,1,0,0,1
907317854738200,1790932978.000287,13000,tx,3958.7,242.4,459.7,,,1,0,0,1
907317997316000,1790932978.142866,13142,tx,1899.6,377.1,594.2,,,1,0,0,1
907318137692600,1790932978.283243,13283,tx,3227.8,292.9,648.9,,,1,0,0,1
907318277299700,1790932978.422852,13422,tx,2346.8,423.8,734.7,,,1,0,0,1
907318416665500,1790932978.562220,13562,tx,1734.6,260.5,544.3,,,1,0,0,1
907318583579000,1790932978.729135,13729,tx,2024.8,183.2,613.8,,,1,0,0,1
907318731034500,1790932978.876592,13876,tx,7237.4,165.0,383.7,,,1,0,0,1
907318871774900,1790932979.017333,14017,tx,2012.7,273.6,592.2,,,1,0,0,1
907319012822300,1790932979.158383,14158,tx,1675.7,199.0,447.7,,,1,0,0,1
907319153288100,1790932979.298849,14298,tx,2166.7,325.9,648.6,,,1,0,0,1
907319294188300,1790932979.439752,14439,tx,1566.3,193.0,442.1,,,1,0,0,1
907319434144500,1790932979.579709,14579,tx,1242.9,185.1,445.9,,,1,0,0,1
907319575708700,1790932979.721275,14721,tx,1489.3,248.1,453.4,,,1,0,0,1
907319717882400,1790932979.863450,14863,tx,1602.7,215.2,526.3,,,1,0,0,1
907319858141800,1790932980.003711,3,tx,2379.7,402.7,726.2,,,1,0,0,1
907320002521400,1790932980.148092,148,tx,1613.0,248.3,463.0,,,1,0,0,1
907320145837400,1790932980.291410,291,tx,5573.7,171.4,342.7,,,1,0,0,1
907320291378300,1790932980.436952,436,tx,1462.0,385.4,596.4,,,1,0,0,1
907320434503400,1790932980.580079,580,tx,1857.1,233.9,666.7,,,1,0,0,1
907320590416700,1790932980.735994,735,tx,1421.7,214.4,596.2,,,1,0,0,1
907320737157200,1790932980.882735,882,tx,1480.7,167.6,477.6,,,1,0,0,1
907320881645100,1790932981.027225,1027,tx,1947.8,144.1,551.8,,,1,0,0,1
907321025469500,1790932981.171051,1171,tx,24731.1,339.2,586.6,,,1,0,0,1
907321180393100,1790932981.325975,1325,tx,2513.5,222.1,638.6,,,1,0,0,1
907321321341600,1790932981.466926,1466,tx,2305.7,210.1,693.1,,,1,0,0,1
907321462914700,1790932981.608500,1608,tx,10441.5,174.4,384.0,,,1,0,0,1
907321602897200,1790932981.748485,1748,tx,1335.6,222.5,433.0,,,1,0,0,1
907321744105200,1790932981.889693,1889,tx,1863.5,443.4,761.8,,,1,0,0,1
907321886055900,1790932982.031646,2031,tx,2415.3,258.5,606.4,,,1,0,0,1
907322026365800,1790932982.171957,2171,tx,53871.7,357.7,556.0,,,1,0,0,1
907322199003700,1790932982.344598,2344,tx,1263.8,179.8,433.6,,,1,0,0,1
907322339398100,1790932982.484993,2484,tx,21741.4,284.8,588.2,,,1,0,0,1
907322495172800,1790932982.640769,2640,tx,1430.0,241.4,466.7,,,1,0,0,1
907322636248000,1790932982.781846,2781,tx,2408.5,260.4,870.5,,,1,0,0,1
907322777356900,1790932982.922956,2922,tx,10822.5,269.2,641.5,,,1,0,0,1
907322933060200,1790932983.078661,3078,tx,1181.3,202.5,401.0,,,1,0,0,1
907323085653900,1790932983.231257,3231,tx,1260.6,193.1,387.1,,,1,0,0,1
907323232096100,1790932983.377700,3377,tx,1601.4,209.8,437.3,,,1,0,0,1
907323373949400,1790932983.519555,3519,tx,1966.1,258.5,521.6,,,1,0,0,1
907323516165200,1790932983.661772,3661,tx,59085.2,211.8,583.0,,,1,0,0,1
907323690604200,1790932983.836213,3836,tx,2703.1,236.5,417.5,,,1,0,0,1
907323830894300,1790932983.976505,3976,tx,1235.7,220.3,407.3,,,1,0,0,1
907323972968400,1790932984.118581,4118,tx,9163.4,207.8,353.9,,,1,0,0,1
907324112122100,1790932984.257735,4257,tx,1994.3,199.2,486.5,,,1,0,0,1
907324254476600,1790932984.400091,4400,tx,1415.2,305.4,507.1,,,1,0,0,1
907324397157200,1790932984.542773,4542,tx,1584.4,254.8,570.7,,,1,0,0,1
907324535283100,1790932984.680901,4680,tx,47025.2,185.7,344.0,,,1,0,0,1
907324696492300,1790932984.842112,4842,tx,2716.8,312.9,794.7,,,1,0,0,1
907324846848100,1790932984.992467,4992,tx,9618.2,226.3,538.3,,,1,0,0,1
907324987787700,1790932985.133410,5133,tx,1280.9,198.0,390.8,,,1,0,0,1
907325129034100,1790932985.274658,5274,tx,1311.4,195.4,364.6,,,1,0,0,1
907325271762200,1790932985.417388,5417,tx,1527.5,250.3,514.5,,,1,0,0,1
907325412338100,1790932985.557965,5557,tx,1920.6,247.8,527.8,,,1,0,0,1
907325573787100,1790932985.719416,5719,tx,1272.1,141.8,255.7,,,1,0,0,1
907325725318200,1790932985.870948,5870,tx,10716.8,310.9,691.5,,,1,0,0,1
907325867302700,1790932986.012934,6012,tx,1263.9,184.7,389.9,,,1,0,0,1
907326005975300,1790932986.151608,6151,tx,1400.7,197.1,400.1,,,1,0,0,1
907326146778300,1790932986.292413,6292,tx,1698.5,207.0,574.2,,,1,0,0,1
907326287107000,1790932986.432743,6432,tx,981.5,134.8,293.1,,,1,0,0,1
907326428609700,1790932986.574247,6574,tx,1426.2,231.5,443.2,,,1,0,0,1
907326606827200,1790932986.752467,6752,tx,1142.5,145.6,281.5,,,1,0,0,1
907326755563100,1790932986.901204,6901,tx,1604.4,285.1,483.6,,,1,0,0,1
907326895365600,1790932987.041008,7041,tx,2253.7,313.7,622.6,,,1,0,0,1
907327035367400,1790932987.181011,7181,tx,27526.4,311.6,667.4,,,1,0,0,1
907327191533500,1790932987.337179,7337,tx,1549.9,195.6,531.5,,,1,0,0,1
907327333022800,1790932987.478670,7478,tx,1720.0,234.6,508.3,,,1,0,0,1
907327474696300,1790932987.620342,7620,tx,12864.8,245.2,657.1,,,1,0,0,1
907327615621500,1790932987.761271,7761,tx,1654.6,219.9,430.5,,,1,0,0,1
907327756623200,1790932987.902275,7902,tx,1558.0,242.7,467.4,,,1,0,0,1
907327899306300,1790932988.044959,8044,tx,1409.3,435.3,754.7,,,1,0,0,1
907328040166500,1790932988.185821,8185,tx,72945.7,171.0,337.7,,,1,0,0,1
907328223645100,1790932988.369302,8369,tx,1180.1,188.3,341.9,,,1,0,0,1
907328372307700,1790932988.517965,8517,tx,1859.8,370.9,659.1,,,1,0,0,1
907328528807200,1790932988.674467,8674,tx,1266.4,252.4,453.6,,,1,0,0,1
907328672787700,1790932988.818447,8818,tx,13663.1,319.9,1041.5,,,1,0,0,1
907328814942000,1790932988.960605,8960,tx,1712.6,192.2,510.8,,,1,0,0,1
907328955591400,1790932989.101255,9101,tx,1374.1,198.5,411.5,,,1,0,0,1
907329097531600,1790932989.243197,9243,tx,1306.5,323.0,517.8,,,1,0,0,1
907329237823600,1790932989.383490,9383,tx,1295.8,248.7,463.6,,,1,0,0,1
907329378753000,1790932989.524420,9524,tx,2648.1,959.3,1210.4,,,1,0,0,1
907329519174100,1790932989.664843,9664,tx,2717.1,380.1,733.3,,,1,0,0,1
907329659789900,1790932989.805461,9805,tx,9588.2,387.5,1137.8,,,1,0,0,1
907329802082200,1790932989.947755,9947,tx,1387.3,222.3,450.5,,,1,0,0,1
907329942450500,1790932990.088125,10088,tx,1579.9,323.7,529.8,,,1,0,0,1
907330083929400,1790932990.229605,10229,tx,1598.0,187.9,549.0,,,1,0,0,1
907330226264700,1790932990.371941,10371,tx,2093.0,460.6,724.3,,,1,0,0,1
907330366635900,1790932990.512314,10512,tx,1417.4,259.6,453.4,,,1,0,0,1
907330507526000,1790932990.653206,10653,tx,1939.2,304.2,522.4,,,1,0,0,1
907330650150300,1790932990.795831,10795,tx,7753.7,458.6,818.8,,,1,0,0,1
907330807188600,1790932990.952872,10952,tx,2494.9,452.6,732.5,,,1,0,0,1
907330949060800,1790932991.094745,11094,tx,1833.2,225.2,548.0,,,1,0,0,1
907331117725800,1790932991.263412,11263,tx,1692.3,251.1,472.0,,,1,0,0,1
907331264393100,1790932991.410081,11410,tx,1847.6,387.8,611.2,,,1,0,0,1
907331405394800,1790932991.551083,11551,tx,3137.1,261.1,680.7,,,1,0,0,1
907331564801600,1790932991.710493,11710,tx,1188.6,195.6,305.2,,,1,0,0,1
907331702950400,1790932991.848642,11848,tx,1422.1,172.4,494.6,,,1,0,0,1
907331843303600,1790932991.988997,11988,tx,4551.9,391.5,636.8,,,1,0,0,1
907331985104800,1790932992.130799,12130,tx,2017.4,278.0,519.7,,,1,0,0,1
907332124872800,1790932992.270570,12270,tx,1518.9,251.6,442.5,,,1,0,0,1
907332263836700,1790932992.409535,12409,tx,1223.6,233.6,457.0,,,1,0,0,1
907332406333400,1790932992.552033,12552,tx,9297.3,314.3,635.2,,,1,0,0,1
907332609149500,1790932992.754851,12754,tx,16758.9,213.8,407.7,,,1,0,0,1
907332759607700,1790932992.905311,12905,tx,1254.2,233.0,441.3,,,1,0,0,1
907332908925500,1790932993.054630,13054,tx,3499.3,305.3,657.5,,,1,0,0,1
907333061920600,1790932993.207627,13207,tx,7552.8,177.6,379.4,,,1,0,0,1
907333205695700,1790932993.351404,13351,tx,2702.0,190.4,369.5,,,1,0,0,1
907333347766000,1790932993.493476,13493,tx,1156.3,210.1,384.4,,,1,0,0,1
907333490599900,1790932993.636311,13636,tx,2947.4,262.1,448.5,,,1,0,0,1
907333632439100,1790932993.778152,13778,tx,1432.6,339.8,575.1,,,1,0,0,1
907333772827200,1790932993.918541,13918,tx,1942.0,243.2,533.4,,,1,0,0,1
907333914483800,1790932994.060199,14060,tx,1291.2,305.0,515.2,,,1,0,0,1
907334112284400,1790932994.258002,14258,tx,1240.3,167.1,338.9,,,1,0,0,1
907334261287400,1790932994.407007,14407,tx,8002.4,380.9,571.4,,,1,0,0,1
907334418236700,1790932994.563955,14563,tx,2962.6,376.9,747.2,,,1,0,0,1
907334560971600,1790932994.706694,14706,tx,1845.2,219.9,465.5,,,1,0,0,1
907334698618400,1790932994.844342,14844,tx,16058.0,247.3,591.7,,,1,0,0,1
907334839967200,1790932994.985692,14985,tx,1330.6,266.3,480.2,,,1,0,0,1
907334979316800,1790932995.125043,125,tx,1613.9,426.1,664.8,,,1,0,0,1
907335123172100,1790932995.268899,268,tx,2145.8,229.7,662.8,,,1,0,0,1
907335267965000,1790932995.413694,413,tx,2115.9,400.5,892.0,,,1,0,0,1
907335412534700,1790932995.558266,558,tx,1463.1,247.1,497.7,,,1,0,0,1
907335557815000,1790932995.703548,703,tx,56803.4,141.1,318.7,,,1,0,0,1
907335721116800,1790932995.866851,866,tx,3159.5,417.4,893.1,,,1,0,0,1
907335861819600,1790932996.007555,1007,tx,1673.2,237.0,482.2,,,1,0,0,1
907336002993900,1790932996.148731,1148,tx,11925.4,181.3,427.2,,,1,0,0,1
907336143683600,1790932996.289422,1289,tx,1356.3,287.3,457.0,,,1,0,0,1
907336284847300,1790932996.430587,1430,tx,1313.3,138.4,352.8,,,1,0,0,1
907336426150100,1790932996.571892,1571,tx,1376.8,214.6,441.9,,,1,0,0,1
907336598224500,1790932996.743968,1743,tx,1155.3,163.7,296.1,,,1,0,0,1
907336750128000,1790932996.895873,1895,tx,1882.5,221.0,458.0,,,1,0,0,1
907336890193500,1790932997.035940,2035,tx,13527.7,251.3,605.1,,,1,0,0,1
907337045591600,1790932997.191339,2191,tx,1301.8,249.1,455.2,,,1,0,0,1
907337187527400,1790932997.333277,2333,tx,1919.9,132.7,350.4,,,1,0,0,1
907337328315400,1790932997.474066,2474,tx,1352.1,208.3,377.3,,,1,0,0,1
907337471028900,1790932997.616781,2616,tx,1289.4,238.4,524.1,,,1,0,0,1
907337612234800,1790932997.757989,2757,tx,1221.8,268.2,443.3,,,1,0,0,1
907337751779700,1790932997.897535,2897,tx,14154.7,229.2,503.9,,,1,0,0,1
907337895577800,1790932998.041335,3041,tx,1387.9,223.3,493.1,,78949.0,1,0,0,1
907338034062300,1790932998.179821,3179,idle,1334.2,172.9,333.3,,,0,0,0,0
907338174847500,1790932998.320607,3320,idle,167348.9,219.8,608.6,,,0,0,0,0
907338455546200,1790932998.601309,3601,idle,3267.1,,,,,0,0,0,0
907338594212500,1790932998.739976,3739,idle,2512.6,,,,,0,0,0,0
907338784306100,1790932998.930072,3930,tx,10637.4,304.6,585.4,,,1,0,0,1
907338923104600,1790932999.068872,4068,tx,1646.9,206.5,429.9,,,1,0,0,1
907339109440800,1790932999.255210,4255,tx,8281.3,274.5,592.1,,,1,0,0,1
907339251035200,1790932999.396806,4396,tx,2060.1,235.7,578.5,,,1,0,0,1
907339394259900,1790932999.540031,4540,tx,8857.4,323.3,615.6,,,1,0,0,1
907339536840300,1790932999.682614,4682,tx,1371.8,223.8,420.3,,,1,0,0,1
907339676151900,1790932999.821927,4821,tx,1757.8,162.6,398.6,,,1,0,0,1
907339818616200,1790932999.964393,4964,tx,2131.4,250.2,561.0,,,1,0,0,1
907339959119500,1790933000.104898,5104,tx,1417.3,207.7,444.3,,,1,0,0,1
907340113824300,1790933000.259604,5259,tx,1346.9,305.2,445.4,,,1,0,0,1
907340257192200,1790933000.402973,5402,tx,2215.1,457.3,799.4,,,1,0,0,1
907340398621100,1790933000.544404,5544,tx,1466.3,256.9,449.5,,,1,0,0,1
907340540705900,1790933000.686490,5686,tx,1720.4,235.5,672.2,,,1,0,0,1
907340682340400,1790933000.828126,5828,tx,1622.5,362.0,607.2,,,1,0,0,1
907340825489800,1790933000.971277,5971,tx,7498.3,277.1,575.8,,,1,0,0,1
907340966354800,1790933001.112144,6112,tx,1598.6,381.8,607.1,,,1,0,0,1
907341107006500,1790933001.252797,6252,tx,1213.5,176.6,372.2,,,1,0,0,1
907341248550800,1790933001.394342,6394,tx,2844.8,287.7,671.3,,,1,0,0,1
907341386930100,1790933001.532723,6532,tx,1569.6,241.8,505.6,,,1,0,0,1
907341528278600,1790933001.674073,6674,tx,1800.2,332.5,628.2,,,1,0,0,1
907341668264900,1790933001.814060,6814,tx,1601.8,411.8,629.3,,,1,0,0,1
907341809922600,1790933001.955719,6955,tx,12007.1,281.3,935.7,,,1,0,0,1
907341952358700,1790933002.098158,7098,tx,1484.2,347.9,563.5,,,1,0,0,1
907342107913100,1790933002.253713,7253,tx,1175.0,229.5,383.1,,,1,0,0,1
907342252577400,1790933002.398380,7398,tx,1625.9,253.0,452.4,,,1,0,0,1
907342394613100,1790933002.540417,7540,tx,1266.2,220.9,432.3,,,1,0,0,1
907342536857200,1790933002.682662,7682,tx,1944.5,248.7,510.8,,,1,0,0,1
907342678960300,1790933002.824767,7824,tx,5329.1,197.1,357.1,,,1,0,0,1
907342820854600,1790933002.966663,7966,tx,1115.3,213.9,385.2,,,1,0,0,1
907342962697300,1790933003.108507,8108,tx,3011.6,500.2,1251.2,,,1,0,0,1
907343121992900,1790933003.267804,8267,tx,4604.8,189.8,352.4,,,1,0,0,1
907343260148200,1790933003.405961,8405,tx,1467.5,177.7,378.3,,,1,0,0,1
907343401121100,1790933003.546935,8546,tx,1632.7,430.6,783.9,,,1,0,0,1
907343542018300,1790933003.687833,8687,tx,2288.5,286.1,659.3,,,1,0,0,1
907343681944300,1790933003.827761,8827,tx,1254.5,201.8,392.7,,,1,0,0,1
907343825083300,1790933003.970902,8970,tx,1822.1,285.2,565.9,,,1,0,0,1
907343981521500,1790933004.127341,9127,tx,3163.8,279.6,794.2,,,1,0,0,1
907344122196400,1790933004.268018,9268,tx,1526.6,245.4,462.0,,,1,0,0,1
907344264520600,1790933004.410343,9410,tx,1550.3,281.1,533.4,,,1,0,0,1
907344406509500,1790933004.552334,9552,tx,3846.3,345.6,845.2,,,1,0,0,1
907344548131300,1790933004.693957,9693,tx,62238.5,412.2,794.6,,,1,0,0,1
907344737341700,1790933004.883170,9883,tx,1523.8,338.7,534.4,,,1,0,0,1
907344893477100,1790933005.039307,10039,tx,1211.1,350.7,482.4,,,1,0,0,1
907345033346600,1790933005.179178,10179,tx,1311.4,186.0,370.3,,,1,0,0,1
907345174248200,1790933005.320080,10320,tx,1561.7,212.7,440.0,,,1,0,0,1
907345314582200,1790933005.460416,10460,tx,1264.2,278.3,446.4,,,1,0,0,1
907345455984900,1790933005.601820,10601,tx,1689.5,210.2,441.9,,,1,0,0,1
907345596138200,1790933005.741975,10741,tx,1362.3,167.5,410.7,,,1,0,0,1
907345736066400,1790933005.881904,10881,tx,24393.7,275.3,814.3,,,1,0,0,1
907345878859300,1790933006.024699,11024,tx,1813.2,189.2,464.6,,,1,0,0,1
907346019424000,1790933006.165265,11165,tx,2184.6,341.1,550.9,,,1,0,0,1
907346158919100,1790933006.304762,11304,tx,1381.0,210.0,402.9,,,1,0,0,1
907346298918400,1790933006.444762,11444,tx,1304.3,187.3,408.9,,,1,0,0,1
907346437032500,1790933006.582878,11582,tx,2168.9,280.0,508.6,,,1,0,0,1
907346607896300,1790933006.753744,11753,tx,1168.6,217.3,346.7,,,1,0,0,1
907346753140600,1790933006.898989,11898,tx,2186.2,399.9,745.4,,,1,0,0,1
907346895046000,1790933007.040896,12040,tx,2106.1,237.0,475.2,,,1,0,0,1
907347036495400,1790933007.182347,12182,tx,2766.3,294.2,633.5,,,1,0,0,1
907347178348300,1790933007.324202,12324,tx,1382.6,381.6,583.7,,,1,0,0,1
907347320883400,1790933007.466738,12466,tx,1923.5,321.0,644.1,,,1,0,0,1
907347462189600,1790933007.608046,12608,tx,1252.2,175.9,416.2,,,1,0,0,1
907347617748000,1790933007.763606,12763,tx,1320.4,225.7,363.9,,,1,0,0,1
907347761293900,1790933007.907153,12907,tx,1694.7,322.9,642.1,,,1,0,0,1
907347901893600,1790933008.047754,13047,tx,1882.2,268.6,572.4,,,1,0,0,1
907348043361100,1790933008.189223,13189,tx,63834.3,274.3,550.6,,,1,0,0,1
907348212378700,1790933008.358243,13358,tx,1561.9,185.2,299.6,,,1,0,0,1
907348354608900,1790933008.500474,13500,tx,1873.1,276.6,583.6,,,1,0,0,1
907348494713800,1790933008.640581,13640,tx,1527.6,287.7,541.8,,,1,0,0,1
907348637909500,1790933008.783778,13783,tx,1422.5,226.6,446.8,,,1,0,0,1
907348795922200,1790933008.941792,13941,tx,7102.6,235.0,626.6,,,1,0,0,1
907348940710300,1790933009.086582,14086,tx,1771.5,163.0,591.5,,,1,0,0,1
907349119462700,1790933009.265337,14265,tx,1459.0,266.4,575.0,,,1,0,0,1
907349263238000,1790933009.409113,14409,tx,1510.5,403.8,652.2,,,1,0,0,1
907349421167000,1790933009.567044,14567,tx,1475.7,190.9,403.4,,,1,0,0,1
907349562560100,1790933009.708438,14708,tx,52055.1,247.1,526.3,,,1,0,0,1
907349716652900,1790933009.862533,14862,tx,2271.1,286.3,686.9,,,1,0,0,1
907349859297800,1790933010.005179,5,tx,2138.3,368.7,642.1,,,1,0,0,1
907350010834700,1790933010.156717,156,tx,11450.2,503.2,995.0,,,1,0,0,1
907350154541400,1790933010.300426,300,tx,1363.5,253.0,440.4,,,1,0,0,1
907350298272200,1790933010.444157,444,tx,3308.8,287.4,674.7,,,1,0,0,1
907350442460700,1790933010.588347,588,tx,19891.2,225.7,624.2,,,1,0,0,1
907350620628400,1790933010.766518,766,tx,7242.7,198.0,354.3,,,1,0,0,1
907350762484000,1790933010.908375,908,tx,1400.9,160.7,454.5,,,1,0,0,1
907350906820000,1790933011.052712,1052,tx,15726.5,294.2,655.5,,,1,0,0,1
907351046572700,1790933011.192466,1192,tx,1283.4,223.0,433.9,,,1,0,0,1
907351186780700,1790933011.332675,1332,tx,1957.7,220.0,453.6,,,1,0,0,1
907351327915900,1790933011.473813,1473,tx,3677.7,136.4,308.7,,,1,0,0,1
907351467606500,1790933011.613504,1613,tx,1665.9,205.1,384.4,,,1,0,0,1
907351608043900,1790933011.753943,1753,tx,1352.5,185.6,415.1,,,1,0,0,1
907351749074500,1790933011.894975,1894,tx,7182.8,303.8,806.0,,,1,0,0,1
907351891969100,1790933012.037872,2037,tx,1811.4,226.0,497.7,,,1,0,0,1
907352032605400,1790933012.178509,2178,tx,1229.7,273.4,455.4,,,1,0,0,1
907352173864700,1790933012.319770,2319,tx,1285.3,222.6,484.0,,,1,0,0,1
907352312972600,1790933012.458879,2458,tx,3200.1,239.1,523.1,,,1,0,0,1
907352454187800,1790933012.600096,2600,tx,1112.3,213.8,403.0,,,1,0,0,1
907352630532000,1790933012.776442,2776,tx,7171.4,355.8,513.2,,,1,0,0,1
907352782055700,1790933012.927967,2927,tx,1408.8,244.5,441.5,,,1,0,0,1
907352923089200,1790933013.069002,3069,tx,1253.2,209.4,407.9,,,1,0,0,1
907353062933800,1790933013.208848,3208,tx,27831.6,199.8,525.7,,,1,0,0,1
907353219271400,1790933013.365188,3365,tx,1773.3,412.0,609.1,,,1,0,0,1
907353360311000,1790933013.506228,3506,tx,1501.9,257.4,494.1,,,1,0,0,1
907353501803900,1790933013.647722,3647,tx,13491.1,406.5,1562.4,,,1,0,0,1
907353644682300,1790933013.790603,3790,tx,1283.9,174.3,449.2,,,1,0,0,1
907353787349500,1790933013.933271,3933,tx,1952.5,350.4,570.8,,,1,0,0,1
907353928779300,1790933014.074702,4074,tx,5470.4,495.5,1013.0,,,1,0,0,1
907354071521900,1790933014.217447,4217,tx,54779.9,232.1,439.5,,,1,0,0,1
907354229101900,1790933014.375028,4375,tx,2006.7,251.7,570.9,,,1,0,0,1
907354370633500,1790933014.516562,4516,tx,2235.2,217.7,423.7,,,1,0,0,1
907354510515900,1790933014.656445,4656,tx,1872.7,245.7,636.4,,,1,0,0,1
907354653073700,1790933014.799005,4799,tx,1329.4,267.9,480.0,,,1,0,0,1
907354793202700,1790933014.939135,4939,tx,3629.6,392.8,726.7,,,1,0,0,1
907354936153500,1790933015.082088,5082,tx,6245.8,131.0,511.1,,,1,0,0,1
907355131805500,1790933015.277742,5277,tx,9491.9,301.3,622.2,,,1,0,0,1
907355280132400,1790933015.426070,5426,tx,1173.4,229.3,425.3,,,1,0,0,1
907355417999600,1790933015.563939,5563,tx,1458.8,263.1,456.2,,,1,0,0,1
907355561612300,1790933015.707553,5707,tx,1791.7,298.3,529.6,,,1,0,0,1
907355703682200,1790933015.849624,5849,tx,1431.8,185.0,525.8,,,1,0,0,1
907355844746000,1790933015.990690,5990,tx,1299.9,160.9,402.1,,,1,0,0,1
907355985077400,1790933016.131023,6131,tx,1354.2,200.3,410.4,,,1,0,0,1
907356128432600,1790933016.274379,6274,tx,8905.8,327.2,570.1,,,1,0,0,1
907356268689000,1790933016.414637,6414,tx,1488.4,200.8,407.4,,,1,0,0,1
907356407860400,1790933016.553810,6553,tx,1621.0,217.8,405.5,,,1,0,0,1
907356548752600,1790933016.694703,6694,tx,1984.3,270.1,543.0,,,1,0,0,1
907356687273900,1790933016.833226,6833,tx,3048.4,336.5,730.5,,,1,0,0,1
907356828977200,1790933016.974931,6974,tx,1312.1,192.2,375.3,,,1,0,0,1
907356969311700,1790933017.115267,7115,tx,2305.6,368.2,645.9,,,1,0,0,1
907357122280500,1790933017.268237,7268,tx,1052.4,164.9,299.0,,,1,0,0,1
907357267823300,1790933017.413781,7413,tx,1376.6,226.8,440.8,,,1,0,0,1
907357409595500,1790933017.555555,7555,tx,1863.1,253.3,540.4,,,1,0,0,1
907357548835600,1790933017.694796,7694,tx,9896.0,232.7,505.6,,,1,0,0,1
907357690848000,1790933017.836811,7836,tx,1877.4,271.6,482.8,,,1,0,0,1
907357830253000,1790933017.976217,7976,tx,1991.0,458.5,724.4,,,1,0,0,1
907357970941800,1790933018.116908,8116,tx,1387.0,166.4,439.6,,,1,0,0,1
907358128281100,1790933018.274249,8274,tx,1389.1,206.2,344.2,,,1,0,0,1
907358269744500,1790933018.415713,8415,tx,2076.4,206.7,500.3,,,1,0,0,1
907358410713600,1790933018.556684,8556,tx,1389.7,220.5,391.6,,,1,0,0,1
907358553551700,1790933018.699523,8699,tx,1307.4,190.8,521.0,,,1,0,0,1
907358693690700,1790933018.839664,8839,tx,1068.0,198.8,369.5,,,1,0,0,1
907358834279700,1790933018.980254,8980,tx,2479.9,372.2,706.1,,,1,0,0,1
907358975996000,1790933019.121972,9121,tx,3217.0,152.2,365.7,,,1,0,0,1
907359117961100,1790933019.263939,9263,tx,1342.0,210.8,417.2,,,1,0,0,1
907359258587000,1790933019.404566,9404,tx,1628.9,224.2,420.6,,,1,0,0,1
907359400585500,1790933019.546566,9546,tx,1260.7,222.8,439.1,,,1,0,0,1
907359541234300,1790933019.687216,9687,tx,3333.2,233.4,804.4,,,1,0,0,1
907359681787300,1790933019.827771,9827,tx,2302.2,270.7,569.6,,,1,0,0,1
907359822266700,1790933019.968252,9968,tx,1600.7,422.2,649.3,,,1,0,0,1
907359963000300,1790933020.108986,10108,tx,19516.4,314.6,747.6,,,1,0,0,1
907360133443200,1790933020.279431,10279,tx,8554.5,442.4,619.1,,,1,0,0,1
907360277645600,1790933020.423635,10423,tx,1637.8,227.4,474.0,,,1,0,0,1
907360433937500,1790933020.579929,10579,tx,1539.5,195.9,407.7,,,1,0,0,1
907360575845000,1790933020.721838,10721,tx,21433.4,198.6,422.2,,,1,0,0,1
907360715999800,1790933020.861993,10861,tx,1648.4,167.6,452.1,,,1,0,0,1
907360872986300,1790933021.018982,11018,tx,1351.0,240.0,468.7,,,1,0,0,1
907361012740600,1790933021.158738,11158,tx,2141.4,194.9,484.4,,,1,0,0,1
907361155811400,1790933021.301810,11301,tx,1374.5,201.8,379.0,,,1,0,0,1
907361295703000,1790933021.441703,11441,tx,1555.2,257.6,581.4,,,1,0,0,1
907361437902900,1790933021.583905,11583,tx,1706.5,226.7,456.4,,,1,0,0,1
907361635976300,1790933021.781980,11781,tx,1453.2,195.7,350.5,,,1,0,0,1
907361784172400,1790933021.930177,11930,tx,1637.5,427.5,639.2,,,1,0,0,1
907361924838700,1790933022.070845,12070,tx,15221.7,192.1,420.8,,,1,0,0,1
907362101167900,1790933022.247176,12247,tx,8638.6,164.1,304.9,,,1,0,0,1
907362238419800,1790933022.384430,12384,tx,1393.9,334.6,502.7,,,1,0,0,1
907362378907000,1790933022.524918,12524,tx,2553.6,218.5,574.1,,,1,0,0,1
907362519245400,1790933022.665258,12665,tx,1299.6,162.0,378.2,,,1,0,0,1
907362658600900,1790933022.804615,12804,tx,1180.3,174.7,342.8,,,1,0,0,1
907362799048200,1790933022.945064,12945,tx,8537.7,173.5,360.1,,,1,0,0,1
907362938662000,1790933023.084679,13084,tx,1251.4,168.1,556.4,,,1,0,0,1
907363124348300,1790933023.270367,13270,tx,1529.1,145.2,326.0,,,1,0,0,1
907363261789700,1790933023.407810,13407,tx,2324.1,225.4,690.2,,,1,0,0,1
907363402649200,1790933023.548671,13548,tx,1167.4,167.0,333.6,,,1,0,0,1
907363545114000,1790933023.691138,13691,tx,1218.4,234.2,415.5,,,1,0,0,1
907363685042500,1790933023.831067,13831,tx,1192.9,182.6,365.4,,,1,0,0,1
907363826221800,1790933023.972248,13972,tx,1467.2,220.7,430.5,,,1,0,0,1
907363967882900,1790933024.113910,14113,tx,3479.5,245.2,640.4,,,1,0,0,1
907364129101600,1790933024.275131,14275,tx,1723.1,374.4,830.5,,,1,0,0,1
907364279986100,1790933024.426017,14426,tx,1911.3,268.6,539.2,,,1,0,0,1
907364422772800,1790933024.568805,14568,tx,1858.7,258.6,546.6,,,1,0,0,1
907364565079300,1790933024.711113,14711,tx,92815.9,439.3,790.0,,,1,0,0,1
907364755703300,1790933024.901739,14901,tx,2450.4,243.1,593.1,,,1,0,0,1
907364895942800,1790933025.041981,41,tx,1712.4,212.8,390.4,,,1,0,0,1
907365040504300,1790933025.186543,186,tx,1724.6,254.8,469.0,,,1,0,0,1
907365182250800,1790933025.328291,328,tx,2206.0,458.9,736.6,,,1,0,0,1
907365326051800,1790933025.472094,472,tx,10253.5,203.3,509.7,,,1,0,0,1
907365470004800,1790933025.616048,616,tx,2328.4,423.9,897.7,,,1,0,0,1
907365627269700,1790933025.773315,773,tx,1693.1,459.9,663.7,,,1,0,0,1
907365770612900,1790933025.916660,916,tx,1211.8,216.2,380.8,,,1,0,0,1
907365914362800,1790933026.060411,1060,tx,1310.6,376.4,668.2,,,1,0,0,1
907366053282000,1790933026.199331,1199,tx,1737.3,287.4,569.5,,,1,0,0,1
907366194216600,1790933026.340267,1340,tx,11194.3,215.4,452.0,,,1,0,0,1
907366332939200,1790933026.478992,1478,tx,1198.0,227.2,372.9,,,1,0,0,1
907366475414500,1790933026.621469,1621,tx,1379.3,409.7,599.4,,,1,0,0,1
907366615982000,1790933026.762038,1762,tx,1681.2,204.9,366.8,,,1,0,0,1
907366756378900,1790933026.902436,1902,tx,2044.6,222.3,608.7,,,1,0,0,1
907366898508100,1790933027.044566,2044,tx,1655.0,208.4,659.7,,,1,0,0,1
907367041332500,1790933027.187392,2187,tx,1460.5,386.6,550.0,,,1,0,0,1
907367181020000,1790933027.327081,2327,tx,1262.4,180.0,364.6,,,1,0,0,1
907367323481100,1790933027.469544,2469,tx,1276.5,377.1,566.7,,,1,0,0,1
907367462814200,1790933027.608879,2608,tx,1133.6,184.2,374.9,,,1,0,0,1
907367631256600,1790933027.777323,2777,tx,1034.8,170.3,309.5,,,1,0,0,1
907367774380800,1790933027.920448,2920,tx,2922.0,223.1,722.9,,,1,0,0,1
907367913421400,1790933028.059490,3059,tx,1512.4,377.7,602.8,,,1,0,0,1
907368055276800,1790933028.201347,3201,tx,40626.1,306.1,734.4,,,1,0,0,1
907368195913700,1790933028.341985,3341,tx,1442.8,252.7,423.8,,,1,0,0,1
907368336185700,1790933028.482259,3482,tx,2191.8,419.0,684.6,,,1,0,0,1
907368475765300,1790933028.621840,3621,tx,1581.8,227.5,437.1,,,1,0,0,1
907368626886700,1790933028.772963,3772,tx,1617.5,234.6,452.6,,,1,0,0,1
907368774640400,1790933028.920718,3920,tx,2010.3,259.2,534.1,,,1,0,0,1
907368916458800,1790933029.062538,4062,tx,1908.8,183.4,556.9,,,1,0,0,1
907369058873400,1790933029.204940,4204,tx,1057.3,147.8,334.0,,,1,0,0,1
907369199481300,1790933029.345564,4345,tx,1209.4,240.1,477.4,,,1,0,0,1
907369339840200,1790933029.485923,4485,tx,2535.6,281.9,684.5,,,1,0,0,1
907369480651800,1790933029.626737,4626,tx,3562.9,264.3,428.7,,,1,0,0,1
907369621071900,1790933029.767159,4767,tx,2281.2,281.0,591.9,,,1,0,0,1
907369762658600,1790933029.908747,4908,tx,1228.7,175.9,359.6,,,1,0,0,1
907369904738500,1790933030.050828,5050,tx,2910.9,324.0,620.3,,,1,0,0,1
907370060130400,1790933030.206221,5206,tx,1401.1,255.0,467.8,,,1,0,0,1
907370201971000,1790933030.348064,5348,tx,1288.6,274.4,492.9,,,1,0,0,1
907370340448900,1790933030.486543,5486,tx,1269.7,336.6,539.7,,,1,0,0,1
907370478613700,1790933030.624709,5624,tx,2838.8,192.4,827.3,,,1,0,0,1
907370623629200,1790933030.769727,5769,tx,1649.3,230.6,452.2,,,1,0,0,1
907370762883800,1790933030.908983,5908,tx,1432.4,279.1,505.2,,,1,0,0,1
907370903750900,1790933031.049851,6049,tx,12074.8,1145.1,1357.1,,,1,0,0,1
907371045515100,1790933031.191617,6191,tx,1541.9,262.7,527.2,,,1,0,0,1
907371187103500,1790933031.333206,6333,tx,2373.1,304.2,579.7,,,1,0,0,1
907371329307900,1790933031.475412,6475,tx,17271.9,352.7,648.8,,,1,0,0,1
907371471974500,1790933031.618081,6618,tx,1449.4,232.7,505.7,,,1,0,0,1
907371625393800,1790933031.771502,6771,tx,1825.3,200.6,306.8,,,1,0,0,1
907371769059900,1790933031.915169,6915,tx,10707.7,456.4,840.7,,,1,0,0,1
907371909406300,1790933032.055517,7055,tx,1368.8,214.9,518.6,,,1,0,0,1
907372051472000,1790933032.197584,7197,tx,1851.4,236.8,616.3,,,1,0,0,1
907372193879400,1790933032.339993,7339,tx,1327.7,185.1,382.0,,,1,0,0,1
907372336420000,1790933032.482535,7482,tx,1461.2,194.7,502.0,,,1,0,0,1
907372478524700,1790933032.624641,7624,tx,1360.9,257.4,480.0,,,1,0,0,1
907372619357900,1790933032.765476,7765,tx,1429.4,401.2,592.1,,,1,0,0,1
907372758761100,1790933032.904881,7904,tx,9165.8,231.2,407.4,,,1,0,0,1
907372914369400,1790933033.060491,8060,tx,1324.4,407.4,589.7,,,1,0,0,1
907373056049500,1790933033.202172,8202,tx,1735.7,178.5,416.9,,,1,0,0,1
907373198220800,1790933033.344344,8344,tx,12256.4,295.1,742.7,,,1,0,0,1
907373336861800,1790933033.482987,8482,tx,1322.2,167.1,379.7,,,1,0,0,1
907373479875400,1790933033.626002,8626,tx,1291.4,191.5,518.4,,,1,0,0,1
907373631710400,1790933033.777839,8777,tx,7688.2,218.7,476.9,,,1,0,0,1
907373778487100,1790933033.924617,8924,tx,1319.5,296.4,485.2,,,1,0,0,1
907373920056700,1790933034.066188,9066,tx,1879.1,417.9,874.9,,,1,0,0,1
907374062005800,1790933034.208138,9208,tx,1510.2,224.4,443.8,,,1,0,0,1
907374204238600,1790933034.350373,9350,tx,1986.3,460.0,714.0,,,1,0,0,1
907374345809500,1790933034.491946,9491,tx,1490.5,276.3,473.6,,,1,0,0,1
907374487792900,1790933034.633930,9633,tx,2361.8,265.6,612.0,,,1,0,0,1
907374628533000,1790933034.774672,9774,tx,8067.1,229.6,616.3,,,1,0,0,1
907374768533400,1790933034.914674,9914,tx,1367.3,311.5,494.7,,,1,0,0,1
907374908228300,1790933035.054370,10054,tx,3817.6,285.2,898.7,,,1,0,0,1
907375048712900,1790933035.194855,10194,tx,11348.6,316.2,693.7,,,1,0,0,1
907375190646700,1790933035.336791,10336,tx,1553.5,193.7,432.2,,,1,0,0,1
907375332225900,1790933035.478372,10478,tx,1280.4,192.0,413.1,,,1,0,0,1
907375472219900,1790933035.618367,10618,tx,2746.4,443.7,763.3,,,1,0,0,1
907375612987800,1790933035.759137,10759,tx,1396.9,243.1,474.7,,,1,0,0,1
907375754310900,1790933035.900461,10900,tx,2131.6,396.0,654.5,,,1,0,0,1
907375895393200,1790933036.041545,11041,tx,2231.2,239.7,651.2,,,1,0,0,1
907376037378500,1790933036.183532,11183,tx,9574.1,290.4,575.5,,,1,0,0,1
907376178119200,1790933036.324274,11324,tx,1245.5,183.9,369.1,,,1,0,0,1
907376318257000,1790933036.464413,11464,tx,1295.3,210.0,421.5,,,1,0,0,1
907376457410500,1790933036.603568,11603,tx,3070.5,228.2,637.8,,,1,0,0,1
907376625271300,1790933036.771431,11771,tx,1302.8,163.9,279.7,,,1,0,0,1
907376773752500,1790933036.919914,11919,tx,1435.7,253.6,559.4,,,1,0,0,1
907376913988000,1790933037.060151,12060,tx,14909.0,205.4,395.5,,,1,0,0,1
907377056409600,1790933037.202574,12202,tx,1475.3,331.8,532.0,,,1,0,0,1
907377196882800,1790933037.343048,12343,tx,2148.0,249.3,569.3,,,1,0,0,1
907377337437900,1790933037.483605,12483,tx,1321.9,380.8,559.6,,,1,0,0,1
907377477471400,1790933037.623640,12623,tx,1300.9,259.9,482.8,,,1,0,0,1
907377635293800,1790933037.781464,12781,tx,1349.5,221.2,353.4,,,1,0,0,1
907377774229800,1790933037.920401,12920,tx,1602.9,408.9,658.0,,,1,0,0,1
907377916438000,1790933038.062611,13062,tx,1272.0,280.2,530.4,,,1,0,0,1
907378057595900,1790933038.203771,13203,tx,1244.9,207.1,409.2,,,1,0,0,1
907378198503400,1790933038.344679,13344,tx,1457.2,305.3,559.3,,,1,0,0,1
907378340069700,1790933038.486246,13486,tx,8150.9,413.7,795.6,,,1,0,0,1
907378480731000,1790933038.626910,13626,tx,1458.9,280.1,533.6,,,1,0,0,1
907378621539900,1790933038.767720,13767,tx,1366.1,208.5,411.7,,,1,0,0,1
907378762937000,1790933038.909118,13909,tx,2487.3,295.5,642.0,,,1,0,0,1
907378900909200,1790933039.047092,14047,tx,1238.5,186.0,350.2,,,1,0,0,1
907379041678800,1790933039.187864,14187,tx,1532.5,206.4,415.2,,,1,0,0,1
907379182697000,1790933039.328883,14328,tx,1322.6,235.7,495.3,,,1,0,0,1
907379324733500,1790933039.470921,14470,tx,1038.1,210.8,417.5,,,1,0,0,1
907379466414900,1790933039.612604,14612,tx,1472.1,250.9,473.7,,,1,0,0,1
907379631503800,1790933039.777695,14777,tx,2076.5,262.6,737.9,,,1,0,0,1
907379780273300,1790933039.926465,14926,tx,7474.8,361.3,686.9,,,1,0,0,1
907379927253100,1790933040.073447,73,tx,1448.3,372.7,611.2,,,1,0,0,1
907380073284700,1790933040.219480,219,tx,29572.2,285.1,657.5,,,1,0,0,1
907380216494800,1790933040.362692,362,tx,1396.9,174.8,448.4,,,1,0,0,1
907380360701700,1790933040.506900,506,tx,1301.6,246.9,416.4,,,1,0,0,1
907380504497300,1790933040.650697,650,tx,1577.7,200.9,656.0,,,1,0,0,1
907380647999200,1790933040.794201,794,tx,1283.0,215.2,403.0,,,1,0,0,1
907380791738400,1790933040.937941,937,tx,1532.2,189.7,402.0,,,1,0,0,1
907380934254800,1790933041.080459,1080,tx,1883.6,416.2,664.1,,,1,0,0,1
907381075992700,1790933041.222198,1222,tx,45769.9,154.6,316.9,,,1,0,0,1
907381225753500,1790933041.371961,1371,tx,2054.2,312.9,606.9,,,1,0,0,1
907381374839700,1790933041.521049,1521,tx,2708.4,266.1,635.2,,,1,0,0,1
907381514731300,1790933041.660942,1660,tx,9097.1,167.1,417.9,,,1,0,0,1
907381656901800,1790933041.803113,1803,tx,2132.1,199.0,673.4,,,1,0,0,1
907381798199000,1790933041.944412,1944,tx,2235.9,396.4,733.5,,,1,0,0,1
907381939690100,1790933042.085905,2085,tx,16756.9,159.6,690.3,,,1,0,0,1
907382126925200,1790933042.273142,2273,tx,1855.2,347.7,527.8,,,1,0,0,1
907382269137200,1790933042.415355,2415,tx,11349.5,241.9,845.2,,,1,0,0,1
907382409327200,1790933042.555547,2555,tx,1844.1,473.6,714.5,,,1,0,0,1
907382551240500,1790933042.697462,2697,tx,1546.7,437.1,665.6,,,1,0,0,1
907382690409900,1790933042.836632,2836,tx,2008.3,294.2,564.9,,,1,0,0,1
907382832098100,1790933042.978322,2978,tx,4591.1,422.8,721.6,,,1,0,0,1
907382971894500,1790933043.118120,3118,tx,1293.0,198.9,413.5,,,1,0,0,1
907383111558600,1790933043.257785,3257,tx,1702.2,201.7,430.9,,,1,0,0,1
907383252355500,1790933043.398584,3398,tx,10723.3,269.2,899.4,,,1,0,0,1
907383391391400,1790933043.537621,3537,tx,1576.8,271.0,538.8,,,1,0,0,1
907383533235100,1790933043.679466,3679,tx,2165.5,281.2,657.0,,,1,0,0,1
907383673049200,1790933043.819282,3819,tx,1494.0,206.8,414.5,,,1,0,0,1
907383814495400,1790933043.960730,3960,tx,1544.0,166.7,460.4,,,1,0,0,1
907383956130200,1790933044.102366,4102,tx,1378.5,172.6,374.0,,,1,0,0,1
907384125434100,1790933044.271672,4271,tx,8773.8,525.6,711.9,,,1,0,0,1
907384271445400,1790933044.417685,4417,tx,1509.7,319.3,505.4,,,1,0,0,1
907384413269000,1790933044.559510,4559,tx,1829.1,436.3,693.2,,,1,0,0,1
907384555246700,1790933044.701488,4701,tx,2453.3,266.3,620.8,,,1,0,0,1
907384694913200,1790933044.841157,4841,tx,1138.8,182.8,363.2,,,1,0,0,1
907384839615200,1790933044.985860,4985,tx,1996.5,237.3,435.1,,,1,0,0,1
907384982515900,1790933045.128763,5128,tx,1319.9,325.1,515.1,,,1,0,0,1
907385126264700,1790933045.272513,5272,tx,1117.4,203.7,339.0,,,1,0,0,1
907385279503900,1790933045.425753,5425,tx,2005.2,205.7,501.1,,,1,0,0,1
907385416738700,1790933045.562989,5562,tx,2347.1,223.7,863.6,,,1,0,0,1
907385562126000,1790933045.708378,5708,tx,60126.3,232.1,518.9,,,1,0,0,1
907385753297300,1790933045.899551,5899,tx,5139.4,382.7,1630.3,,,1,0,0,1
907385907762500,1790933046.054019,6054,tx,1286.3,163.1,384.8,,,1,0,0,1
907386047695500,1790933046.193953,6193,tx,1257.3,165.3,361.3,,,1,0,0,1
907386190359600,1790933046.336619,6336,tx,1343.9,404.7,556.8,,,1,0,0,1
907386331270300,1790933046.477531,6477,tx,1913.7,314.7,718.2,,,1,0,0,1
907386470258900,1790933046.616518,6616,tx,2031.4,449.5,647.7,,,1,0,0,1
907386626261000,1790933046.772525,6772,tx,1372.4,115.6,271.9,,,1,0,0,1
907386764787600,1790933046.911052,6911,tx,9344.0,203.2,605.0,,,1,0,0,1
907386906948100,1790933047.053214,7053,tx,1321.5,220.4,398.5,,,1,0,0,1
907387046655700,1790933047.192924,7192,tx,1313.6,225.3,442.4,,,1,0,0,1
907387187775000,1790933047.334044,7334,tx,1384.8,196.0,444.1,,,1,0,0,1
907387329085600,1790933047.475357,7475,tx,1242.9,214.6,427.2,,,1,0,0,1
907387471141800,1790933047.617413,7617,tx,1899.9,371.5,592.7,,,1,0,0,1
907387612966800,1790933047.759241,7759,tx,1302.8,201.4,416.6,,,1,0,0,1
907387755481700,1790933047.901757,7901,tx,1524.1,225.6,550.3,,,1,0,0,1
907387894758000,1790933048.041035,8041,tx,1696.0,294.1,540.8,,,1,0,0,1
907388036994000,1790933048.183272,8183,tx,1872.3,250.7,504.1,,,1,0,0,1
907388179220200,1790933048.325500,8325,tx,8078.9,166.3,345.2,,,1,0,0,1
907388321656400,1790933048.467938,8467,tx,1479.5,210.9,396.7,,,1,0,0,1
907388463047500,1790933048.609330,8609,tx,1337.9,228.3,428.2,,,1,0,0,1
907388628542400,1790933048.774827,8774,tx,1188.4,249.2,409.6,,,1,0,0,1
907388777003800,1790933048.923290,8923,tx,1982.9,162.3,433.3,,,1,0,0,1
907388918094500,1790933049.064382,9064,tx,3206.1,374.1,804.8,,,1,0,0,1
907389059225800,1790933049.205514,9205,tx,1277.1,183.9,371.2,,,1,0,0,1
907389198489500,1790933049.344780,9344,tx,1382.2,222.7,448.7,,,1,0,0,1
907389340696200,1790933049.486988,9486,tx,1547.8,274.4,484.0,,,1,0,0,1
907389480680100,1790933049.626973,9626,tx,1008.6,275.4,435.7,,,1,0,0,1
907389624944800,1790933049.771240,9771,tx,1861.2,230.3,425.6,,,1,0,0,1
907389777758200,1790933049.924055,9924,tx,1702.2,230.4,488.1,,,1,0,0,1
907389919050000,1790933050.065348,10065,tx,1435.1,207.8,455.2,,,1,0,0,1
907390062058500,1790933050.208358,10208,tx,59917.0,397.0,860.4,,,1,0,0,1
907390234036900,1790933050.380338,10380,tx,2997.8,441.4,846.1,,,1,0,0,1
907390375073800,1790933050.521377,10521,tx,9744.5,224.8,437.7,,,1,0,0,1
907390515117600,1790933050.661421,10661,tx,1337.3,187.4,384.5,,,1,0,0,1
907390656903700,1790933050.803209,10803,tx,2067.7,207.6,392.3,,,1,0,0,1
907390797566200,1790933050.943867,10943,tx,16697.9,234.2,483.5,,,1,0,0,1
907390940343800,1790933051.086653,11086,tx,2017.8,376.5,674.3,,,1,0,0,1
907391125251300,1790933051.271562,11271,tx,2927.4,200.7,308.7,,,1,0,0,1
907391272940300,1790933051.419252,11419,tx,1281.1,228.0,534.5,,,1,0,0,1
907391414030200,1790933051.560344,11560,tx,1336.2,219.3,402.1,,,1,0,0,1
907391554098500,1790933051.700413,11700,tx,1342.9,219.7,405.3,,,1,0,0,1
907391695998900,1790933051.842315,11842,tx,1500.1,178.8,365.8,,,1,0,0,1
907391837832800,1790933051.984151,11984,tx,1321.7,195.7,420.2,,,1,0,0,1
907391979263600,1790933052.125583,12125,tx,1802.1,377.8,623.3,,,1,0,0,1
907392120668200,1790933052.266989,12266,tx,7462.7,277.7,441.7,,,1,0,0,1
907392258187500,1790933052.404510,12404,tx,1584.4,261.9,429.8,,,1,0,0,1
907392402557000,1790933052.548881,12548,tx,1162.0,222.7,420.9,,,1,0,0,1
907392543604900,1790933052.689930,12689,tx,1839.9,235.9,450.8,,,1,0,0,1
907392685927000,1790933052.832254,12832,tx,1221.8,195.3,375.4,,,1,0,0,1
907392828179700,1790933052.974508,12974,tx,2040.2,405.4,655.5,,,1,0,0,1
907392970388900,1790933053.116719,13116,tx,1249.5,342.0,507.7,,,1,0,0,1
907393122129600,1790933053.268461,13268,tx,1237.6,244.8,372.1,,,1,0,0,1
907393268645500,1790933053.414978,13414,tx,1718.8,222.2,502.0,,,1,0,0,1
907393410207600,1790933053.556541,13556,tx,1731.1,378.4,605.3,,,1,0,0,1
907393550634500,1790933053.696970,13696,tx,1596.8,186.1,411.9,,,1,0,0,1
907393692255000,1790933053.838592,13838,tx,1585.2,327.3,665.0,,,1,0,0,1
907393834201800,1790933053.980540,13980,tx,2585.2,432.8,761.9,,,1,0,0,1
907393975469400,1790933054.121809,14121,tx,10821.8,275.8,513.8,,,1,0,0,1
907394132847800,1790933054.279190,14279,tx,1761.4,263.9,734.6,,,1,0,0,1
907394274379000,1790933054.420722,14420,tx,1834.9,340.3,606.7,,,1,0,0,1
907394416054900,1790933054.562399,14562,tx,7565.9,187.0,455.4,,,1,0,0,1
907394556696300,1790933054.703042,14703,tx,1712.0,232.8,465.9,,,1,0,0,1
907394697336000,1790933054.843683,14843,tx,1628.7,386.8,586.9,,,1,0,0,1
907394838768000,1790933054.985116,14985,tx,6684.2,285.5,754.1,,,1,0,0,1
907394980951100,1790933055.127301,127,tx,10097.2,226.3,470.7,,,1,0,0,1
907395118571200,1790933055.264923,264,tx,1561.8,175.7,577.3,,,1,0,0,1
907395262049400,1790933055.408402,408,tx,2980.4,439.8,813.9,,,1,0,0,1
907395404696900,1790933055.551051,551,tx,12572.4,273.7,705.8,,,1,0,0,1
907395548956500,1790933055.695312,695,tx,1949.6,169.4,452.7,,,1,0,0,1
907395692188000,1790933055.838546,838,tx,1535.1,227.1,477.3,,,1,0,0,1
907395836287500,1790933055.982647,982,tx,10191.2,354.6,624.9,,,1,0,0,1
907395979065400,1790933056.125426,1125,tx,1851.0,208.1,496.8,,,1,0,0,1
907396124410500,1790933056.270773,1270,tx,1350.2,279.9,461.9,,,1,0,0,1
907396274105900,1790933056.420470,1420,tx,1752.8,202.5,337.4,,,1,0,0,1
907396416523200,1790933056.562888,1562,tx,1574.6,273.7,677.0,,,1,0,0,1
907396558264300,1790933056.704631,1704,tx,1888.5,320.5,657.2,,,1,0,0,1
907396697058200,1790933056.843426,1843,tx,1299.6,188.1,348.4,,,1,0,0,1
907396837700200,1790933056.984070,1984,tx,1342.3,162.7,398.4,,,1,0,0,1
907396978894700,1790933057.125266,2125,tx,1321.8,212.8,425.0,,,1,0,0,1
907397131105800,1790933057.277479,2277,tx,8241.0,240.5,354.0,,,1,0,0,1
907397276407900,1790933057.422782,2422,tx,1320.6,353.3,585.3,,,1,0,0,1
907397417512400,1790933057.563888,2563,tx,1384.8,188.0,414.9,,,1,0,0,1
907397560229000,1790933057.706606,2706,tx,2647.6,382.7,688.6,,,1,0,0,1
907397702719200,1790933057.849098,2849,tx,1258.6,297.2,485.3,,,1,0,0,1
907397844494100,1790933057.990874,2990,tx,1306.2,235.4,450.7,,,1,0,0,1
907397985599500,1790933058.131981,3131,tx,2596.0,246.3,723.9,,,1,0,0,1
907398124715700,1790933058.271099,3271,tx,1233.3,231.1,419.5,,,1,0,0,1
907398265534200,1790933058.411919,3411,tx,2527.3,184.3,370.2,,,1,0,0,1
907398408292600,1790933058.554679,3554,tx,1784.5,376.0,626.6,,,1,0,0,1
907398549875900,1790933058.696263,3696,tx,2102.6,245.3,612.8,,,1,0,0,1
907398692287600,1790933058.838677,3838,tx,1338.8,406.4,603.1,,,1,0,0,1
907398834584000,1790933058.980975,3980,tx,1392.7,246.8,412.2,,,1,0,0,1
907398975992200,1790933059.122384,4122,tx,1444.1,155.9,502.9,,,1,0,0,1
907399125495000,1790933059.271889,4271,tx,1530.2,282.6,465.9,,,1,0,0,1
907399275826100,1790933059.422221,4422,tx,1404.8,191.6,421.9,,,1,0,0,1
907399415662200,1790933059.562058,4562,tx,2776.6,192.9,627.8,,,1,0,0,1
907399555849300,1790933059.702247,4702,tx,34355.0,258.1,656.3,,,1,0,0,1
907399708502300,1790933059.854901,4854,tx,2356.1,231.3,792.8,,,1,0,0,1
907399854337200,1790933060.000736,5000,tx,1601.3,174.8,542.8,,30743.3,1,0,0,1
907399997912200,1790933060.144315,5144,idle,1737.8,208.9,448.7,,,0,0,0,0
907400152822900,1790933060.299227,5299,idle,136481.7,,,,,0,0,0,0
907400396733100,1790933060.543139,5543,idle,13776.6,,,,,0,0,0,0
907400539431300,1790933060.685839,5685,idle,209200.7,,,,,0,0,0,1
907400868869500,1790933061.015281,6015,tx,11223.7,190.2,362.9,,,1,0,0,1
907401017887900,1790933061.164301,6164,tx,2214.2,288.7,691.5,,,1,0,0,1
907401159186200,1790933061.305601,6305,tx,1321.5,196.8,430.4,,,1,0,0,1
907401300064000,1790933061.446480,6446,tx,6605.6,174.5,372.2,,,1,0,0,1
907401455663600,1790933061.602081,6602,tx,1300.2,240.2,421.1,,,1,0,0,1
907401645694500,1790933061.792115,6792,tx,1220.2,244.9,376.2,,,1,0,0,1
907401786993400,1790933061.933414,6933,tx,2107.8,383.5,742.7,,,1,0,0,1
907401928897500,1790933062.075320,7075,tx,2031.4,293.0,607.3,,,1,0,0,1
907402070561800,1790933062.216986,7216,tx,8777.9,191.5,404.7,,,1,0,0,1
907402210828800,1790933062.357255,7357,tx,1344.3,179.2,308.9,,,1,0,0,1
907402351878500,1790933062.498306,7498,tx,1403.2,219.5,434.1,,,1,0,0,1
907402493311000,1790933062.639739,7639,tx,3608.2,319.4,1107.9,,,1,0,0,1
907402634198600,1790933062.780628,7780,tx,1742.4,412.0,643.9,,,1,0,0,1
907402775206900,1790933062.921638,7921,tx,1185.1,211.1,351.0,,,1,0,0,1
907402915005900,1790933063.061439,8061,tx,1221.7,275.7,462.2,,,1,0,0,1
907403056765700,1790933063.203200,8203,tx,4678.6,230.3,535.4,,,1,0,0,1
907403196286600,1790933063.342723,8342,tx,1333.0,177.1,363.9,,,1,0,0,1
907403337968000,1790933063.484406,8484,tx,2064.1,171.4,459.4,,,1,0,0,1
907403477433600,1790933063.623872,8623,tx,2084.4,160.2,638.1,,,1,0,0,1
907403645833900,1790933063.792275,8792,tx,1354.3,186.0,423.8,,,1,0,0,1
907403793321800,1790933063.939763,8939,tx,3404.1,282.0,704.5,,,1,0,0,1
907403933202500,1790933064.079646,9079,tx,16325.1,398.1,683.1,,,1,0,0,1
907404073937000,1790933064.220382,9220,tx,2064.9,180.2,354.1,,,1,0,0,1
907404215142700,1790933064.361589,9361,tx,2109.5,503.0,766.2,,,1,0,0,1
907404355650600,1790933064.502098,9502,tx,1969.2,233.3,712.6,,,1,0,0,1
907404497992100,1790933064.644442,9644,tx,1221.8,169.9,380.1,,,1,0,0,1
907404647548400,1790933064.793999,9793,tx,1212.2,256.7,421.9,,,1,0,0,1
907404795582500,1790933064.942035,9942,tx,2459.2,237.4,742.8,,,1,0,0,1
907404937006400,1790933065.083461,10083,tx,1565.4,209.2,374.2,,,1,0,0,1
907405078088300,1790933065.224544,10224,tx,1332.9,209.7,417.0,,,1,0,0,1
907405220020000,1790933065.366477,10366,tx,1124.7,131.2,335.0,,,1,0,0,1
907405362753700,1790933065.509212,10509,tx,1311.1,202.0,373.7,,,1,0,0,1
907405505111500,1790933065.651572,10651,tx,1162.9,157.2,350.8,,,1,0,0,1
907405647965900,1790933065.794427,10794,tx,1456.8,194.8,405.5,,,1,0,0,1
907405789337500,1790933065.935800,10935,tx,7744.8,240.0,836.4,,,1,0,0,1
907405932618900,1790933066.079083,11079,tx,1155.4,241.0,435.3,,,1,0,0,1
907406073055900,1790933066.219522,11219,tx,1352.9,217.5,405.2,,,1,0,0,1
907406213517200,1790933066.359985,11359,tx,1380.5,234.5,414.9,,,1,0,0,1
907406356850100,1790933066.503319,11503,tx,2204.0,251.1,546.0,,,1,0,0,1
907406515277500,1790933066.661748,11661,tx,2391.9,389.8,666.0,,,1,0,0,1
907406655909300,1790933066.802381,11802,tx,1874.7,222.4,408.8,,,1,0,0,1
907406796489300,1790933066.942962,11942,tx,1247.0,280.8,476.0,,,1,0,0,1
907406937964600,1790933067.084439,12084,tx,1811.6,240.1,473.8,,,1,0,0,1
907407079533800,1790933067.226010,12226,tx,27343.0,190.6,408.9,,,1,0,0,1
907407236871000,1790933067.383348,12383,tx,2768.0,244.8,678.0,,,1,0,0,1
907407379274900,1790933067.525754,12525,tx,1597.3,348.2,591.9,,,1,0,0,1
907407520230200,1790933067.666709,12666,tx,2982.6,357.2,745.9,,,1,0,0,1
907407660859600,1790933067.807342,12807,tx,1580.1,224.8,623.8,,,1,0,0,1
907407801762100,1790933067.948246,12948,tx,2018.9,214.6,500.3,,,1,0,0,1
907407944800500,1790933068.091286,13091,tx,1625.1,255.1,471.6,,,1,0,0,1
907408087198400,1790933068.233685,13233,tx,94553.7,489.3,716.3,,,1,0,0,1
907408267984300,1790933068.414473,13414,tx,2234.4,460.0,908.7,,,1,0,0,1
907408415419900,1790933068.561910,13561,tx,9109.2,312.8,541.3,,,1,0,0,1
907408555936100,1790933068.702428,13702,tx,1426.0,164.0,351.8,,,1,0,0,1
907408700609900,1790933068.847103,13847,tx,1524.3,171.6,412.2,,,1,0,0,1
907408844350600,1790933068.990845,13990,tx,11726.6,149.4,601.2,,,1,0,0,1
907408986881500,1790933069.133378,14133,tx,1297.1,263.3,381.6,,,1,0,0,1
907409144460900,1790933069.290959,14290,tx,1517.9,246.7,551.9,,,1,0,0,1
907409282302500,1790933069.428801,14428,tx,18820.4,242.4,871.4,,,1,0,0,1
907409423936700,1790933069.570437,14570,tx,1275.3,163.2,367.3,,,1,0,0,1
907409563927500,1790933069.710429,14710,tx,2178.6,263.4,566.2,,,1,0,0,1
907409704424600,1790933069.850928,14850,tx,1465.7,320.8,518.7,,,1,0,0,1
907409863488100,1790933070.009994,9,tx,1575.1,242.1,674.9,,,1,0,0,1
907410001203800,1790933070.147711,147,tx,1835.7,432.8,686.6,,,1,0,0,1
907410145492300,1790933070.292001,292,tx,1250.2,312.2,490.7,,,1,0,0,1
907410289494700,1790933070.436005,436,tx,1312.8,220.6,411.3,,,1,0,0,1
907410434166600,1790933070.580678,580,tx,2113.5,439.8,758.6,,,1,0,0,1
907410578273600,1790933070.724786,724,tx,1345.1,449.3,640.4,,,1,0,0,1
907410721511000,1790933070.868025,868,tx,1352.3,322.6,463.1,,,1,0,0,1
907410864873500,1790933071.011389,1011,tx,1482.0,231.8,572.7,,,1,0,0,1
907411007397100,1790933071.153914,1153,tx,2004.2,202.4,519.4,,,1,0,0,1
907411145378300,1790933071.291897,1291,tx,8472.3,449.3,653.5,,,1,0,0,1
907411289730100,1790933071.436250,1436,tx,1352.4,198.7,380.0,,,1,0,0,1
907411429149100,1790933071.575671,1575,tx,1567.5,226.3,510.0,,,1,0,0,1
907411569851800,1790933071.716375,1716,tx,1331.5,200.5,422.8,,,1,0,0,1
907411727130500,1790933071.873655,1873,tx,1515.7,232.1,447.1,,,1,0,0,1
907411868823200,1790933072.015348,2015,tx,2959.3,283.4,736.4,,,1,0,0,1
907412009536800,1790933072.156062,2156,tx,3216.2,354.3,771.8,,,1,0,0,1
907412167927700,1790933072.314457,2314,tx,1286.5,187.4,389.0,,,1,0,0,1
907412309731700,1790933072.456262,2456,tx,1257.5,179.8,370.3,,,1,0,0,1
907412449684500,1790933072.596216,2596,tx,2791.6,223.2,738.9,,,1,0,0,1
907412593702400,1790933072.740236,2740,tx,50962.2,124.4,291.0,,,1,0,0,1
907412752823200,1790933072.899358,2899,tx,1898.2,183.7,630.2,,,1,0,0,1
907412891328100,1790933073.037865,3037,tx,16394.1,427.3,642.3,,,1,0,0,1
907413040366500,1790933073.186905,3186,tx,1771.4,458.9,593.2,,,1,0,0,1
907413191028100,1790933073.337568,3337,tx,2912.3,375.5,834.6,,,1,0,0,1
907413330148800,1790933073.476609,3476,tx,11289.7,237.7,585.8,,,1,0,0,1
907413472882400,1790933073.619425,3619,tx,1253.8,182.7,337.1,,,1,0,0,1
907413645272800,1790933073.791818,3791,tx,1244.8,155.4,306.2,,,1,0,0,1
907413787669600,1790933073.934216,3934,tx,1326.9,220.1,422.1,,,1,0,0,1
907413927229900,1790933074.073777,4073,tx,1398.9,434.8,647.2,,,1,0,0,1
907414069440200,1790933074.215988,4215,tx,2698.4,304.5,690.8,,,1,0,0,1
907414211078800,1790933074.357629,4357,tx,9161.4,223.0,513.5,,,1,0,0,1
907414351731200,1790933074.498283,4498,tx,2031.5,253.8,623.3,,,1,0,0,1
907414492239200,1790933074.638793,4638,tx,1749.8,402.9,717.5,,,1,0,0,1
907414635614800,1790933074.782169,4782,tx,1326.0,222.6,524.9,,,1,0,0,1
907414776659500,1790933074.923216,4923,tx,1420.2,231.1,440.4,,,1,0,0,1
907414917897900,1790933075.064456,5064,tx,1228.5,159.7,344.5,,,1,0,0,1
907415060862200,1790933075.207422,5207,tx,1482.3,243.8,470.9,,,1,0,0,1
907415200773900,1790933075.347335,5347,tx,6967.3,204.6,366.2,,,1,0,0,1
907415341848100,1790933075.488410,5488,tx,1284.4,231.1,431.1,,,1,0,0,1
907415482642400,1790933075.629206,5629,tx,1280.9,205.5,465.8,,,1,0,0,1
907415642492300,1790933075.789058,5789,tx,1784.9,288.6,428.0,,,1,0,0,1
907415781093700,1790933075.927660,5927,tx,1358.3,233.2,459.5,,,1,0,0,1
907415923543200,1790933076.070112,6070,tx,1403.6,155.4,403.5,,,1,0,0,1
907416064402100,1790933076.210971,6210,tx,13004.9,281.8,1055.7,,,1,0,0,1
907416206147500,1790933076.352719,6352,tx,1504.5,196.9,442.1,,,1,0,0,1
907416348875500,1790933076.495448,6495,tx,2161.9,267.8,550.0,,,1,0,0,1
907416490484100,1790933076.637058,6637,tx,1708.1,166.3,357.9,,,1,0,0,1
907416647424800,1790933076.794001,6794,tx,1403.0,226.9,463.9,,,1,0,0,1
907416789190100,1790933076.935768,6935,tx,1770.3,449.3,674.5,,,1,0,0,1
907416929509200,1790933077.076088,7076,tx,1361.9,255.9,447.8,,,1,0,0,1
907417070447300,1790933077.217028,7217,tx,1351.0,285.8,472.3,,,1,0,0,1
907417211277300,1790933077.357859,7357,tx,1385.7,385.0,559.7,,,1,0,0,1
907417352735500,1790933077.499319,7499,tx,1734.5,187.2,610.6,,,1,0,0,1
907417494210200,1790933077.640795,7640,tx,5307.3,202.8,373.0,,,1,0,0,1
907417633783200,1790933077.780369,7780,tx,1649.7,221.4,412.6,,,1,0,0,1
907417777013100,1790933077.923601,7923,tx,1566.3,211.9,421.7,,,1,0,0,1
907417919790500,1790933078.066380,8066,tx,2333.2,177.5,519.8,,,1,0,0,1
907418061257100,1790933078.207848,8207,tx,1159.9,186.2,370.8,,,1,0,0,1
907418203222700,1790933078.349815,8349,tx,1270.5,178.5,374.4,,,1,0,0,1
907418345506500,1790933078.492099,8492,tx,3755.3,230.2,1274.8,,,1,0,0,1
907418503522800,1790933078.650118,8650,tx,1779.9,252.1,506.6,,,1,0,0,1
907418659452400,1790933078.806049,8806,tx,1463.6,293.7,503.1,,,1,0,0,1
907418801887100,1790933078.948484,8948,tx,11745.8,356.1,769.9,,,1,0,0,1
907418939161200,1790933079.085761,9085,tx,1202.8,189.4,448.9,,,1,0,0,1
907419084477000,1790933079.231078,9231,tx,21769.2,184.7,447.6,,,1,0,0,1
907419226163200,1790933079.372766,9372,tx,2017.8,369.3,710.8,,,1,0,0,1
907419365063900,1790933079.511668,9511,tx,1607.7,271.7,519.1,,,1,0,0,1
907419507054800,1790933079.653660,9653,tx,1913.7,189.5,453.8,,,1,0,0,1
907419649386800,1790933079.795994,9795,tx,8380.3,389.2,580.3,,,1,0,0,1
907419787812700,1790933079.934420,9934,tx,19822.9,287.5,661.1,,,1,0,0,1
907419930308600,1790933080.076919,10076,tx,1546.8,454.2,643.0,,,1,0,0,1
907420070297900,1790933080.216909,10216,tx,1785.3,373.9,581.7,,,1,0,0,1
907420211807500,1790933080.358420,10358,tx,3034.5,366.9,1009.5,,,1,0,0,1
907420351435400,1790933080.498049,10498,tx,2392.2,232.4,479.7,,,1,0,0,1
907420492200500,1790933080.638816,10638,tx,1307.4,203.6,446.1,,,1,0,0,1
907420632689100,1790933080.779306,10779,tx,1480.8,265.7,629.2,,,1,0,0,1
907420772365600,1790933080.918984,10918,tx,7819.6,225.2,574.3,,,1,0,0,1
907420913051700,1790933081.059672,11059,tx,3145.2,190.5,397.0,,,1,0,0,1
907421056734700,1790933081.203356,11203,tx,2411.8,260.7,510.6,,,1,0,0,1
907421197166300,1790933081.343789,11343,tx,1666.3,375.2,751.0,,,1,0,0,1
907421338595000,1790933081.485219,11485,tx,1629.5,194.3,397.6,,,1,0,0,1
907421479094800,1790933081.625721,11625,tx,1558.5,232.2,506.3,,,1,0,0,1
907421658354000,1790933081.804982,11804,tx,1463.7,384.7,516.6,,,1,0,0,1
907421795436100,1790933081.942065,11942,tx,1400.7,344.3,541.5,,,1,0,0,1
907421938638900,1790933082.085270,12085,tx,1289.7,121.9,292.2,,,1,0,0,1
907422080765800,1790933082.227398,12227,tx,40453.9,466.2,1104.1,,,1,0,0,1
907422222732900,1790933082.369367,12369,tx,1404.5,184.5,374.7,,,1,0,0,1
907422363313200,1790933082.509948,12509,tx,2146.9,308.3,616.4,,,1,0,0,1
907422503549200,1790933082.650186,12650,tx,1659.7,283.2,487.4,,,1,0,0,1
907422659175100,1790933082.805814,12805,tx,1340.4,213.6,345.1,,,1,0,0,1
907422800993300,1790933082.947633,12947,tx,2812.6,506.6,844.6,,,1,0,0,1
907422943191200,1790933083.089832,13089,tx,3132.1,268.5,706.5,,,1,0,0,1
907423086304400,1790933083.232947,13232,tx,1521.5,365.3,598.7,,,1,0,0,1
907423228675800,1790933083.375320,13375,tx,1619.3,247.5,487.8,,,1,0,0,1
907423371899200,1790933083.518545,13518,tx,3149.3,245.0,648.6,,,1,0,0,1
907423529414300,1790933083.676062,13676,tx,1443.9,368.3,555.7,,,1,0,0,1
907423669316100,1790933083.815965,13815,tx,1387.7,426.1,625.2,,,1,0,0,1
907423810181700,1790933083.956832,13956,tx,1623.0,410.6,656.4,,,1,0,0,1
907423951277300,1790933084.097929,14097,tx,23210.1,211.0,901.2,,,1,0,0,1
907424161766500,1790933084.308421,14308,tx,10280.7,214.9,526.0,,,1,0,0,1
907424310348700,1790933084.457004,14457,tx,2608.4,185.9,407.6,,,1,0,0,1
907424451964600,1790933084.598622,14598,tx,1466.6,226.5,439.3,,,1,0,0,1
907424591886000,1790933084.738544,14738,tx,1842.7,192.9,426.9,,,1,0,0,1
907424738741500,1790933084.885401,14885,tx,1639.3,237.6,524.5,,,1,0,0,1
907424888875800,1790933085.035537,35,tx,1358.5,241.0,457.4,,,1,0,0,1
907425039664300,1790933085.186327,186,tx,11560.2,331.1,1325.7,,,1,0,0,1
907425183620600,1790933085.330285,330,tx,1218.9,221.5,430.3,,,1,0,0,1
907425328804200,1790933085.475470,475,tx,1760.9,256.9,521.3,,,1,0,0,1
907425473002800,1790933085.619669,619,tx,11480.5,465.3,912.3,,,1,0,0,1
907425664600300,1790933085.811270,811,tx,1270.1,98.9,318.0,,,1,0,0,1
907425809326300,1790933085.955997,955,tx,9193.4,281.2,598.4,,,1,0,0,1
907425952300700,1790933086.098974,1098,tx,1382.9,411.7,595.1,,,1,0,0,1
907426094241900,1790933086.240916,1240,tx,59537.3,348.0,581.9,,,1,0,0,1
907426273784400,1790933086.420460,1420,tx,1900.0,182.8,429.7,,,1,0,0,1
907426421459700,1790933086.568137,1568,tx,2095.5,242.4,515.4,,,1,0,0,1
907426562526100,1790933086.709205,1709,tx,10764.7,223.2,614.0,,,1,0,0,1
907426702332900,1790933086.849014,1849,tx,1546.6,291.5,582.4,,,1,0,0,1
907426843307200,1790933086.989989,1989,tx,1602.7,274.8,566.4,,,1,0,0,1
907426987409000,1790933087.134092,2134,tx,1896.3,246.9,523.7,,,1,0,0,1
907427162262300,1790933087.308948,2308,tx,1265.2,213.5,392.8,,,1,0,0,1
907427303630300,1790933087.450317,2450,tx,1197.1,232.5,419.4,,,1,0,0,1
907427446263100,1790933087.592951,2592,tx,7523.5,232.3,598.5,,,1,0,0,1
907427587014900,1790933087.733704,2733,tx,2295.8,243.0,820.4,,,1,0,0,1
907427726192000,1790933087.872883,2872,tx,1210.8,210.3,407.9,,,1,0,0,1
907427868064100,1790933088.014756,3014,tx,3363.5,326.6,768.8,,,1,0,0,1
907428007950500,1790933088.154644,3154,tx,1352.9,191.4,385.2,,,1,0,0,1
907428147545700,1790933088.294241,3294,tx,1512.7,217.0,465.3,,,1,0,0,1
907428290497600,1790933088.437194,3437,tx,2211.4,247.4,590.6,,,1,0,0,1
907428432248100,1790933088.578946,3578,tx,7931.5,380.9,610.0,,,1,0,0,1
907428573360200,1790933088.720060,3720,tx,1444.7,276.0,571.2,,,1,0,0,1
907428731238700,1790933088.877940,3877,tx,1638.3,440.6,666.3,,,1,0,0,1
907428872510600,1790933089.019213,4019,tx,18084.1,309.0,824.3,,,1,0,0,1
907429012563300,1790933089.159266,4159,tx,2119.2,239.3,753.7,,,1,0,0,1
907429155282300,1790933089.301988,4301,tx,1217.1,371.0,504.4,,,1,0,0,1
907429295083400,1790933089.441791,4441,tx,2521.4,453.7,836.2,,,1,0,0,1
907429437441000,1790933089.584150,4584,tx,1350.2,274.2,478.1,,,1,0,0,1
907429579222800,1790933089.725933,4725,tx,1778.1,397.4,635.4,,,1,0,0,1
907429720924800,1790933089.867636,4867,tx,1598.8,258.8,486.1,,,1,0,0,1
907429862715000,1790933090.009429,5009,tx,1266.8,210.6,345.7,,,1,0,0,1
907430006014200,1790933090.152729,5152,tx,1317.2,259.6,523.7,,,1,0,0,1
907430178253900,1790933090.324970,5324,tx,6915.0,141.5,313.9,,,1,0,0,1
907430319830600,1790933090.466549,5466,tx,1693.6,202.3,396.8,,,1,0,0,1
907430462796600,1790933090.609516,5609,tx,1315.1,141.9,347.5,,,1,0,0,1
907430605067600,1790933090.751789,5751,tx,1270.2,207.9,367.3,,,1,0,0,1
907430748990400,1790933090.895713,5895,tx,1801.1,184.7,421.9,,,1,0,0,1
907430890717400,1790933091.037441,6037,tx,2255.1,831.3,1129.3,,,1,0,0,1
907431032052700,1790933091.178778,6178,tx,1419.3,211.4,438.6,,,1,0,0,1
907431173163200,1790933091.319890,6319,tx,1595.3,431.0,746.6,,,1,0,0,1
907431315531000,1790933091.462259,6462,tx,1350.0,159.4,365.3,,,1,0,0,1
907431456312900,1790933091.603043,6603,tx,1266.4,412.3,543.3,,,1,0,0,1
907431599458300,1790933091.746190,6746,tx,8146.4,304.1,495.3,,,1,0,0,1
907431739841700,1790933091.886575,6886,tx,1355.7,209.9,354.1,,,1,0,0,1
907431881169800,1790933092.027904,7027,tx,1616.5,392.1,727.6,,,1,0,0,1
907432023795100,1790933092.170530,7170,tx,2562.6,227.5,582.9,,,1,0,0,1
907432171247900,1790933092.317985,7317,tx,1430.0,207.3,376.7,,,1,0,0,1
907432322266500,1790933092.469005,7469,tx,1806.7,225.6,718.8,,,1,0,0,1
907432462086600,1790933092.608827,7608,tx,2600.0,478.4,805.8,,,1,0,0,1
907432603937700,1790933092.750679,7750,tx,1303.6,210.9,398.1,,,1,0,0,1
907432746131900,1790933092.892875,7892,tx,1656.8,197.9,432.3,,,1,0,0,1
907432888053000,1790933093.034798,8034,tx,2241.2,442.7,762.8,,,1,0,0,1
907433028037700,1790933093.174784,8174,tx,1492.4,225.2,408.1,,,1,0,0,1
907433184506100,1790933093.331254,8331,tx,1969.7,177.7,379.0,,,1,0,0,1
907433326504700,1790933093.473253,8473,tx,3069.5,318.1,745.4,,,1,0,0,1
907433463723900,1790933093.610475,8610,tx,6274.5,178.6,354.3,,,1,0,0,1
907433610423400,1790933093.757175,8757,tx,58530.3,199.0,436.5,,,1,0,0,1
907433778014400,1790933093.924768,8924,tx,1753.0,171.7,397.6,,,1,0,0,1
907433921880400,1790933094.068636,9068,tx,1742.3,252.9,452.9,,,1,0,0,1
907434063497700,1790933094.210255,9210,tx,2211.6,261.0,578.8,,,1,0,0,1
907434204274100,1790933094.351032,9351,tx,2185.7,426.6,676.9,,,1,0,0,1
907434360397500,1790933094.507158,9507,tx,1422.9,224.9,635.9,,,1,0,0,1
907434499036000,1790933094.645797,9645,tx,2571.8,376.6,894.8,,,1,0,0,1
907434672238200,1790933094.819002,9819,tx,1501.6,137.5,282.0,,,1,0,0,1
907434814918700,1790933094.961684,9961,tx,1804.0,186.9,454.3,,,1,0,0,1
907434959448800,1790933095.106215,10106,tx,2659.5,224.7,925.1,,,1,0,0,1
907435100499600,1790933095.247267,10247,tx,6623.2,250.1,384.4,,,1,0,0,1
907435242288800,1790933095.389058,10389,tx,1326.6,378.9,557.4,,,1,0,0,1
907435382939800,1790933095.529710,10529,tx,1310.3,214.5,428.1,,,1,0,0,1
907435525551000,1790933095.672323,10672,tx,1975.0,311.2,621.4,,,1,0,0,1
907435667656200,1790933095.814430,10814,tx,1283.6,185.5,399.1,,,1,0,0,1
907435809432800,1790933095.956208,10956,tx,1848.3,204.1,508.4,,,1,0,0,1
907435948869300,1790933096.095646,11095,tx,1563.5,235.2,623.6,,,1,0,0,1
907436090781300,1790933096.237559,11237,tx,1230.9,177.3,364.5,,,1,0,0,1
907436231331600,1790933096.378111,11378,tx,1302.3,359.5,554.5,,,1,0,0,1
907436371061100,1790933096.517842,11517,tx,1226.6,181.0,383.0,,,1,0,0,1
907436513772600,1790933096.660554,11660,tx,3383.0,271.7,646.5,,,1,0,0,1
907436674179800,1790933096.820964,11820,tx,1684.6,185.3,402.4,,,1,0,0,1
907436813670500,1790933096.960456,11960,tx,2505.9,292.0,638.9,,,1,0,0,1
907436957026100,1790933097.103813,12103,tx,19952.2,158.0,391.3,,,1,0,0,1
907437115381800,1790933097.262171,12262,tx,27915.5,307.2,532.0,,,1,0,0,1
907437257621000,1790933097.404411,12404,tx,1338.2,176.8,391.6,,,1,0,0,1
907437399014500,1790933097.545806,12545,tx,6827.1,190.2,434.0,,,1,0,0,1
907437540398800,1790933097.687192,12687,tx,1286.0,381.1,567.6,,,1,0,0,1
907437682404700,1790933097.829199,12829,tx,8555.1,141.6,436.8,,,1,0,0,1
907437824924500,1790933097.971721,12971,tx,1613.6,187.2,521.9,,,1,0,0,1
907437983136000,1790933098.129934,13129,tx,1286.6,248.5,438.0,,,1,0,0,1
907438171746600,1790933098.318547,13318,tx,1764.3,204.1,343.3,,,1,0,0,1
907438314658300,1790933098.461460,13461,tx,1301.9,226.5,420.3,,,1,0,0,1
907438455346500,1790933098.602149,13602,tx,1895.1,318.6,554.0,,,1,0,0,1
907438596351700,1790933098.743155,13743,tx,12043.3,316.7,1000.8,,,1,0,0,1
907438738216700,1790933098.885022,13885,tx,1903.7,289.8,679.0,,,1,0,0,1
907438878074400,1790933099.024881,14024,tx,1611.3,210.6,472.9,,,1,0,0,1
907439019371300,1790933099.166180,14166,tx,2172.6,284.0,593.1,,,1,0,0,1
907439176921900,1790933099.323732,14323,tx,2014.2,241.2,446.7,,,1,0,0,1
907439317924000,1790933099.464736,14464,tx,1451.0,226.7,472.0,,,1,0,0,1
907439459664600,1790933099.606477,14606,tx,2966.6,307.4,671.9,,,1,0,0,1
907439616763900,1790933099.763578,14763,tx,54383.8,111.2,323.3,,,1,0,0,1
907439772705600,1790933099.919522,14919,tx,1746.7,302.1,523.2,,,1,0,0,1
907439915247300,1790933100.062065,62,tx,16523.6,340.6,668.4,,,1,0,0,1
907440058830000,1790933100.205649,205,tx,1580.0,206.4,457.6,,,1,0,0,1
907440203729700,1790933100.350551,350,tx,1492.2,181.2,379.7,,,1,0,0,1
907440346835900,1790933100.493658,493,tx,8190.8,172.3,422.8,,,1,0,0,1
907440488824700,1790933100.635648,635,tx,1155.0,164.3,323.4,,,1,0,0,1
907440678395500,1790933100.825221,825,tx,7912.7,327.5,522.5,,,1,0,0,1
907440820871400,1790933100.967699,967,tx,1169.7,179.2,371.8,,,1,0,0,1
907440964985200,1790933101.111814,1111,tx,1871.0,202.8,471.9,,,1,0,0,1
907441105702700,1790933101.252533,1252,tx,1234.2,257.7,470.3,,,1,0,0,1
907441247271800,1790933101.394104,1394,tx,1592.0,323.3,797.7,,,1,0,0,1
907441387944100,1790933101.534777,1534,tx,1832.8,209.3,489.5,,,1,0,0,1
907441530059200,1790933101.676894,1676,tx,1316.2,231.7,458.6,,,1,0,0,1
907441670976300,1790933101.817812,1817,tx,1346.0,210.5,402.9,,,1,0,0,1
907441814023800,1790933101.960861,1960,tx,1154.5,179.4,375.9,,,1,0,0,1
907441953272100,1790933102.100111,2100,tx,2032.4,389.1,652.4,,,1,0,0,1
907442095067000,1790933102.241907,2241,tx,8511.6,220.9,456.6,,,1,0,0,1
907442237371500,1790933102.384213,2384,tx,1666.1,193.8,599.2,,,1,0,0,1
907442379422500,1790933102.526266,2526,tx,1707.6,249.5,493.0,,,1,0,0,1
907442521807500,1790933102.668653,2668,tx,1550.6,291.9,518.2,,,1,0,0,1
907442675137100,1790933102.821984,2821,tx,1316.6,239.0,372.1,,,1,0,0,1
907442821495800,1790933102.968343,2968,tx,3557.0,286.2,699.7,,,1,0,0,1
907442963818600,1790933103.110668,3110,tx,2394.2,221.4,527.4,,,1,0,0,1
907443106197900,1790933103.253049,3253,tx,2629.1,392.8,643.9,,,1,0,0,1
907443246955800,1790933103.393808,3393,tx,2746.8,316.6,850.1,,,1,0,0,1
907443388137000,1790933103.534990,3534,tx,5530.5,330.8,785.2,,,1,0,0,1
907443546929600,1790933103.693784,3693,tx,3765.0,464.8,865.2,,,1,0,0,1
907443704500000,1790933103.851357,3851,tx,1214.1,301.2,445.4,,,1,0,0,1
907443845519300,1790933103.992377,3992,tx,11227.2,236.4,563.4,,,1,0,0,1
907443987793300,1790933104.134654,4134,tx,997.8,204.1,361.2,,,1,0,0,1
907444175187300,1790933104.322050,4322,tx,9992.6,247.6,775.1,,,1,0,0,1
907444317431500,1790933104.464295,4464,tx,1621.4,302.4,475.8,,,1,0,0,1
907444459479000,1790933104.606344,4606,tx,1617.0,249.9,494.4,,,1,0,0,1
907444599972200,1790933104.746839,4746,tx,1735.9,193.4,456.8,,,1,0,0,1
907444740761100,1790933104.887629,4887,tx,1241.1,196.3,397.1,,,1,0,0,1
907444883365900,1790933105.030235,5030,tx,1679.4,235.2,615.2,,,1,0,0,1
907445024476100,1790933105.171347,5171,tx,1298.9,230.0,445.8,,,1,0,0,1
907445179909500,1790933105.326782,5326,tx,1947.6,203.8,398.6,,,1,0,0,1
907445324771200,1790933105.471645,5471,tx,1405.1,184.8,516.2,,,1,0,0,1
907445465126800,1790933105.612001,5612,tx,3880.0,303.8,819.8,,,1,0,0,1
907445605235400,1790933105.752112,5752,tx,67518.8,267.7,680.7,,,1,0,0,1
907445774012700,1790933105.920891,5920,tx,1222.9,137.5,331.3,,,1,0,0,1
907445921867100,1790933106.068747,6068,tx,26467.8,406.6,754.3,,,1,0,0,1
907446077979700,1790933106.224861,6224,tx,1745.1,209.3,413.9,,,1,0,0,1
907446219242300,1790933106.366126,6366,tx,2039.4,358.1,640.5,,,1,0,0,1
907446361052500,1790933106.507936,6507,tx,11724.8,280.9,843.3,,,1,0,0,1
907446504209900,1790933106.651096,6651,tx,1466.7,421.9,622.4,,,1,0,0,1
907446675458500,1790933106.822347,6822,tx,1344.6,261.0,634.7,,,1,0,0,1
907446815745400,1790933106.962635,6962,tx,1506.0,241.8,465.8,,,1,0,0,1
907446957453700,1790933107.104345,7104,tx,1862.7,160.9,457.6,,,1,0,0,1
907447099424000,1790933107.246316,7246,tx,1291.5,176.2,344.6,,,1,0,0,1
907447242256800,1790933107.389151,7389,tx,10658.1,406.3,668.7,,,1,0,0,1
907447385245400,1790933107.532141,7532,tx,1412.3,397.8,599.9,,,1,0,0,1
907447525848400,1790933107.672745,7672,tx,2566.1,196.9,602.1,,,1,0,0,1
907447669363300,1790933107.816262,7816,tx,1328.8,336.4,534.2,,,1,0,0,1
907447809131900,1790933107.956032,7956,tx,1194.7,215.8,403.8,,,1,0,0,1
907447951192900,1790933108.098094,8098,tx,1321.6,370.4,581.3,,,1,0,0,1
907448093405500,1790933108.240309,8240,tx,1984.1,194.4,423.9,,,1,0,0,1
907448233263300,1790933108.380167,8380,tx,8555.4,201.5,546.5,,,1,0,0,1
907448389543600,1790933108.536449,8536,tx,2056.5,191.2,456.1,,,1,0,0,1
907448529296400,1790933108.676203,8676,tx,3279.7,245.6,715.1,,,1,0,0,1
907448676335400,1790933108.823245,8823,tx,1444.6,352.8,522.5,,,1,0,0,1
907448827166400,1790933108.974077,8974,tx,1481.8,164.0,376.0,,,1,0,0,1
907448968434900,1790933109.115347,9115,tx,1264.5,297.2,488.4,,,1,0,0,1
907449109226100,1790933109.256140,9256,tx,1381.4,391.8,555.0,,,1,0,0,1
907449251705500,1790933109.398620,9398,tx,1300.1,233.0,428.6,,,1,0,0,1
907449392736300,1790933109.539653,9539,tx,1361.1,195.9,559.6,,,1,0,0,1
907449534647600,1790933109.681565,9681,tx,15076.1,198.7,741.1,,,1,0,0,1
907449678449600,1790933109.825369,9825,tx,7738.3,296.6,474.6,,,1,0,0,1
907449817920200,1790933109.964841,9964,tx,1764.6,227.3,467.1,,,1,0,0,1
907449959433900,1790933110.106356,10106,tx,1450.8,253.5,456.3,,,1,0,0,1
907450099810200,1790933110.246734,10246,tx,1315.5,213.7,428.7,,,1,0,0,1
907450241183000,1790933110.388108,10388,tx,1301.4,418.6,603.0,,,1,0,0,1
907450382349100,1790933110.529276,10529,tx,1270.1,367.2,593.5,,,1,0,0,1
907450521406000,1790933110.668334,10668,tx,11292.3,269.0,565.2,,,1,0,0,1
907450663563900,1790933110.810494,10810,tx,1208.1,176.0,363.6,,,1,0,0,1
907450806861200,1790933110.953792,10953,tx,1823.3,275.8,500.9,,,1,0,0,1
907450951365000,1790933111.098298,11098,tx,1400.8,297.9,524.3,,,1,0,0,1
907451093476900,1790933111.240411,11240,tx,1868.4,249.6,505.3,,,1,0,0,1
907451234859900,1790933111.381795,11381,tx,1721.0,209.1,430.3,,,1,0,0,1
907451375838600,1790933111.522776,11522,tx,1884.0,223.6,596.6,,,1,0,0,1
907451516527600,1790933111.663466,11663,tx,1295.6,144.4,321.1,,,1,0,0,1
907451674519800,1790933111.821460,11821,tx,1590.9,186.1,502.9,,,1,0,0,1
907451827972200,1790933111.974914,11974,tx,3877.4,188.3,433.8,,,1,0,0,1
907451968675600,1790933112.115619,12115,tx,1635.3,180.0,337.2,,,1,0,0,1
907452111303800,1790933112.258248,12258,tx,28510.5,211.2,495.0,,,1,0,0,1
907452252170800,1790933112.399116,12399,tx,5183.7,518.3,1594.9,,,1,0,0,1
907452394635000,1790933112.541583,12541,tx,1543.3,239.2,448.5,,,1,0,0,1
907452537140700,1790933112.684090,12684,tx,1821.8,174.5,401.1,,,1,0,0,1
907452677171100,1790933112.824122,12824,tx,7371.1,150.2,315.1,,,1,0,0,1
907452821971400,1790933112.968923,12968,tx,7745.3,283.2,579.5,,,1,0,0,1
907452979702000,1790933113.126656,13126,tx,1685.7,203.6,403.3,,,1,0,0,1
907453121562700,1790933113.268518,13268,tx,54245.0,176.6,340.3,,,1,0,0,1
907453278023200,1790933113.424980,13424,tx,1398.3,254.1,486.9,,,1,0,0,1
907453419898400,1790933113.566857,13566,tx,2090.3,246.6,557.9,,,1,0,0,1
907453562100700,1790933113.709060,13709,tx,2507.7,414.5,743.0,,,1,0,0,1
907453703767500,1790933113.850729,13850,tx,2764.4,237.5,505.6,,,1,0,0,1
907453845935400,1790933113.992898,13992,tx,2281.1,231.3,519.6,,,1,0,0,1
907453987928500,1790933114.134892,14134,tx,2255.3,257.2,553.8,,,1,0,0,1
907454176218000,1790933114.323184,14323,tx,1389.2,206.1,342.6,,,1,0,0,1
907454317260700,1790933114.464228,14464,tx,1712.9,371.1,575.1,,,1,0,0,1
907454459006200,1790933114.605975,14605,tx,19665.1,245.9,885.0,,,1,0,0,1
907454615663700,1790933114.762634,14762,tx,62343.2,269.4,767.9,,,1,0,0,1
907454810640600,1790933114.957613,14957,tx,1779.2,257.4,549.2,,,1,0,0,1
907454958483700,1790933115.105455,105,tx,1161.3,274.8,448.0,,,1,0,0,1
907455103037700,1790933115.250013,250,tx,1299.0,181.7,442.5,,,1,0,0,1
907455247828500,1790933115.394806,394,tx,1195.7,191.2,386.3,,,1,0,0,1
907455393035600,1790933115.540015,540,tx,1171.0,163.9,361.0,,,1,0,0,1
907455536037800,1790933115.683018,683,tx,1985.0,262.6,539.1,,,1,0,0,1
907455680142000,1790933115.827124,827,tx,1923.1,215.9,387.1,,,1,0,0,1
907455826297500,1790933115.973281,973,tx,1383.2,391.0,586.8,,,1,0,0,1
907455967892800,1790933116.114877,1114,tx,1458.7,239.3,480.9,,,1,0,0,1
907456111313500,1790933116.258300,1258,tx,60953.5,380.0,531.1,,,1,0,0,1
907456298809200,1790933116.445797,1445,tx,1455.4,212.0,456.3,,,1,0,0,1
907456437996400,1790933116.584986,1584,tx,1182.6,221.1,409.3,,,1,0,0,1
907456580291700,1790933116.727283,1727,tx,1401.7,394.4,599.3,,,1,0,0,1
907456723295300,1790933116.870288,1870,tx,2223.6,320.2,599.4,,,1,0,0,1
907456865608400,1790933117.012603,2012,tx,15836.1,220.4,431.6,,,1,0,0,1
907457007764300,1790933117.154760,2154,tx,3323.6,491.1,994.3,,,1,0,0,1
907457180572800,1790933117.327570,2327,tx,1149.4,210.9,347.3,,,1,0,0,1
907457320214700,1790933117.467214,2467,tx,1280.6,197.7,387.1,,,1,0,0,1
907457460999200,1790933117.608000,2607,tx,1427.6,214.5,422.2,,,1,0,0,1
907457604609200,1790933117.751611,2751,tx,1438.6,203.1,381.2,,,1,0,0,1
907457743328600,1790933117.890332,2890,tx,5246.8,296.9,565.7,,,1,0,0,1
907457887107400,1790933118.034112,3034,tx,1596.8,363.0,672.9,,,1,0,0,1
907458029226400,1790933118.176232,3176,tx,1862.5,179.8,369.3,,,1,0,0,1
907458171035700,1790933118.318043,3318,tx,1209.3,213.3,398.5,,,1,0,0,1
907458311059200,1790933118.458068,3458,tx,1745.7,228.1,519.4,,,1,0,0,1
907458452052800,1790933118.599063,3599,tx,1412.7,231.4,457.3,,,1,0,0,1
907458593130000,1790933118.740142,3740,tx,1390.1,184.3,385.9,,,1,0,0,1
907458736054900,1790933118.883068,3883,tx,1488.1,223.2,483.0,,,1,0,0,1
907458876038100,1790933119.023053,4023,tx,2175.6,242.2,781.3,,,1,0,0,1
907459018026900,1790933119.165043,4165,tx,1311.3,215.2,456.3,,,1,0,0,1
907459170637500,1790933119.317656,4317,tx,1398.0,254.5,395.6,,,1,0,0,1
907459317072800,1790933119.464092,4464,tx,1444.8,186.4,526.2,,,1,0,0,1
907459459624500,1790933119.606646,4606,tx,1351.6,264.1,474.6,,,1,0,0,1
907459600661800,1790933119.747684,4747,tx,35906.3,223.0,606.3,,,1,0,0,1
907459738731800,1790933119.885756,4885,tx,1416.8,241.5,410.6,,,1,0,0,1
907459885732100,1790933120.032758,5032,tx,1547.6,221.2,402.3,,,1,0,0,1
907460026678700,1790933120.173706,5173,tx,1783.1,213.5,456.0,,,1,0,0,1
907460178710000,1790933120.325738,5325,tx,2246.5,301.3,750.0,,,1,0,0,1
907460325510300,1790933120.472540,5472,tx,1567.4,251.4,467.1,,,1,0,0,1
907460468635800,1790933120.615667,5615,tx,4759.5,255.7,516.4,,,1,0,0,1
907460607823500,1790933120.754856,5754,tx,1892.8,229.4,503.3,,,1,0,0,1
907460749103500,1790933120.896137,5896,tx,3160.4,206.8,806.8,,,1,0,0,1
907460887790500,1790933121.034826,6034,tx,2536.3,258.8,595.5,,,1,0,0,1
907461026772500,1790933121.173809,6173,tx,8380.4,296.4,595.7,,,1,0,0,1
907461166763700,1790933121.313802,6313,tx,1512.6,229.6,437.6,,,1,0,0,1
907461324224400,1790933121.471265,6471,tx,3555.4,352.5,600.4,,,1,0,0,1
907461464958300,1790933121.612000,6612,tx,1015.0,216.0,421.5,,,1,0,0,1
907461605676700,1790933121.752720,6752,tx,1811.5,294.3,539.9,,,1,0,0,1
907461747340000,1790933121.894385,6894,tx,1962.9,230.8,574.6,,49975.7,1,0,0,1
907461886960000,1790933122.034007,7034,idle,1241.2,210.3,395.1,,,0,0,0,0
907462144227900,1790933122.291277,7291,idle,34662.4,,,,,0,0,0,0
907462294645200,1790933122.441696,7441,idle,1285.3,,,,,0,0,0,0
907462437154200,1790933122.584206,7584,idle,11286.9,,,,,0,0,0,1
907462597151400,1790933122.744205,7744,tx,12205.6,201.8,626.9,,,1,0,0,1
907462740195100,1790933122.887250,7887,tx,1343.4,239.0,429.9,,,1,0,0,1
907462889436500,1790933123.036493,8036,tx,11473.3,263.8,444.3,,,1,0,0,1
907463028313400,1790933123.175371,8175,tx,1245.0,360.9,556.0,,,1,0,0,1
907463172570200,1790933123.319630,8319,tx,1502.7,187.7,312.4,,,1,0,0,1
907463312955200,1790933123.460016,8460,tx,18900.5,172.9,506.4,,,1,0,0,1
907463460141200,1790933123.607204,8607,tx,1825.8,418.4,648.8,,,1,0,0,1
907463613179500,1790933123.760243,8760,tx,62328.9,349.7,632.9,,,1,0,0,1
907463802995600,1790933123.950061,8950,tx,3527.1,245.1,853.5,,,1,0,0,1
907463941877000,1790933124.088945,9088,tx,1469.5,237.3,445.8,,,1,0,0,1
907464084217600,1790933124.231287,9231,tx,10192.9,380.7,614.0,,,1,0,0,1
907464225152200,1790933124.372223,9372,tx,1291.4,189.8,390.9,,,1,0,0,1
907464367477300,1790933124.514549,9514,tx,4317.8,471.9,1310.8,,,1,0,0,1
907464508893600,1790933124.655967,9655,tx,2271.7,273.9,596.3,,,1,0,0,1
907464649959000,1790933124.797033,9797,tx,1237.6,227.0,456.0,,,1,0,0,1
907464792183000,1790933124.939259,9939,tx,2199.1,418.0,678.6,,,1,0,0,1
907464933371500,1790933125.080449,10080,tx,3776.8,318.1,784.0,,,1,0,0,1
907465076298500,1790933125.223378,10223,tx,10736.7,330.4,576.9,,,1,0,0,1
907465217546000,1790933125.364627,10364,tx,1203.9,236.1,396.5,,,1,0,0,1
907465357027700,1790933125.504110,10504,tx,2415.5,255.2,802.2,,,1,0,0,1
907465498389100,1790933125.645473,10645,tx,1737.9,283.0,538.2,,,1,0,0,1
907465671519700,1790933125.818606,10818,tx,7841.7,161.9,484.2,,,1,0,0,1
907465814852300,1790933125.961940,10961,tx,1736.4,165.1,359.3,,,1,0,0,1
907465958042000,1790933126.105130,11105,tx,13786.5,209.2,442.3,,,1,0,0,1
907466098514900,1790933126.245605,11245,tx,1544.9,265.6,502.3,,,1,0,0,1
907466240169100,1790933126.387260,11387,tx,3649.6,225.9,1185.3,,,1,0,0,1
907466381093900,1790933126.528187,11528,tx,11641.5,386.9,720.2,,,1,0,0,1
907466521070800,1790933126.668165,11668,tx,1183.8,230.4,376.9,,,1,0,0,1
907466677365100,1790933126.824461,11824,tx,2010.4,292.3,825.2,,,1,0,0,1
907466817127500,1790933126.964183,11964,tx,9053.3,384.7,641.8,,,1,0,0,1
907466957732400,1790933127.104831,12104,tx,1964.8,292.9,596.0,,,1,0,0,1
907467099970100,1790933127.247070,12247,tx,3463.5,481.7,828.7,,,1,0,0,1
907467240367400,1790933127.387469,12387,tx,1424.7,293.5,497.1,,,1,0,0,1
907467381232800,1790933127.528336,12528,tx,1647.6,264.4,517.2,,,1,0,0,1
907467524229000,1790933127.671334,12671,tx,1564.6,397.6,632.4,,,1,0,0,1
907467666208200,1790933127.813315,12813,tx,1522.5,302.7,619.6,,,1,0,0,1
907467809491400,1790933127.956598,12956,tx,12411.0,290.3,779.0,,,1,0,0,1
907467949445700,1790933128.096555,13096,tx,1311.9,195.9,380.1,,,1,0,0,1
907468093424700,1790933128.240535,13240,tx,2730.2,275.5,691.2,,,1,0,0,1
907468233954400,1790933128.381067,13381,tx,1203.8,235.5,418.2,,,1,0,0,1
907468374770800,1790933128.521885,13521,tx,1509.3,229.8,434.4,,,1,0,0,1
907468516641700,1790933128.663756,13663,tx,3562.8,257.2,612.7,,,1,0,0,1
907468669404400,1790933128.816521,13816,tx,1658.5,422.0,564.3,,,1,0,0,1
907468817094100,1790933128.964213,13964,tx,1188.7,188.3,379.0,,,1,0,0,1
907468959651000,1790933129.106771,14106,tx,1218.6,201.4,396.0,,,1,0,0,1
907469099195400,1790933129.246316,14246,tx,3568.1,242.9,976.2,,,1,0,0,1
907469239780300,1790933129.386903,14386,tx,1528.3,235.7,424.0,,,1,0,0,1
907469382946700,1790933129.530071,14530,tx,1279.5,177.8,366.6,,,1,0,0,1
907469524043400,1790933129.671169,14671,tx,1044.9,196.2,354.0,,,1,0,0,1
907469679868800,1790933129.826996,14826,tx,1408.3,219.5,398.5,,,1,0,0,1
907469822919100,1790933129.970047,14970,tx,1570.1,174.7,477.3,,,1,0,0,1
907469964817200,1790933130.111948,111,tx,1639.4,235.9,507.8,,,1,0,0,1
907470109094900,1790933130.256227,256,tx,62401.3,191.4,437.2,,,1,0,0,1
907470303753400,1790933130.450886,450,tx,3765.9,391.6,1057.4,,,1,0,0,1
907470444860100,1790933130.591995,591,tx,1399.8,184.6,370.4,,,1,0,0,1
907470590781100,1790933130.737917,737,tx,2059.6,196.4,605.5,,,1,0,0,1
907470734794600,1790933130.881933,881,tx,1792.6,158.7,421.5,,,1,0,0,1
907470871986200,1790933131.019126,1019,tx,10984.2,233.1,393.7,,,1,0,0,1
907471020662600,1790933131.167804,1167,tx,1422.4,192.7,454.8,,,1,0,0,1
907471175721700,1790933131.322865,1322,tx,1269.4,218.9,391.2,,,1,0,0,1
907471316786600,1790933131.463931,1463,tx,1491.8,271.0,576.8,,,1,0,0,1
907471457466400,1790933131.604612,1604,tx,2213.9,250.6,573.3,,,1,0,0,1
907471595697800,1790933131.742845,1742,tx,1556.2,231.0,460.8,,,1,0,0,1
907471736204300,1790933131.883352,1883,tx,23325.1,557.2,1469.5,,,1,0,0,1
907471876835300,1790933132.023986,2023,tx,1009.0,181.1,324.5,,,1,0,0,1
907472017288300,1790933132.164440,2164,tx,3071.1,238.0,819.5,,,1,0,0,1
907472156497200,1790933132.303650,2303,tx,1652.1,242.5,534.5,,,1,0,0,1
907472300342200,1790933132.447497,2447,tx,1483.6,156.2,626.3,,,1,0,0,1
907472440273200,1790933132.587429,2587,tx,1315.6,405.6,601.7,,,1,0,0,1
907472580980500,1790933132.728121,2728,tx,1161.9,182.1,408.3,,,1,0,0,1
907472720836000,1790933132.867995,2867,tx,8720.7,209.9,394.9,,,1,0,0,1
907472861545400,1790933133.008706,3008,tx,1400.3,198.0,518.7,,,1,0,0,1
907473019096500,1790933133.166259,3166,tx,1769.7,231.3,455.9,,,1,0,0,1
907473171414100,1790933133.318578,3318,tx,1542.1,348.9,486.3,,,1,0,0,1
907473317096900,1790933133.464262,3464,tx,1213.5,186.6,407.3,,,1,0,0,1
907473458848900,1790933133.606015,3606,tx,2197.6,283.1,578.8,,,1,0,0,1
907473601913000,1790933133.749081,3749,tx,33301.1,298.0,604.4,,,1,0,0,1
907473741974500,1790933133.889144,3889,tx,1219.8,187.3,385.6,,,1,0,0,1
907473881706200,1790933134.028877,4028,tx,2031.3,249.7,538.8,,,1,0,0,1
907474022455600,1790933134.169628,4169,tx,2197.8,231.7,496.2,,,1,0,0,1
907474175561200,1790933134.322735,4322,tx,1300.3,257.7,429.4,,,1,0,0,1
907474319301700,1790933134.466477,4466,tx,1481.0,348.7,575.5,,,1,0,0,1
907474461439800,1790933134.608615,4608,tx,3698.2,308.7,711.6,,,1,0,0,1
907474618651600,1790933134.765831,4765,tx,59105.5,194.6,353.4,,,1,0,0,1
907474807003000,1790933134.954183,4954,tx,8215.3,410.5,780.5,,,1,0,0,1
907474964161900,1790933135.111344,5111,tx,2307.3,410.6,685.9,,,1,0,0,1
907475106298200,1790933135.253481,5253,tx,3178.1,316.5,762.0,,,1,0,0,1
907475247172500,1790933135.394357,5394,tx,11517.8,228.3,605.0,,,1,0,0,1
907475388428600,1790933135.535615,5535,tx,1747.4,275.8,525.2,,,1,0,0,1
907475545100300,1790933135.692289,5692,tx,1201.4,252.8,446.5,,,1,0,0,1
907475703196200,1790933135.850386,5850,tx,1602.7,305.6,717.6,,,1,0,0,1
907475859450300,1790933136.006642,6006,tx,1785.2,175.5,464.5,,,1,0,0,1
907476001663600,1790933136.148856,6148,tx,21957.8,308.3,677.3,,,1,0,0,1
907476174639300,1790933136.321834,6321,tx,7946.1,358.0,955.2,,,1,0,0,1
907476314456100,1790933136.461653,6461,tx,1226.4,239.4,441.4,,,1,0,0,1
907476458410900,1790933136.605609,6605,tx,1364.1,379.9,504.0,,,1,0,0,1
907476597691400,1790933136.744890,6744,tx,1485.2,228.6,463.3,,,1,0,0,1
907476739385200,1790933136.886586,6886,tx,1685.2,213.6,470.4,,,1,0,0,1
907476882842500,1790933137.030045,7030,tx,14739.1,221.2,423.4,,,1,0,0,1
907477040806100,1790933137.188010,7188,tx,1553.7,254.8,485.9,,,1,0,0,1
907477198127800,1790933137.345334,7345,tx,1369.7,232.9,414.9,,,1,0,0,1
907477338779500,1790933137.485987,7485,tx,1228.9,244.9,443.3,,,1,0,0,1
907477482197600,1790933137.629406,7629,tx,1870.4,419.3,676.5,,,1,0,0,1
907477624852400,1790933137.772062,7772,tx,51975.8,215.8,567.0,,,1,0,0,1
907477778724000,1790933137.925936,7925,tx,1734.2,295.2,634.1,,,1,0,0,1
907477924448200,1790933138.071661,8071,tx,1189.5,268.9,435.1,,,1,0,0,1
907478067071000,1790933138.214286,8214,tx,1398.3,235.2,435.4,,,1,0,0,1
907478209445300,1790933138.356662,8356,tx,1466.4,233.9,481.6,,,1,0,0,1
907478351272300,1790933138.498490,8498,tx,2897.9,224.1,767.2,,,1,0,0,1
907478492565200,1790933138.639784,8639,tx,1846.4,219.1,473.3,,,1,0,0,1
907478683573200,1790933138.830795,8830,tx,1412.1,198.4,573.2,,,1,0,0,1
907478823701600,1790933138.970924,8970,tx,1352.6,240.0,488.9,,,1,0,0,1
907478964153200,1790933139.111377,9111,tx,21532.5,257.1,613.4,,,1,0,0,1
907479173429000,1790933139.320655,9320,tx,8212.8,192.7,413.4,,,1,0,0,1
907479325444700,1790933139.472672,9472,tx,1618.9,242.2,491.1,,,1,0,0,1
907479465656300,1790933139.612885,9612,tx,1510.3,239.0,481.7,,,1,0,0,1
907479609408600,1790933139.756639,9756,tx,1315.6,300.1,490.3,,,1,0,0,1
907479749908300,1790933139.897140,9897,tx,5483.6,227.1,475.1,,,1,0,0,1
907479892896100,1790933140.040129,10040,tx,2085.9,453.9,960.9,,,1,0,0,1
907480033916300,1790933140.181151,10181,tx,1775.3,286.0,535.1,,,1,0,0,1
907480178586500,1790933140.325823,10325,tx,7069.9,161.1,341.5,,,1,0,0,1
907480316393100,1790933140.463631,10463,tx,1436.8,218.1,401.9,,,1,0,0,1
907480458479400,1790933140.605719,10605,tx,1190.4,186.7,378.7,,,1,0,0,1
907480599833700,1790933140.747074,10747,tx,10707.7,515.9,960.9,,,1,0,0,1
907480737659900,1790933140.884902,10884,tx,1223.0,187.9,365.3,,,1,0,0,1
907480883471000,1790933141.030713,11030,tx,1449.7,196.7,591.1,,,1,0,0,1
907481028319200,1790933141.175565,11175,tx,1358.2,364.6,576.5,,,1,0,0,1
907481170630700,1790933141.317878,11317,tx,1445.2,224.9,405.5,,,1,0,0,1
907481311941800,1790933141.459190,11459,tx,1475.7,239.6,432.8,,,1,0,0,1
907481455324000,1790933141.602574,11602,tx,1523.2,333.3,525.6,,,1,0,0,1
907481596864700,1790933141.744116,11744,tx,1734.7,236.5,516.2,,,1,0,0,1
907481738420500,1790933141.885673,11885,tx,1403.9,223.2,564.0,,,1,0,0,1
907481880979500,1790933142.028234,12028,tx,1282.9,186.2,490.2,,,1,0,0,1
907482021463700,1790933142.168719,12168,tx,4079.1,238.7,455.2,,,1,0,0,1
907482170603900,1790933142.317861,12317,tx,1297.0,211.1,401.0,,,1,0,0,1
907482319792900,1790933142.467052,12467,tx,1586.0,197.5,536.7,,,1,0,0,1
907482460247800,1790933142.607507,12607,tx,21648.2,278.9,899.2,,,1,0,0,1
907482601760500,1790933142.749022,12749,tx,1902.3,218.6,413.3,,,1,0,0,1
907482745059200,1790933142.892322,12892,tx,2005.5,421.5,690.0,,,1,0,0,1
907482887666200,1790933143.034931,13034,tx,1256.9,228.3,425.5,,,1,0,0,1
907483029325300,1790933143.176592,13176,tx,1439.9,336.0,521.4,,,1,0,0,1
907483173935100,1790933143.321203,13321,tx,1458.3,218.1,582.2,,,1,0,0,1
907483312116400,1790933143.459385,13459,tx,2133.5,350.1,693.4,,,1,0,0,1
907483454587200,1790933143.601858,13601,tx,1285.2,182.5,360.7,,,1,0,0,1
907483597152800,1790933143.744425,13744,tx,1738.8,447.6,712.5,,,1,0,0,1
907483737121000,1790933143.884394,13884,tx,1148.3,205.9,389.7,,,1,0,0,1
907483878831100,1790933144.026106,14026,tx,15308.6,180.1,388.0,,,1,0,0,1
907484017574400,1790933144.164850,14164,tx,1993.7,205.2,565.2,,,1,0,0,1
907484160836200,1790933144.308115,14308,tx,1680.1,235.8,432.8,,,1,0,0,1
907484303126700,1790933144.450406,14450,tx,2724.3,173.3,727.5,,,1,0,0,1
907484443738500,1790933144.591020,14591,tx,1363.3,202.4,390.4,,,1,0,0,1
907484584023900,1790933144.731306,14731,tx,1656.4,228.2,456.8,,,1,0,0,1
907484725748300,1790933144.873032,14873,tx,3432.7,262.7,670.4,,,1,0,0,1
907484865360400,1790933145.012645,12,tx,19285.7,316.7,1143.3,,,1,0,0,1
907485011424700,1790933145.158711,158,tx,1450.8,198.1,397.6,,,1,0,0,1
907485170795700,1790933145.318066,318,tx,1649.4,183.2,424.0,,,1,0,0,1
907485314907200,1790933145.462198,462,tx,1398.4,232.6,422.3,,,1,0,0,1
907485459316100,1790933145.606607,606,tx,2239.2,214.1,512.2,,,1,0,0,1
907485602541800,1790933145.749835,749,tx,2832.1,276.1,766.9,,,1,0,0,1
907485747436300,1790933145.894730,894,tx,12264.7,475.3,1257.8,,,1,0,0,1
907485890842000,1790933146.038138,1038,tx,1898.6,207.0,463.0,,,1,0,0,1
907486031583500,1790933146.178881,1178,tx,1525.8,295.6,524.8,,,1,0,0,1
907486172459400,1790933146.319758,1319,tx,8014.3,152.5,333.1,,,1,0,0,1
907486311857100,1790933146.459157,1459,tx,1522.7,260.0,438.9,,,1,0,0,1
907486468704200,1790933146.616006,1616,tx,1399.4,212.1,412.4,,,1,0,0,1
907486609220800,1790933146.756524,1756,tx,59542.7,302.3,621.2,,,1,0,0,1
907486795212600,1790933146.942518,1942,tx,1285.4,172.9,279.5,,,1,0,0,1
907486939517300,1790933147.086824,2086,tx,16964.6,201.6,477.7,,,1,0,0,1
907487081644300,1790933147.228953,2228,tx,1319.9,253.9,465.4,,,1,0,0,1
907487223131300,1790933147.370441,2370,tx,2069.4,210.2,666.5,,,1,0,0,1
907487364138300,1790933147.511449,2511,tx,3444.2,294.2,726.2,,,1,0,0,1
907487505717900,1790933147.653031,2653,tx,2066.6,203.7,694.6,,,1,0,0,1
907487691685000,1790933147.839000,2838,tx,1199.6,169.9,288.8,,,1,0,0,1
907487835363200,1790933147.982680,2982,tx,1664.2,258.1,639.7,,,1,0,0,1
907487978142800,1790933148.125460,3125,tx,1539.5,378.2,619.9,,,1,0,0,1
907488118507500,1790933148.265826,3265,tx,2253.8,324.1,633.6,,,1,0,0,1
907488259428500,1790933148.406749,3406,tx,2421.4,222.6,418.9,,,1,0,0,1
907488400379200,1790933148.547701,3547,tx,1474.9,274.4,502.2,,,1,0,0,1
907488541430400,1790933148.688750,3688,tx,1780.1,189.2,675.2,,,1,0,0,1
907488682087600,1790933148.829413,3829,tx,1211.0,223.9,417.0,,,1,0,0,1
907488823614300,1790933148.970941,3970,tx,1396.3,202.8,498.2,,,1,0,0,1
907488965130800,1790933149.112459,4112,tx,1149.4,209.4,397.4,,,1,0,0,1
907489105295200,1790933149.252624,4252,tx,1597.5,210.2,496.2,,,1,0,0,1
907489246848700,1790933149.394180,4394,tx,8921.1,215.2,420.1,,,1,0,0,1
907489388920400,1790933149.536253,4536,tx,1530.3,237.5,476.4,,,1,0,0,1
907489530866500,1790933149.678200,4678,tx,1774.0,233.3,432.1,,,1,0,0,1
907489686821700,1790933149.834157,4834,tx,7856.1,177.0,355.9,,,1,0,0,1
907489830559800,1790933149.977897,4977,tx,1106.9,210.7,398.5,,,1,0,0,1
907489972324800,1790933150.119663,5119,tx,1783.8,417.5,593.1,,,1,0,0,1
907490113899700,1790933150.261239,5261,tx,43028.4,420.2,881.4,,,1,0,0,1
907490254250600,1790933150.401592,5401,tx,1957.2,408.7,555.5,,,1,0,0,1
907490395395200,1790933150.542738,5542,tx,1351.2,239.4,474.0,,,1,0,0,1
907490535447400,1790933150.682792,5682,tx,1878.7,188.9,427.1,,,1,0,0,1
907490691563900,1790933150.838910,5838,tx,1620.9,269.1,660.0,,,1,0,0,1
907490832550700,1790933150.979898,5979,tx,2210.2,260.8,525.2,,,1,0,0,1
907490972224200,1790933151.119571,6119,tx,3830.0,302.6,741.9,,,1,0,0,1
907491114052400,1790933151.261402,6261,tx,10666.5,342.3,721.4,,,1,0,0,1
907491256486200,1790933151.403838,6403,tx,1306.7,239.3,425.7,,,1,0,0,1
907491399561800,1790933151.546915,6546,tx,1903.0,241.7,532.3,,,1,0,0,1
907491539465500,1790933151.686820,6686,tx,7555.2,159.0,403.3,,,1,0,0,1
907491682936100,1790933151.830292,6830,tx,2854.7,210.7,415.0,,,1,0,0,1
907491824933800,1790933151.972291,6972,tx,1439.3,227.6,450.3,,,1,0,0,1
907491966331300,1790933152.113690,7113,tx,1816.1,214.6,472.0,,,1,0,0,1
907492122426900,1790933152.269788,7269,tx,1543.9,197.9,640.9,,,1,0,0,1
907492265354000,1790933152.412716,7412,tx,1777.3,287.6,515.4,,,1,0,0,1
907492409202500,1790933152.556566,7556,tx,8655.2,232.9,569.4,,,1,0,0,1
907492553403600,1790933152.700768,7700,tx,1545.6,225.5,509.6,,,1,0,0,1
907492710257000,1790933152.857624,7857,tx,1802.5,420.9,596.4,,,1,0,0,1
907492852659000,1790933153.000027,8000,tx,5478.9,158.6,447.1,,,1,0,0,1
907492993340600,1790933153.140711,8140,tx,1482.4,257.6,534.5,,,1,0,0,1
907493133869100,1790933153.281240,8281,tx,26691.1,213.2,428.6,,,1,0,0,1
907493276579500,1790933153.423952,8423,tx,2251.0,166.0,609.0,,,1,0,0,1
907493418138100,1790933153.565512,8565,tx,1476.8,186.7,345.8,,,1,0,0,1
907493560086200,1790933153.707462,8707,tx,1488.5,367.8,694.9,,,1,0,0,1
907493716808800,1790933153.864186,8864,tx,1346.6,215.0,416.8,,,1,0,0,1
907493859099300,1790933154.006478,9006,tx,1664.8,401.0,697.5,,,1,0,0,1
907494001514500,1790933154.148895,9148,tx,1476.8,201.0,590.3,,,1,0,0,1
907494184627700,1790933154.332010,9332,tx,1150.4,260.7,394.7,,,1,0,0,1
907494331495300,1790933154.478879,9478,tx,1763.0,208.7,603.8,,,1,0,0,1
907494472343100,1790933154.619728,9619,tx,2040.4,237.5,516.6,,,1,0,0,1
907494611552500,1790933154.758939,9758,tx,1749.2,287.8,562.5,,,1,0,0,1
907494753785500,1790933154.901173,9901,tx,1684.6,259.2,545.2,,,1,0,0,1
907494895053300,1790933155.042443,10042,tx,1394.2,222.0,413.5,,,1,0,0,1
907495036425600,1790933155.183816,10183,tx,23779.3,253.9,638.2,,,1,0,0,1
907495194263500,1790933155.341656,10341,tx,1450.2,370.4,616.3,,,1,0,0,1
907495338125500,1790933155.485520,10485,tx,1629.5,412.1,650.0,,,1,0,0,1
907495479084700,1790933155.626480,10626,tx,2061.4,208.5,420.2,,,1,0,0,1
907495617677400,1790933155.765074,10765,tx,1399.7,219.7,450.1,,,1,0,0,1
907495755354200,1790933155.902753,10902,tx,1781.3,272.6,605.3,,,1,0,0,1
907495898914100,1790933156.046313,11046,tx,3784.1,494.0,871.6,,,1,0,0,1
907496039490900,1790933156.186892,11186,tx,1810.0,262.4,540.8,,,1,0,0,1
907496179619800,1790933156.327022,11327,tx,1663.1,263.2,548.1,,,1,0,0,1
907496320724800,1790933156.468129,11468,tx,2384.9,236.2,565.2,,,1,0,0,1
907496462739100,1790933156.610145,11610,tx,9940.2,249.6,523.1,,,1,0,0,1
907496601914800,1790933156.749322,11749,tx,1350.7,169.1,336.5,,,1,0,0,1
907496741841800,1790933156.889251,11889,tx,1352.5,261.5,508.2,,,1,0,0,1
907496883889400,1790933157.031300,12031,tx,1152.2,204.2,394.0,,,1,0,0,1
907497024680100,1790933157.172092,12172,tx,1115.9,202.8,385.4,,,1,0,0,1
907497192930300,1790933157.340344,12340,tx,1418.5,202.1,316.5,,,1,0,0,1
907497337888100,1790933157.485302,12485,tx,11356.9,264.0,604.1,,,1,0,0,1
907497493838400,1790933157.641255,12641,tx,1424.5,209.2,429.8,,,1,0,0,1
907497636012000,1790933157.783430,12783,tx,21762.1,199.0,373.2,,,1,0,0,1
907497789868100,1790933157.937288,12937,tx,2012.4,462.1,963.9,,,1,0,0,1
907497934235000,1790933158.081656,13081,tx,1364.7,435.4,625.6,,,1,0,0,1
907498075245400,1790933158.222668,13222,tx,1901.3,410.6,626.8,,,1,0,0,1
907498217859700,1790933158.365284,13365,tx,1383.6,220.3,378.9,,,1,0,0,1
907498375048300,1790933158.522474,13522,tx,2175.1,242.9,474.5,,,1,0,0,1
907498534622800,1790933158.682050,13682,tx,8106.2,204.2,542.9,,,1,0,0,1
907498687733500,1790933158.835163,13835,tx,1534.2,216.0,423.2,,,1,0,0,1
907498833192600,1790933158.980623,13980,tx,2549.6,235.4,773.8,,,1,0,0,1
907498974365800,1790933159.121798,14121,tx,9336.0,255.7,464.5,,,1,0,0,1
907499115941600,1790933159.263375,14263,tx,2060.7,204.7,439.1,,,1,0,0,1
907499256198900,1790933159.403634,14403,tx,1624.7,397.2,576.4,,,1,0,0,1
907499396964200,1790933159.544400,14544,tx,1723.6,272.9,531.4,,,1,0,0,1
907499539107100,1790933159.686545,14686,tx,1226.4,208.7,425.8,,,1,0,0,1
907499692849100,1790933159.840289,14840,tx,1466.6,132.2,445.3,,,1,0,0,1
907499835207800,1790933159.982649,14982,tx,1819.3,392.2,680.1,,,1,0,0,1
907499983131000,1790933160.130573,130,tx,2184.2,256.1,603.9,,,1,0,0,1
907500128161700,1790933160.275606,275,tx,58243.5,481.7,658.6,,,1,0,0,1
907500291781000,1790933160.439227,439,tx,8852.5,237.8,473.9,,,1,0,0,1
907500431989900,1790933160.579437,579,tx,1508.3,221.7,469.6,,,1,0,0,1
907500576916400,1790933160.724364,724,tx,2461.3,419.9,801.2,,,1,0,0,1
907500720749300,1790933160.868199,868,tx,9947.9,257.9,510.0,,,1,0,0,1
907500864795800,1790933161.012247,1012,tx,1869.2,165.9,434.0,,,1,0,0,1
907501009290700,1790933161.156744,1156,tx,1322.4,414.4,578.3,,,1,0,0,1
907501196368000,1790933161.343823,1343,tx,1649.5,330.0,519.0,,,1,0,0,1
907501338090500,1790933161.485547,1485,tx,1391.5,213.2,418.2,,,1,0,0,1
907501480225100,1790933161.627683,1627,tx,1696.2,294.6,592.1,,,1,0,0,1
907501620539400,1790933161.767999,1767,tx,1264.1,221.1,408.2,,,1,0,0,1
907501761829100,1790933161.909290,1909,tx,1280.2,190.9,404.8,,,1,0,0,1
907501905142100,1790933162.052604,2052,tx,3330.1,335.8,792.6,,,1,0,0,1
907502060771300,1790933162.208235,2208,tx,2340.2,284.1,734.8,,,1,0,0,1
907502205359200,1790933162.352825,2352,tx,1956.8,251.9,526.9,,,1,0,0,1
907502346612300,1790933162.494079,2494,tx,3555.2,502.2,1083.9,,,1,0,0,1
907502487665200,1790933162.635134,2635,tx,2340.6,212.2,585.2,,,1,0,0,1
907502630088900,1790933162.777559,2777,tx,64062.3,213.3,436.9,,,1,0,0,1
907502816504800,1790933162.963977,2963,tx,1693.5,280.2,505.0,,,1,0,0,1
907502954640600,1790933163.102114,3102,tx,1368.3,224.8,458.8,,,1,0,0,1
907503096667000,1790933163.244141,3244,tx,4095.4,543.9,1004.8,,,1,0,0,1
907503237097400,1790933163.384574,3384,tx,9849.5,126.0,545.4,,,1,0,0,1
907503378173100,1790933163.525651,3525,tx,1229.7,175.8,329.4,,,1,0,0,1
907503518624000,1790933163.666103,3666,tx,1128.7,101.0,258.2,,,1,0,0,1
907503674847300,1790933163.822328,3822,tx,6805.8,146.5,422.7,,,1,0,0,1
907503816653300,1790933163.964136,3964,tx,1327.6,219.1,508.2,,,1,0,0,1
907503958524600,1790933164.105992,4105,tx,1266.6,203.2,411.4,,,1,0,0,1
907504100396600,1790933164.247882,4247,tx,1477.3,224.3,475.5,,,1,0,0,1
907504242178800,1790933164.389666,4389,tx,1595.6,427.2,610.6,,,1,0,0,1
907504383117200,1790933164.530606,4530,tx,1380.3,191.4,438.4,,,1,0,0,1
907504524962600,1790933164.672452,4672,tx,1823.0,243.7,536.8,,,1,0,0,1
907504687344200,1790933164.834836,4834,tx,2207.9,432.0,578.2,,,1,0,0,1
907504840475200,1790933164.987968,4987,tx,2005.4,227.0,525.9,,,1,0,0,1
907504983507700,1790933165.131002,5131,tx,3180.7,286.5,778.0,,,1,0,0,1
907505124925700,1790933165.272421,5272,tx,30260.3,378.5,792.7,,,1,0,0,1
907505284329400,1790933165.431827,5431,tx,1600.3,251.2,535.4,,,1,0,0,1
907505436750200,1790933165.584249,5584,tx,2105.7,142.5,471.9,,,1,0,0,1
907505578202600,1790933165.725703,5725,tx,1567.2,362.0,552.0,,,1,0,0,1
907505718554700,1790933165.866057,5866,tx,1431.4,217.3,403.8,,,1,0,0,1
907505876062700,1790933166.023566,6023,tx,11979.3,206.1,830.5,,,1,0,0,1
907506019379800,1790933166.166885,6166,tx,1403.3,349.8,494.9,,,1,0,0,1
907506188025500,1790933166.335533,6335,tx,8808.7,184.3,321.8,,,1,0,0,1
907506330542100,1790933166.478050,6478,tx,2072.2,288.6,615.3,,,1,0,0,1
907506470855800,1790933166.618366,6618,tx,1311.0,190.6,416.2,,,1,0,0,1
907506612980000,1790933166.760492,6760,tx,1578.0,212.9,455.1,,,1,0,0,1
907506768542100,1790933166.916055,6916,tx,2622.0,256.4,568.2,,,1,0,0,1
907506910042200,1790933167.057557,7057,tx,1749.3,250.9,506.4,,,1,0,0,1
907507051482200,1790933167.198998,7198,tx,1448.5,253.4,477.7,,,1,0,0,1
907507193838400,1790933167.341356,7341,tx,1781.7,153.9,355.0,,,1,0,0,1
907507334049100,1790933167.481568,7481,tx,1391.7,194.9,434.1,,,1,0,0,1
907507478179200,1790933167.625700,7625,tx,2059.8,323.4,615.7,,,1,0,0,1
907507618525300,1790933167.766047,7766,tx,69204.3,245.6,443.5,,,1,0,0,1
907507808231200,1790933167.955755,7955,tx,1979.6,412.0,635.5,,,1,0,0,1
907507949343400,1790933168.096869,8096,tx,16667.7,174.8,478.0,,,1,0,0,1
907508107893200,1790933168.255407,8255,tx,1421.6,166.6,422.7,,,1,0,0,1
907508250929900,1790933168.398458,8398,tx,1927.3,233.8,548.0,,,1,0,0,1
907508392021200,1790933168.539549,8539,tx,7688.2,410.9,777.3,,,1,0,0,1
907508535312200,1790933168.682844,8682,tx,1353.5,361.2,526.0,,,1,0,0,1
907508689999100,1790933168.837533,8837,tx,1059.5,162.8,263.3,,,1,0,0,1
907508831340100,1790933168.978875,8978,tx,1798.5,311.7,488.3,,,1,0,0,1
907508972622000,1790933169.120158,9120,tx,1591.1,201.3,391.7,,,1,0,0,1
907509113858800,1790933169.261396,9261,tx,2074.5,254.5,666.5,,,1,0,0,1
907509255288600,1790933169.402828,9402,tx,4383.0,371.3,533.9,,,1,0,0,1
907509398197100,1790933169.545737,9545,tx,1990.3,252.2,800.5,,,1,0,0,1
907509539195700,1790933169.686738,9686,tx,1698.3,409.6,607.2,,,1,0,0,1
907509685490100,1790933169.833034,9833,tx,1346.2,228.9,374.7,,,1,0,0,1
907509835198400,1790933169.982744,9982,tx,1826.1,184.8,653.9,,,1,0,0,1
907509977704400,1790933170.125251,10125,tx,1292.8,234.8,475.6,,,1,0,0,1
907510118768000,1790933170.266316,10266,tx,2363.2,218.1,499.3,,,1,0,0,1
907510259921000,1790933170.407470,10407,tx,1816.1,239.0,579.7,,,1,0,0,1
907510417162600,1790933170.564713,10564,tx,1903.7,459.9,704.7,,,1,0,0,1
907510560716200,1790933170.708246,10708,tx,3177.9,306.9,716.4,,,1,0,0,1
907510716388700,1790933170.863943,10863,tx,2581.8,304.0,475.8,,,1,0,0,1
907510857205100,1790933171.004761,11004,tx,1504.2,401.0,585.9,,,1,0,0,1
907510995535100,1790933171.143092,11143,tx,1854.3,188.5,381.8,,,1,0,0,1
907511141207800,1790933171.288766,11288,tx,27186.5,393.4,610.6,,,1,0,0,1
907511280702000,1790933171.428262,11428,tx,1310.5,152.3,377.4,,,1,0,0,1
907511423735500,1790933171.571297,11571,tx,1259.3,207.5,367.6,,,1,0,0,1
907511578404900,1790933171.725968,11725,tx,1500.1,222.1,415.5,,,1,0,0,1
907511718821100,1790933171.866386,11866,tx,1438.2,197.5,391.5,,,1,0,0,1
907511860683800,1790933172.008249,12008,tx,3389.1,405.0,905.5,,,1,0,0,1
907512002485900,1790933172.150053,12150,tx,2287.9,254.4,465.2,,,1,0,0,1
907512144916800,1790933172.292486,12292,tx,71811.9,153.9,485.2,,,1,0,0,1
907512334711800,1790933172.482282,12482,tx,1380.1,244.1,470.8,,,1,0,0,1
907512475134300,1790933172.622707,12622,tx,1535.6,244.5,644.1,,,1,0,0,1
907512615998800,1790933172.763572,12763,tx,2526.4,407.6,734.1,,,1,0,0,1
907512759160600,1790933172.906735,12906,tx,12373.9,288.0,686.6,,,1,0,0,1
907512900208800,1790933173.047786,13047,tx,1594.9,347.8,588.2,,,1,0,0,1
907513043195400,1790933173.190773,13190,tx,2809.1,269.8,606.9,,,1,0,0,1
907513190726000,1790933173.338306,13338,tx,8442.9,248.4,426.8,,,1,0,0,1
907513341208300,1790933173.488790,13488,tx,1494.9,353.4,563.8,,,1,0,0,1
907513481162400,1790933173.628746,13628,tx,1261.4,213.1,407.4,,,1,0,0,1
907513621408300,1790933173.768992,13768,tx,1865.0,222.3,480.2,,,1,0,0,1
907513761349100,1790933173.908935,13908,tx,1236.9,332.0,520.6,,,1,0,0,1
907513915175400,1790933174.062763,14062,tx,1476.0,411.0,611.2,,,1,0,0,1
907514057726000,1790933174.205315,14205,tx,1588.0,203.4,424.6,,,1,0,0,1
907514197699200,1790933174.345289,14345,tx,1626.6,228.2,423.3,,,1,0,0,1
907514338654100,1790933174.486246,14486,tx,1400.8,190.8,545.4,,,1,0,0,1
907514479299700,1790933174.626893,14626,tx,2123.2,251.9,568.5,,,1,0,0,1
907514621766200,1790933174.769361,14769,tx,1374.0,179.2,365.5,,,1,0,0,1
907514762158100,1790933174.909754,14909,tx,1508.2,365.0,604.8,,,1,0,0,1
907514901145900,1790933175.048744,48,tx,1514.3,444.2,630.1,,,1,0,0,1
907515050893900,1790933175.198493,198,tx,12659.1,333.5,815.8,,,1,0,0,1
907515217806900,1790933175.365408,365,tx,1432.7,268.8,453.0,,,1,0,0,1
907515370823500,1790933175.518426,518,tx,1286.4,227.6,424.8,,,1,0,0,1
907515515250400,1790933175.662854,662,tx,1341.2,299.4,472.7,,,1,0,0,1
907515666554100,1790933175.814160,814,tx,1925.4,169.1,454.4,,,1,0,0,1
907515803910000,1790933175.951517,951,tx,1613.6,190.6,381.5,,,1,0,0,1
907515946668100,1790933176.094275,1094,tx,1354.1,263.2,504.5,,,1,0,0,1
907516086487600,1790933176.234098,1234,tx,1228.9,215.0,391.5,,,1,0,0,1
907516229810100,1790933176.377422,1377,tx,1389.1,215.7,450.1,,,1,0,0,1
907516369517300,1790933176.517130,1517,tx,1399.5,199.8,389.4,,,1,0,0,1
907516511023200,1790933176.658638,1658,tx,1464.9,233.0,483.0,,,1,0,0,1
907516652526800,1790933176.800143,1800,tx,67653.7,168.3,354.7,,,1,0,0,1
907516835284400,1790933176.982902,1982,tx,1978.0,268.9,539.6,,,1,0,0,1
907516980275200,1790933177.127895,2127,tx,1283.0,358.5,550.9,,,1,0,0,1
907517135402600,1790933177.283023,2283,tx,4778.5,311.0,654.9,,,1,0,0,1
907517278899200,1790933177.426522,2426,tx,2077.8,251.6,532.2,,,1,0,0,1
907517420852800,1790933177.568476,2568,tx,3384.6,414.5,873.6,,,1,0,0,1
907517561159400,1790933177.708784,2708,tx,2283.7,263.0,611.2,,,1,0,0,1
907517702868900,1790933177.850496,2850,tx,2906.4,468.6,917.6,,,1,0,0,1
907517843591100,1790933177.991219,2991,tx,1216.2,211.8,396.6,,,1,0,0,1
907517985184800,1790933178.132814,3132,tx,2104.1,227.4,736.6,,,1,0,0,1
907518127243500,1790933178.274875,3274,tx,1919.8,894.8,1112.1,,,1,0,0,1
907518268502200,1790933178.416135,3416,tx,1385.7,257.3,533.8,,,1,0,0,1
907518411227800,1790933178.558862,3558,tx,2623.1,227.8,531.8,,,1,0,0,1
907518554805400,1790933178.702441,3702,tx,12534.0,184.0,415.9,,,1,0,0,1
907518697149900,1790933178.844787,3844,tx,1553.3,379.5,600.2,,,1,0,0,1
907518839493100,1790933178.987131,3987,tx,2216.6,286.2,677.6,,,1,0,0,1
907518980671200,1790933179.128311,4128,tx,2129.3,246.3,673.0,,,1,0,0,1
907519123728900,1790933179.271371,4271,tx,1306.3,204.0,391.2,,,1,0,0,1
907519266160600,1790933179.413804,4413,tx,1983.7,363.3,650.6,,,1,0,0,1
907519408917100,1790933179.556561,4556,tx,3845.8,320.8,833.5,,,1,0,0,1
907519551222100,1790933179.698866,4698,tx,12878.3,293.3,737.0,,,1,0,0,1
907519717092700,1790933179.864741,4864,tx,1367.7,240.1,403.3,,,1,0,0,1
907519864968800,1790933180.012618,5012,tx,22255.1,350.3,756.5,,,1,0,0,1
907520005913100,1790933180.153563,5153,tx,2378.6,406.2,735.9,,,1,0,0,1
907520149108300,1790933180.296761,5296,tx,27306.3,194.9,386.7,,,1,0,0,1
907520291200200,1790933180.438854,5438,tx,2607.9,309.9,710.1,,,1,0,0,1
907520448844900,1790933180.596500,5596,tx,1245.4,233.8,408.7,,,1,0,0,1
907520605379900,1790933180.753036,5753,tx,1624.8,221.1,470.3,,,1,0,0,1
907520746265100,1790933180.893924,5893,tx,7657.9,255.4,566.8,,,1,0,0,1
907520888101100,1790933181.035761,6035,tx,1528.7,215.9,409.4,,,1,0,0,1
907521031898000,1790933181.179559,6179,tx,1414.6,194.3,399.7,,,1,0,0,1
907521214233300,1790933181.361897,6361,tx,1272.4,148.9,250.3,,,1,0,0,1
907521361485000,1790933181.509150,6509,tx,2394.2,271.6,816.7,,,1,0,0,1
907521503734400,1790933181.651401,6651,tx,8890.2,268.4,456.2,,,1,0,0,1
907521646850100,1790933181.794518,6794,tx,27957.0,198.2,443.4,,,1,0,0,1
907521801329900,1790933181.948999,6948,tx,2240.7,268.5,660.0,,,1,0,0,1
907521945213400,1790933182.092883,7092,tx,18177.2,302.8,886.0,,,1,0,0,1
907522087622000,1790933182.235294,7235,tx,3613.2,177.5,625.0,,,1,0,0,1
907522228435400,1790933182.376109,7376,tx,1212.0,165.3,351.7,,,1,0,0,1
907522368878600,1790933182.516554,7516,tx,2524.3,302.6,614.0,,,1,0,0,1
907522510279400,1790933182.657956,7657,tx,1244.0,163.3,501.9,,,1,0,0,1
907522653025600,1790933182.800704,7800,tx,68175.3,168.6,374.7,,,1,0,0,1
907522838881200,1790933182.986561,7986,tx,2887.7,401.8,836.3,,,1,0,0,1
907522982288800,1790933183.129971,8129,tx,1332.8,348.2,532.5,,,1,0,0,1
907523137453900,1790933183.285137,8285,tx,2721.4,246.4,585.3,,,1,0,0,1
907523279386400,1790933183.427071,8427,tx,4936.1,234.2,556.9,,,1,0,0,1
907523419407700,1790933183.567094,8567,tx,1547.4,236.2,484.4,,,1,0,0,1
907523561840300,1790933183.709527,8709,tx,4197.5,337.3,600.4,,128892.7,1,0,0,1
907523705624100,1790933183.853313,8853,idle,15678.2,232.4,463.7,,,0,0,0,0
907523844905400,1790933183.992596,8992,idle,1390.6,255.6,485.2,,,0,0,0,0
907524066283800,1790933184.213977,9213,idle,10400.7,,,,,0,0,0,0
907524204920500,1790933184.352615,9352,idle,1070.1,,,,,0,0,0,0
907524346414500,1790933184.494111,9494,idle,159903.1,,,,,0,0,0,1
907524615782800,1790933184.763481,9763,tx,2633.2,238.4,702.8,,,1,0,0,1
907524754969900,1790933184.902670,9902,tx,1354.2,210.9,386.6,,,1,0,0,1
907524895141100,1790933185.042842,10042,tx,30679.5,291.2,799.3,,,1,0,0,1
907525049126900,1790933185.196830,10196,tx,1872.6,390.7,554.7,,,1,0,0,1
907525192934100,1790933185.340639,10340,tx,1041.4,171.3,322.8,,,1,0,0,1
907525334908300,1790933185.482615,10482,tx,11056.9,179.3,419.0,,,1,0,0,1
907525475601200,1790933185.623309,10623,tx,1936.1,237.6,710.8,,,1,0,0,1
907525617924200,1790933185.765633,10765,tx,2527.9,227.2,450.7,,,1,0,0,1
907525759640000,1790933185.907351,10907,tx,1275.5,205.1,391.1,,,1,0,0,1
907525903184100,1790933186.050896,11050,tx,1289.8,399.7,581.5,,,1,0,0,1
907526044407500,1790933186.192121,11192,tx,1637.0,246.6,486.3,,,1,0,0,1
907526212742100,1790933186.360457,11360,tx,8906.4,278.1,548.4,,,1,0,0,1
907526359242200,1790933186.506959,11506,tx,2168.9,213.5,842.8,,,1,0,0,1
907526500615100,1790933186.648333,11648,tx,1758.2,238.6,541.8,,,1,0,0,1
907526641086800,1790933186.788806,11788,tx,26888.9,413.8,669.5,,,1,0,0,1
907526784487400,1790933186.932195,11932,tx,1426.6,192.5,433.7,,,1,0,0,1
907526927148500,1790933187.074871,12074,tx,1371.9,169.6,348.4,,,1,0,0,1
907527069559400,1790933187.217283,12217,tx,1300.8,266.0,456.6,,,1,0,0,1
907527208663800,1790933187.356390,12356,tx,8754.7,224.6,591.9,,,1,0,0,1
907527351401800,1790933187.499129,12499,tx,1227.5,213.6,367.4,,,1,0,0,1
907527493953700,1790933187.641682,12641,tx,1203.0,205.9,374.9,,,1,0,0,1
907527637117200,1790933187.784847,12784,tx,67656.4,398.9,712.6,,,1,0,0,1
907527832657500,1790933187.980390,12980,tx,1915.2,223.9,436.8,,,1,0,0,1
907527986514900,1790933188.134249,13134,tx,1282.6,274.7,442.3,,,1,0,0,1
907528127083800,1790933188.274819,13274,tx,1790.7,413.7,741.8,,,1,0,0,1
907528269015100,1790933188.416752,13416,tx,1304.7,216.1,420.5,,,1,0,0,1
907528409400200,1790933188.557138,13557,tx,1796.8,287.2,624.3,,,1,0,0,1
907528552031900,1790933188.699771,13699,tx,1664.9,212.2,436.4,,,1,0,0,1
907528707808300,1790933188.855549,13855,tx,1955.6,221.2,419.9,,,1,0,0,1
907528850730900,1790933188.998473,13998,tx,1775.2,231.3,504.2,,,1,0,0,1
907528992821900,1790933189.140566,14140,tx,1363.7,200.6,361.9,,,1,0,0,1
907529135418000,1790933189.283163,14283,tx,3431.0,392.2,840.0,,,1,0,0,1
907529276617100,1790933189.424364,14424,tx,7496.8,207.8,427.2,,,1,0,0,1
907529418990700,1790933189.566739,14566,tx,1171.2,184.3,390.9,,,1,0,0,1
907529559885100,1790933189.707635,14707,tx,2732.5,247.3,878.2,,,1,0,0,1
907529700785400,1790933189.848537,14848,tx,1419.7,208.0,421.5,,,1,0,0,1
907529843071000,1790933189.990824,14990,tx,1526.3,157.9,360.2,,,1,0,0,1
907529992954600,1790933190.140709,140,tx,1891.8,453.4,868.5,,,1,0,0,1
907530141489300,1790933190.289244,289,tx,61817.0,224.9,583.6,,,1,0,0,1
907530319320200,1790933190.467078,467,tx,2653.0,274.5,628.7,,,1,0,0,1
907530460520300,1790933190.608279,608,tx,2408.5,348.0,706.9,,,1,0,0,1
907530605927200,1790933190.753688,753,tx,1413.3,198.9,396.8,,,1,0,0,1
907530749800400,1790933190.897563,897,tx,1986.8,234.6,556.0,,,1,0,0,1
907530894447800,1790933191.042211,1042,tx,3631.4,295.3,752.4,,,1,0,0,1
907531038442600,1790933191.186208,1186,tx,1507.4,183.7,434.6,,,1,0,0,1
907531177751300,1790933191.325518,1325,tx,1706.7,192.4,463.2,,,1,0,0,1
907531317188600,1790933191.464957,1464,tx,3343.3,237.0,994.6,,,1,0,0,1
907531459215900,1790933191.606986,1606,tx,10011.0,341.7,603.4,,,1,0,0,1
907531601256100,1790933191.749027,1749,tx,1631.5,325.7,553.4,,,1,0,0,1
907531741838600,1790933191.889611,1889,tx,1271.8,171.6,365.6,,,1,0,0,1
907531883973500,1790933192.031747,2031,tx,3110.1,342.9,754.1,,,1,0,0,1
907532027107700,1790933192.174884,2174,tx,1947.3,273.7,631.7,,,1,0,0,1
907532169379600,1790933192.317157,2317,tx,99548.9,169.2,419.2,,,1,0,0,1
907532346064900,1790933192.493844,2493,tx,2191.8,365.9,704.6,,,1,0,0,1
907532497482400,1790933192.645263,2645,tx,1480.3,239.8,422.5,,,1,0,0,1
907532641196700,1790933192.788978,2788,tx,3764.0,324.4,1092.1,,,1,0,0,1
907532783893300,1790933192.931677,2931,tx,1756.7,261.7,523.7,,,1,0,0,1
907532926296100,1790933193.074081,3074,tx,1655.3,338.0,516.9,,,1,0,0,1
907533068033900,1790933193.215820,3215,tx,2585.9,359.7,705.2,,,1,0,0,1
907533225478900,1790933193.373267,3373,tx,1271.7,241.6,407.8,,,1,0,0,1
907533364742600,1790933193.512532,3512,tx,1321.2,201.6,418.2,,,1,0,0,1
907533505177800,1790933193.652969,3652,tx,1392.8,412.7,573.7,,,1,0,0,1
907533646681400,1790933193.794474,3794,tx,3997.9,151.5,312.7,,,1,0,0,1
907533787787300,1790933193.935581,3935,tx,1256.8,218.0,401.0,,,1,0,0,1
907533927850900,1790933194.075646,4075,tx,1364.7,224.3,424.9,,,1,0,0,1
907534069179500,1790933194.216977,4216,tx,1447.1,201.2,537.0,,,1,0,0,1
907534210184100,1790933194.357983,4357,tx,1222.6,352.6,537.0,,,1,0,0,1
907534353587600,1790933194.501387,4501,tx,2099.1,255.9,569.0,,,1,0,0,1
907534494543400,1790933194.642141,4642,tx,3863.5,301.0,762.6,,,1,0,0,1
907534636048200,1790933194.783851,4783,tx,9297.7,374.6,718.1,,,1,0,0,1
907534776957200,1790933194.924761,4924,tx,2171.0,216.9,523.0,,,1,0,0,1
907534919764200,1790933195.067570,5067,tx,1267.4,226.2,430.4,,,1,0,0,1
907535061122800,1790933195.208929,5208,tx,3320.4,221.7,863.9,,,1,0,0,1
907535220573100,1790933195.368382,5368,tx,1613.9,201.1,473.7,,,1,0,0,1
907535358157100,1790933195.505968,5505,tx,1649.7,308.6,568.5,,,1,0,0,1
907535500400500,1790933195.648212,5648,tx,8873.8,192.9,664.9,,,1,0,0,1
907535643502600,1790933195.791316,5791,tx,1416.3,237.7,440.8,,,1,0,0,1
907535783957200,1790933195.931772,5931,tx,4112.5,449.0,760.3,,,1,0,0,1
907535926098300,1790933196.073915,6073,tx,1197.2,184.0,395.9,,,1,0,0,1
907536066650200,1790933196.214468,6214,tx,1256.7,191.0,366.2,,,1,0,0,1
907536223938100,1790933196.371758,6371,tx,1617.9,254.3,557.4,,,1,0,0,1
907536365574400,1790933196.513395,6513,tx,2169.2,262.4,550.6,,,1,0,0,1
907536504804700,1790933196.652627,6652,tx,1323.5,187.9,427.1,,,1,0,0,1
907536646824500,1790933196.794648,6794,tx,1384.0,164.7,388.7,,,1,0,0,1
907536786880500,1790933196.934706,6934,tx,1401.2,141.1,371.2,,,1,0,0,1
907536928194400,1790933197.076021,7076,tx,15816.8,238.1,536.3,,,1,0,0,1
907537066285600,1790933197.214114,7214,tx,1706.6,314.1,488.1,,,1,0,0,1
907537208492700,1790933197.356323,7356,tx,3060.1,154.4,391.6,,,1,0,0,1
907537351288900,1790933197.499120,7499,tx,1409.7,157.4,359.3,,,1,0,0,1
907537491966300,1790933197.639799,7639,tx,1386.3,135.5,327.4,,,1,0,0,1
907537631927700,1790933197.779762,7779,tx,1421.4,186.2,394.6,,,1,0,0,1
907537772102600,1790933197.919938,7919,tx,1502.2,316.9,582.2,,,1,0,0,1
907537913047400,1790933198.060884,8060,tx,16094.2,202.1,1047.6,,,1,0,0,1
907538053118400,1790933198.200956,8200,tx,2572.7,383.9,691.5,,,1,0,0,1
907538223073100,1790933198.370913,8370,tx,1711.8,298.2,601.0,,,1,0,0,1
907538366382600,1790933198.514224,8514,tx,1255.9,288.9,454.3,,,1,0,0,1
907538506466400,1790933198.654310,8654,tx,1184.0,135.8,295.0,,,1,0,0,1
907538647874400,1790933198.795719,8795,tx,1157.5,170.3,340.7,,,1,0,0,1
907538788833300,1790933198.936661,8936,tx,9028.3,135.5,458.2,,,1,0,0,1
907538928890900,1790933199.076739,9076,tx,1134.4,140.0,299.5,,,1,0,0,1
907539070329100,1790933199.218178,9218,tx,1217.0,252.0,436.1,,,1,0,0,1
907539226814400,1790933199.374664,9374,tx,6480.9,180.4,400.5,,,1,0,0,1
907539366966400,1790933199.514819,9514,tx,1158.2,174.7,346.6,,,1,0,0,1
907539504933800,1790933199.652787,9652,tx,1077.0,116.0,253.7,,,1,0,0,1
907539645734500,1790933199.793590,9793,tx,1391.8,144.1,428.4,,,1,0,0,1
907539784541400,1790933199.932398,9932,tx,1008.2,123.2,268.6,,,1,0,0,1
907539926494100,1790933200.074352,10074,tx,1333.9,115.5,301.5,,,1,0,0,1
907540067767300,1790933200.215627,10215,tx,1229.1,152.7,326.5,,,1,0,0,1
907540208573100,1790933200.356434,10356,tx,8886.2,156.1,335.2,,,1,0,0,1
907540346192500,1790933200.494055,10494,tx,1964.0,162.5,448.2,,,1,0,0,1
907540485707400,1790933200.633571,10633,tx,1466.4,169.0,446.5,,,1,0,0,1
907540626713600,1790933200.774578,10774,tx,1425.2,202.8,400.5,,,1,0,0,1
907540767575300,1790933200.915442,10915,tx,1211.8,216.0,423.6,,,1,0,0,1
907540907666100,1790933201.055534,11055,tx,1199.6,203.6,342.8,,,1,0,0,1
907541047833700,1790933201.195703,11195,tx,2070.4,267.0,556.6,,,1,0,0,1
907541218287600,1790933201.366159,11366,tx,1647.5,235.0,459.9,,,1,0,0,1
907541361586600,1790933201.509460,11509,tx,1277.2,212.1,476.5,,,1,0,0,1
907541503298500,1790933201.651173,11651,tx,1969.7,304.6,554.0,,,1,0,0,1
907541644563800,1790933201.792439,11792,tx,1900.4,281.0,544.5,,,1,0,0,1
907541786013100,1790933201.933890,11933,tx,2392.0,412.4,770.2,,,1,0,0,1
907541926676100,1790933202.074555,12074,tx,2074.4,187.7,465.1,,,1,0,0,1
907542066508600,1790933202.214389,12214,tx,9375.2,227.1,719.4,,,1,0,0,1
907542224049800,1790933202.371932,12371,tx,1510.1,266.9,464.2,,,1,0,0,1
907542363333500,1790933202.511217,12511,tx,1848.2,263.5,557.1,,,1,0,0,1
907542504223800,1790933202.652108,12652,tx,11839.1,343.8,1520.0,,,1,0,0,1
907542645923100,1790933202.793809,12793,tx,1268.1,197.2,413.6,,,1,0,0,1
907542784994800,1790933202.932883,12932,tx,1613.2,224.6,493.6,,,1,0,0,1
907542925958300,1790933203.073847,13073,tx,3418.6,294.1,936.1,,,1,0,0,1
907543066089200,1790933203.213980,13213,tx,1995.3,373.2,745.0,,,1,0,0,1
907543206646600,1790933203.354539,13354,tx,1644.0,185.5,368.5,,,1,0,0,1
907543349600000,1790933203.497493,13497,tx,2977.8,239.6,655.8,,,1,0,0,1
907543490610200,1790933203.638505,13638,tx,9971.3,127.1,480.5,,,1,0,0,1
907543631473900,1790933203.779371,13779,tx,1437.2,210.8,423.7,,,1,0,0,1
907543773758500,1790933203.921656,13921,tx,1550.7,226.5,471.5,,,1,0,0,1
907543914389900,1790933204.062289,14062,tx,1622.6,224.7,446.2,,,1,0,0,1
907544052687500,1790933204.200588,14200,tx,1588.5,238.6,490.4,,,1,0,0,1
907544219765800,1790933204.367668,14367,tx,1070.3,115.9,316.1,,,1,0,0,1
907544363657100,1790933204.511561,14511,tx,6574.1,219.6,421.1,,,1,0,0,1
907544504805200,1790933204.652710,14652,tx,1167.2,226.7,411.1,,,1,0,0,1
907544645168700,1790933204.793076,14793,tx,1767.5,370.7,623.0,,,1,0,0,1
907544787296300,1790933204.935205,14935,tx,1295.7,274.3,489.0,,,1,0,0,1
907544928179700,1790933205.076090,76,tx,2003.3,401.4,644.2,,,1,0,0,1
907545071847000,1790933205.219758,219,tx,1863.3,233.9,424.6,,,1,0,0,1
907545228205700,1790933205.376119,376,tx,1415.3,329.3,529.2,,,1,0,0,1
907545373228200,1790933205.521143,521,tx,1578.9,326.7,557.4,,,1,0,0,1
907545516937400,1790933205.664853,664,tx,2169.7,381.3,751.1,,,1,0,0,1
907545661195400,1790933205.809112,809,tx,56506.3,234.5,579.5,,,1,0,0,1
907545818234400,1790933205.966154,966,tx,1363.8,413.7,579.5,,,1,0,0,1
907545962061600,1790933206.109982,1109,tx,1726.7,196.5,405.0,,,1,0,0,1
907546102818000,1790933206.250741,1250,tx,1446.2,197.8,391.1,,,1,0,0,1
907546245306100,1790933206.393230,1393,tx,1484.3,197.4,565.2,,,1,0,0,1
907546386950100,1790933206.534875,1534,tx,1516.7,190.7,351.6,,,1,0,0,1
907546527690200,1790933206.675616,1675,tx,1197.8,160.4,332.6,,,1,0,0,1
907546669837600,1790933206.817766,1817,tx,51379.7,172.0,362.5,,,1,0,0,1
907546859582400,1790933207.007512,2007,tx,3957.5,455.6,1162.8,,,1,0,0,1
907546996939500,1790933207.144871,2144,tx,9403.3,133.3,435.9,,,1,0,0,1
907547152339000,1790933207.300272,2300,tx,1393.3,296.4,474.6,,,1,0,0,1
907547296047600,1790933207.443982,2443,tx,1352.0,187.5,366.6,,,1,0,0,1
907547439285600,1790933207.587222,2587,tx,1300.4,289.5,454.8,,,1,0,0,1
907547580147100,1790933207.728085,2728,tx,1040.6,160.3,324.9,,,1,0,0,1
907547722572300,1790933207.870512,2870,tx,1158.4,170.4,328.1,,,1,0,0,1
907547863583200,1790933208.011524,3011,tx,15819.0,161.9,332.3,,,1,0,0,1
907548011920100,1790933208.159858,3159,tx,1365.4,124.3,302.6,,,1,0,0,1
907548161146000,1790933208.309090,3309,tx,63207.2,432.7,698.8,,,1,0,0,1
907548347641000,1790933208.495587,3495,tx,1190.6,169.0,334.1,,,1,0,0,1
907548490836500,1790933208.638783,3638,tx,1408.7,208.9,503.7,,,1,0,0,1
907548631490000,1790933208.779438,3779,tx,16578.3,201.8,644.1,,,1,0,0,1
907548771133000,1790933208.919083,3919,tx,1556.7,283.1,655.2,,,1,0,0,1
907548913177200,1790933209.061129,4061,tx,1598.7,380.9,611.7,,,1,0,0,1
907549052340000,1790933209.200292,4200,tx,3779.7,336.6,754.2,,,1,0,0,1
907549210235300,1790933209.358190,4358,tx,1391.6,309.2,547.5,,,1,0,0,1
907549353680600,1790933209.501637,4501,tx,1400.2,236.7,412.0,,,1,0,0,1
907549494317500,1790933209.642275,4642,tx,1414.0,283.3,486.2,,,1,0,0,1
907549635663100,1790933209.783621,4783,tx,1993.9,263.3,594.7,,,1,0,0,1
907549778011600,1790933209.925972,4925,tx,1366.0,246.8,473.5,,,1,0,0,1
907549918714500,1790933210.066676,5066,tx,1449.7,252.0,478.6,,,1,0,0,1
907550062355400,1790933210.210319,5210,tx,4326.6,217.0,404.2,,,1,0,0,1
907550219920000,1790933210.367885,5367,tx,7734.8,197.4,362.5,,,1,0,0,1
907550361074400,1790933210.509041,5509,tx,2170.7,266.8,569.9,,,1,0,0,1
907550517144800,1790933210.665112,5665,tx,1588.8,366.1,625.2,,,1,0,0,1
907550658446700,1790933210.806416,5806,tx,2039.7,217.7,489.7,,,1,0,0,1
907550799839500,1790933210.947810,5947,tx,1833.7,180.8,473.3,,,1,0,0,1
907550957234300,1790933211.105207,6105,tx,1445.1,303.4,526.9,,,1,0,0,1
907551099325000,1790933211.247299,6247,tx,1219.3,265.0,467.4,,,1,0,0,1
907551240344100,1790933211.388320,6388,tx,1509.9,228.2,401.5,,,1,0,0,1
907551383565900,1790933211.531543,6531,tx,1141.6,146.3,333.9,,,1,0,0,1
907551526327000,1790933211.674306,6674,tx,1734.7,237.8,827.9,,,1,0,0,1
907551667808900,1790933211.815789,6815,tx,1564.6,246.8,539.2,,,1,0,0,1
907551810497200,1790933211.958479,6958,tx,1941.0,238.0,411.3,,,1,0,0,1
907551950025500,1790933212.098009,7098,tx,1539.0,246.7,432.9,,,1,0,0,1
907552092079000,1790933212.240063,7240,tx,1658.1,256.2,566.1,,,1,0,0,1
907552235699900,1790933212.383686,7383,tx,8647.7,175.4,321.6,,,1,0,0,1
907552376050000,1790933212.524037,7524,tx,2049.0,424.3,699.8,,,1,0,0,1
907552517302200,1790933212.665291,7665,tx,2266.4,172.1,940.9,,,1,0,0,1
907552660692300,1790933212.808683,7808,tx,1428.0,216.8,417.6,,,1,0,0,1
907552801417000,1790933212.949408,7949,tx,4065.7,258.7,524.8,,,1,0,0,1
907552942154300,1790933213.090147,8090,tx,1333.7,386.2,569.1,,,1,0,0,1
907553083251300,1790933213.231246,8231,tx,1993.4,341.8,597.9,,,1,0,0,1
907553248566600,1790933213.396563,8396,tx,1536.1,172.4,304.8,,,1,0,0,1
907553397716600,1790933213.545714,8545,tx,3034.6,253.4,960.8,,,1,0,0,1
907553538304200,1790933213.686303,8686,tx,1936.4,203.8,480.7,,,1,0,0,1
907553679605200,1790933213.827606,8827,tx,23364.6,217.8,405.5,,,1,0,0,1
907553821489900,1790933213.969492,8969,tx,1593.2,296.8,544.1,,,1,0,0,1
907553963275100,1790933214.111279,9111,tx,3361.9,291.4,842.9,,,1,0,0,1
907554104236800,1790933214.252242,9252,tx,9494.3,324.5,648.3,,,1,0,0,1
907554244403300,1790933214.392410,9392,tx,1367.4,201.8,391.4,,,1,0,0,1
907554385549000,1790933214.533557,9533,tx,1989.8,235.8,695.1,,,1,0,0,1
907554526863900,1790933214.674874,9674,tx,2003.2,169.3,476.2,,,1,0,0,1
907554669020700,1790933214.817032,9817,tx,1187.7,168.8,360.4,,,1,0,0,1
907554810148200,1790933214.958161,9958,tx,1722.8,417.8,658.5,,,1,0,0,1
907554950521600,1790933215.098536,10098,tx,3085.3,312.0,710.9,,,1,0,0,1
907555093190000,1790933215.241205,10241,tx,14062.0,277.7,702.1,,,1,0,0,1
907555236542200,1790933215.384559,10384,tx,1481.0,188.6,433.1,,,1,0,0,1
907555377290500,1790933215.525308,10525,tx,4235.5,437.2,1285.3,,,1,0,0,1
907555519199700,1790933215.667219,10667,tx,10174.8,246.1,533.9,,,1,0,0,1
907555659764100,1790933215.807785,10807,tx,1851.9,278.7,556.7,,,1,0,0,1
907555800672200,1790933215.948695,10948,tx,1627.6,248.7,479.3,,,1,0,0,1
907555941107900,1790933216.089132,11089,tx,3454.1,338.2,782.6,,,1,0,0,1
907556083176500,1790933216.231202,11231,tx,1530.2,439.5,615.8,,,1,0,0,1
907556248637100,1790933216.396665,11396,tx,1420.5,222.3,387.9,,,1,0,0,1
907556395163700,1790933216.543193,11543,tx,11299.1,436.7,704.7,,,1,0,0,1
907556535928600,1790933216.683959,11683,tx,1492.7,177.3,421.9,,,1,0,0,1
907556679446300,1790933216.827478,11827,tx,30663.2,264.2,647.4,,,1,0,0,1
907556838944900,1790933216.986979,11986,tx,6489.8,342.4,480.8,,,1,0,0,1
907556978094400,1790933217.126130,12126,tx,1498.8,349.3,538.2,,,1,0,0,1
907557119303800,1790933217.267340,12267,tx,3222.6,334.7,795.7,,,1,0,0,1
907557262339900,1790933217.410378,12410,tx,1713.8,271.1,468.2,,,1,0,0,1
907557404258800,1790933217.552299,12552,tx,1498.8,387.5,581.5,,,1,0,0,1
907557545119100,1790933217.693160,12693,tx,2216.1,443.8,705.3,,,1,0,0,1
907557747847900,1790933217.895891,12895,tx,1344.4,160.1,308.3,,,1,0,0,1
907557891490800,1790933218.039535,13039,tx,2327.6,255.6,565.1,,,1,0,0,1
907558035643700,1790933218.183690,13183,tx,8689.7,233.9,424.8,,,1,0,0,1
907558176508600,1790933218.324556,13324,tx,26977.1,193.0,447.1,,,1,0,0,1
907558331840800,1790933218.479890,13479,tx,1449.6,155.4,458.3,,,1,0,0,1
907558473233000,1790933218.621284,13621,tx,12493.2,299.7,681.7,,,1,0,0,1
907558616961700,1790933218.765014,13765,tx,1853.1,275.9,410.7,,,1,0,0,1
907558757714900,1790933218.905769,13905,tx,1245.4,170.1,357.3,,,1,0,0,1
907558899400900,1790933219.047456,14047,tx,1850.5,201.6,576.0,,,1,0,0,1
907559038407900,1790933219.186465,14186,tx,2522.6,186.2,409.2,,,1,0,0,1
907559179238600,1790933219.327297,14327,tx,71190.1,361.5,553.6,,,1,0,0,1
907559367686800,1790933219.515747,14515,tx,1597.9,203.1,506.1,,,1,0,0,1
907559506789600,1790933219.654851,14654,tx,1308.0,197.7,408.1,,,1,0,0,1
907559646417900,1790933219.794481,14794,tx,1700.0,212.0,455.0,,,1,0,0,1
907559786745600,1790933219.934810,14934,tx,9534.0,206.1,423.2,,,1,0,0,1
907559928978900,1790933220.077045,77,tx,1074.4,153.8,329.5,,,1,0,0,1
907560072152400,1790933220.220219,220,tx,1409.4,370.7,532.7,,,1,0,0,1
907560226134100,1790933220.374203,374,tx,8359.0,400.8,612.4,,,1,0,0,1
907560375310700,1790933220.523381,523,tx,1196.3,265.5,472.1,,,1,0,0,1
907560518242300,1790933220.666315,666,tx,1429.3,220.9,423.7,,,1,0,0,1
907560662178200,1790933220.810252,810,tx,9021.7,134.9,607.5,,,1,0,0,1
907560803854900,1790933220.951930,951,tx,1408.6,195.3,406.1,,,1,0,0,1
907560950984100,1790933221.099061,1099,tx,1027.6,163.6,337.6,,,1,0,0,1
907561092031800,1790933221.240110,1240,tx,1173.4,210.2,373.4,,,1,0,0,1
907561232097200,1790933221.380177,1380,tx,1097.5,166.3,329.4,,,1,0,0,1
907561373149800,1790933221.521231,1521,tx,1237.5,355.7,507.5,,,1,0,0,1
907561528898900,1790933221.676981,1676,tx,1328.3,236.0,503.5,,,1,0,0,1
907561667849000,1790933221.815933,1815,tx,1143.0,206.0,405.9,,,1,0,0,1
907561809069100,1790933221.957155,1957,tx,1771.0,226.6,434.5,,,1,0,0,1
907561952284700,1790933222.100371,2100,tx,2026.8,251.5,559.4,,,1,0,0,1
907562092159200,1790933222.240247,2240,tx,10252.9,286.3,806.2,,,1,0,0,1
907562251935500,1790933222.400026,2400,tx,7433.3,306.7,428.5,,,1,0,0,1
907562390906200,1790933222.538997,2538,tx,1941.2,234.9,527.9,,,1,0,0,1
907562533915300,1790933222.682008,2682,tx,1652.5,387.1,806.3,,,1,0,0,1
907562675005500,1790933222.823100,2823,tx,1179.1,155.5,353.8,,,1,0,0,1
907562815510900,1790933222.963607,2963,tx,1435.0,230.1,423.4,,,1,0,0,1
907562957986200,1790933223.106084,3106,tx,15341.6,176.7,439.3,,,1,0,0,1
907563098139000,1790933223.246238,3246,tx,1399.2,146.3,318.8,,,1,0,0,1
907563242623000,1790933223.390723,3390,tx,1449.7,219.7,403.6,,,1,0,0,1
907563392866300,1790933223.540968,3540,tx,8110.1,173.9,415.1,,,1,0,0,1
907563534059900,1790933223.682163,3682,tx,1284.3,176.1,389.6,,,1,0,0,1
907563674563200,1790933223.822668,3822,tx,1171.7,176.5,357.9,,,1,0,0,1
907563814549300,1790933223.962656,3962,tx,1691.0,236.3,485.9,,,1,0,0,1
907563968940000,1790933224.117048,4117,tx,1243.7,244.8,412.6,,,1,0,0,1
907564110632200,1790933224.258742,4258,tx,1121.6,197.2,356.8,,,1,0,0,1
907564250948000,1790933224.399058,4399,tx,2035.5,394.1,694.5,,,1,0,0,1
907564392306500,1790933224.540419,4540,tx,1199.0,154.7,445.8,,,1,0,0,1
907564531013900,1790933224.679128,4679,tx,1399.2,186.8,343.7,,,1,0,0,1
907564673024800,1790933224.821140,4821,tx,1728.8,159.4,332.9,,,1,0,0,1
907564813724900,1790933224.961842,4961,tx,10607.4,182.1,421.5,,,1,0,0,1
907564956347500,1790933225.104466,5104,tx,1443.9,177.1,420.3,,,1,0,0,1
907565096470200,1790933225.244590,5244,tx,1301.3,188.4,425.5,,,1,0,0,1
907565262219900,1790933225.410341,5410,tx,1296.8,365.5,498.2,,,1,0,0,1
907565408779300,1790933225.556902,5556,tx,2111.9,194.6,466.8,,,1,0,0,1
907565551069000,1790933225.699193,5699,tx,2041.1,355.4,591.3,,,1,0,0,1
907565689907500,1790933225.838033,5838,tx,27998.3,150.8,310.1,,,1,0,0,1
907565832618400,1790933225.980746,5980,tx,2086.2,206.4,480.4,,,1,0,0,1
907565972476900,1790933226.120606,6120,tx,1271.3,193.7,362.5,,,1,0,0,1
907566113270900,1790933226.261401,6261,tx,1182.9,319.9,464.0,,,1,0,0,1
907566268678600,1790933226.416810,6416,tx,1047.5,151.6,277.5,,,1,0,0,1
907566409829700,1790933226.557963,6557,tx,1390.4,187.2,368.9,,,1,0,0,1
907566548813100,1790933226.696948,6696,tx,1421.3,162.9,369.1,,,1,0,0,1
907566688651500,1790933226.836788,6836,tx,71545.4,152.2,615.1,,,1,0,0,1
907566881642800,1790933227.029781,7029,tx,1901.9,193.6,361.9,,,1,0,0,1
907567033235400,1790933227.181375,7181,tx,1690.1,245.4,487.6,,,1,0,0,1
907567172887300,1790933227.321029,7321,tx,1263.1,115.7,338.0,,,1,0,0,1
907567315407900,1790933227.463551,7463,tx,1434.8,199.3,382.0,,,1,0,0,1
907567456569700,1790933227.604714,7604,tx,1272.2,146.3,394.5,,,1,0,0,1
907567599189800,1790933227.747336,7747,tx,1287.7,182.9,470.8,,,1,0,0,1
907567743134400,1790933227.891282,7891,tx,1708.4,429.9,661.5,,,1,0,0,1
907567883719800,1790933228.031869,8031,tx,15846.2,240.5,443.0,,,1,0,0,1
907568024607800,1790933228.172758,8172,tx,1280.2,212.5,468.6,,,1,0,0,1
907568167172300,1790933228.315324,8315,tx,1171.6,148.8,302.8,,,1,0,0,1
907568308694100,1790933228.456846,8456,tx,2993.9,204.6,634.4,,,1,0,0,1
907568450828000,1790933228.598983,8598,tx,1622.6,249.8,613.6,,,1,0,0,1
907568592346500,1790933228.740503,8740,tx,1449.4,143.0,367.9,,,1,0,0,1
907568731856900,1790933228.880015,8880,tx,1380.6,148.9,384.1,,,1,0,0,1
907568872085600,1790933229.020244,9020,tx,17109.0,308.7,769.5,,,1,0,0,1
907569010049700,1790933229.158210,9158,tx,1500.8,216.8,424.0,,,1,0,0,1
907569153762400,1790933229.301924,9301,tx,2729.5,351.3,802.1,,,1,0,0,1
907569293627200,1790933229.441791,9441,tx,1100.2,192.6,376.4,,,1,0,0,1
907569433758300,1790933229.581923,9581,tx,1326.2,189.8,507.2,,,1,0,0,1
907569574783300,1790933229.722950,9722,tx,1084.7,170.5,371.7,,,1,0,0,1
907569769469500,1790933229.917638,9917,tx,1455.0,204.8,421.0,,,1,0,0,1
907569918731500,1790933230.066901,10066,tx,1139.4,190.5,332.9,,,1,0,0,1
907570058007100,1790933230.206179,10206,tx,1930.9,185.4,443.0,,,1,0,0,1
907570197796600,1790933230.345969,10345,tx,21901.3,197.2,585.3,,,1,0,0,1
907570336962600,1790933230.485137,10485,tx,1530.5,190.2,345.8,,,1,0,0,1
907570477552000,1790933230.625728,10625,tx,1163.9,189.3,388.1,,,1,0,0,1
907570619536600,1790933230.767714,10767,tx,6772.0,146.7,316.5,,,1,0,0,1
907570761009600,1790933230.909188,10909,tx,1228.6,208.4,481.0,,,1,0,0,1
907570902991500,1790933231.051172,11051,tx,1153.3,181.1,346.5,,,1,0,0,1
907571042938300,1790933231.191120,11191,tx,1163.3,200.7,368.6,,,1,0,0,1
907571183402900,1790933231.331586,11331,tx,1186.3,197.9,477.2,,,1,0,0,1
907571324214500,1790933231.472399,11472,tx,1693.1,156.6,522.1,,,1,0,0,1
907571465511200,1790933231.613697,11613,tx,1047.9,141.0,286.3,,,1,0,0,1
907571606747200,1790933231.754935,11754,tx,2830.7,150.0,317.2,,,1,0,0,1
907571746506000,1790933231.894695,11894,tx,1123.3,111.5,255.3,,,1,0,0,1
907571886320100,1790933232.034510,12034,tx,1177.9,255.2,394.9,,,1,0,0,1
907572027065000,1790933232.175256,12175,tx,1315.5,140.7,289.9,,,1,0,0,1
907572169998300,1790933232.318192,12318,tx,1485.4,181.9,474.5,,,1,0,0,1
907572312171500,1790933232.460366,12460,tx,1730.2,403.0,582.5,,,1,0,0,1
907572455187900,1790933232.603384,12603,tx,1768.0,444.8,626.5,,,1,0,0,1
907572595166100,1790933232.743364,12743,tx,1559.8,171.4,435.7,,,1,0,0,1
907572759998200,1790933232.908198,12908,tx,1411.2,213.3,427.7,,,1,0,0,1
907572908999100,1790933233.057200,13057,tx,16646.5,166.3,417.6,,,1,0,0,1
907573050973700,1790933233.199176,13199,tx,1733.5,292.2,645.8,,,1,0,0,1
907573194655100,1790933233.342859,13342,tx,27168.7,142.0,406.6,,,1,0,0,1
907573334920600,1790933233.483126,13483,tx,1196.9,174.9,342.9,,,1,0,0,1
907573474839000,1790933233.623046,13623,tx,1377.4,185.2,366.5,,,1,0,0,1
907573614641400,1790933233.762850,13762,tx,1150.3,180.6,383.5,,,1,0,0,1
907573755975700,1790933233.904185,13904,tx,2012.5,131.9,330.8,,,1,0,0,1
907573895666600,1790933234.043878,14043,tx,14999.3,179.6,409.7,,,1,0,0,1
907574033802700,1790933234.182015,14182,tx,1766.0,172.7,405.3,,,1,0,0,1
907574176588500,1790933234.324803,14324,tx,1186.3,202.5,374.1,,,1,0,0,1
907574316511700,1790933234.464727,14464,tx,1350.6,175.9,389.5,,,1,0,0,1
907574457510200,1790933234.605727,14605,tx,1483.7,231.7,432.4,,,1,0,0,1
907574597800100,1790933234.746019,14746,tx,1365.7,212.1,522.9,,,1,0,0,1
907574739088700,1790933234.887309,14887,tx,1467.6,385.9,575.4,,,1,0,0,1
907574882518500,1790933235.030740,30,tx,14569.9,164.8,411.8,,,1,0,0,1
907575021633800,1790933235.169857,169,tx,1458.6,133.4,462.9,,,1,0,0,1
907575163936300,1790933235.312161,312,tx,1471.9,233.6,459.0,,,1,0,0,1
907575305772800,1790933235.453999,453,tx,1240.5,204.5,407.5,,,1,0,0,1
907575448386200,1790933235.596614,596,tx,1219.7,165.7,346.7,,,1,0,0,1
907575590626200,1790933235.738855,738,tx,1245.8,151.9,389.1,,,1,0,0,1
907575772069900,1790933235.920300,920,tx,1940.2,284.9,609.2,,,1,0,0,1
907575922344500,1790933236.070577,1070,tx,1297.3,197.2,392.8,,,1,0,0,1
907576061456100,1790933236.209690,1209,tx,1425.9,225.1,548.3,,,1,0,0,1
907576212262800,1790933236.360498,1360,tx,1385.6,333.2,533.5,,,1,0,0,1
907576359340000,1790933236.507577,1507,tx,1792.6,217.0,474.9,,,1,0,0,1
907576501900200,1790933236.650138,1650,tx,1176.5,244.7,453.4,,,1,0,0,1
907576643012000,1790933236.791252,1791,tx,8000.1,192.3,373.2,,,1,0,0,1
907576784719400,1790933236.932961,1932,tx,1369.9,206.3,540.9,,,1,0,0,1
907576926551500,1790933237.074794,2074,tx,1666.1,255.5,527.0,,,1,0,0,1
907577065771300,1790933237.214015,2214,tx,1630.5,184.6,357.0,,,1,0,0,1
907577261679600,1790933237.409926,2409,tx,2106.8,210.1,428.1,,,1,0,0,1
907577409700000,1790933237.557948,2557,tx,8433.7,213.0,424.4,,,1,0,0,1
907577551111200,1790933237.699361,2699,tx,1494.9,369.4,594.0,,,1,0,0,1
907577690447700,1790933237.838698,2838,tx,26958.0,289.3,502.1,,,1,0,0,1
907577829590200,1790933237.977842,2977,tx,2213.0,215.1,583.2,,,1,0,0,1
907577971977100,1790933238.120231,3120,tx,1244.3,177.6,388.7,,,1,0,0,1
907578112860900,1790933238.261115,3261,tx,1452.9,175.1,361.5,,,1,0,0,1
907578254113000,1790933238.402369,3402,tx,1117.0,139.6,297.0,,,1,0,0,1
907578394222200,1790933238.542480,3542,tx,9047.3,251.2,466.5,,,1,0,0,1
907578533388700,1790933238.681648,3681,tx,2022.8,186.2,591.1,,,1,0,0,1
907578675072100,1790933238.823333,3823,tx,1184.3,165.0,335.4,,,1,0,0,1
907578815053800,1790933238.963316,3963,tx,1244.6,158.3,331.0,,,1,0,0,1
907578973771600,1790933239.122036,4122,tx,1316.4,112.4,423.6,,,1,0,0,1
907579115096100,1790933239.263361,4263,tx,1077.1,118.1,311.3,,,1,0,0,1
907579256414200,1790933239.404681,4404,tx,1248.2,152.7,339.0,,,1,0,0,1
907579397556200,1790933239.545825,4545,tx,1564.6,180.0,426.9,,,1,0,0,1
907579537889300,1790933239.686159,4686,tx,1119.3,191.8,330.0,,,1,0,0,1
907579680717100,1790933239.828988,4828,tx,1312.6,181.1,367.7,,,1,0,0,1
907579822372700,1790933239.970646,4970,tx,3568.4,180.7,389.9,,,1,0,0,1
907579963215800,1790933240.111490,5111,tx,1768.1,269.5,540.7,,,1,0,0,1
907580104327300,1790933240.252603,5252,tx,1321.5,279.5,480.0,,,1,0,0,1
907580270168100,1790933240.418446,5418,tx,1727.6,412.5,576.8,,,1,0,0,1
907580420204200,1790933240.568483,5568,tx,1267.0,352.7,513.2,,,1,0,0,1
907580560976200,1790933240.709257,5709,tx,1502.5,198.0,370.7,,,1,0,0,1
907580717110000,1790933240.865392,5865,tx,1197.8,142.9,261.7,,,1,0,0,1
907580858311700,1790933241.006595,6006,tx,1305.7,150.7,325.0,,,1,0,0,1
907580998681600,1790933241.146967,6146,tx,1778.8,199.9,601.4,,,1,0,0,1
907581140065700,1790933241.288352,6288,tx,7209.7,197.1,307.9,,,1,0,0,1
907581277247500,1790933241.425535,6425,tx,1354.0,286.4,513.1,,,1,0,0,1
907581417486900,1790933241.565776,6565,tx,1230.2,209.0,423.0,,,1,0,0,1
907581558158100,1790933241.706449,6706,tx,1345.0,365.6,534.7,,,1,0,0,1
907581762796100,1790933241.911089,6911,tx,1319.7,175.3,324.6,,,1,0,0,1
907581904156600,1790933242.052451,7052,tx,5210.4,271.4,581.8,,,1,0,0,1
907582059832700,1790933242.208129,7208,tx,1116.8,178.5,345.7,,,1,0,0,1
907582200858900,1790933242.349157,7349,tx,24823.2,124.4,336.4,,,1,0,0,1
907582340138900,1790933242.488438,7488,tx,6182.4,350.4,548.7,,,1,0,0,1
907582480890600,1790933242.629191,7629,tx,1412.8,170.1,442.8,,,1,0,0,1
907582623103200,1790933242.771405,7771,tx,1336.6,176.6,345.4,,,1,0,0,1
907582762996400,1790933242.911300,7911,tx,1175.9,205.0,381.1,,,1,0,0,1
907582904560600,1790933243.052866,8052,tx,1303.7,211.5,383.6,,,1,0,0,1
907583046649600,1790933243.194956,8194,tx,1472.4,212.5,414.8,,,1,0,0,1
907583187669500,1790933243.335978,8335,tx,1061.0,205.4,349.8,,,1,0,0,1
907583328401600,1790933243.476711,8476,tx,1414.1,215.8,395.7,,,1,0,0,1
907583469263400,1790933243.617574,8617,tx,2579.9,183.6,694.7,,,1,0,0,1
907583611728900,1790933243.760041,8760,tx,1173.2,224.9,407.8,,,1,0,0,1
907583752689500,1790933243.901004,8901,tx,7935.0,201.3,418.7,,,1,0,0,1
907583893457300,1790933244.041773,9041,tx,1032.0,168.4,340.5,,,1,0,0,1
907584034012600,1790933244.182329,9182,tx,1867.8,373.7,664.8,,,1,0,0,1
907584175100500,1790933244.323419,9323,tx,1568.9,418.3,644.4,,,1,0,0,1
907584317895100,1790933244.466214,9466,tx,1286.0,187.3,417.2,,,1,0,0,1
907584458912500,1790933244.607234,9607,tx,1713.3,426.6,805.1,,,1,0,0,1
907584598261400,1790933244.746584,9746,tx,1227.1,269.0,449.1,,,1,0,0,1
907584765089800,1790933244.913414,9913,tx,1609.7,233.6,390.6,,,1,0,0,1
907584912929500,1790933245.061255,10061,tx,1261.2,213.6,359.7,,,1,0,0,1
907585051732700,1790933245.200060,10200,tx,1228.7,162.7,373.5,,,1,0,0,1
907585192592600,1790933245.340922,10340,tx,23067.1,126.2,262.9,,,1,0,0,1
907585333269000,1790933245.481599,10481,tx,1612.2,181.8,495.4,,,1,0,0,1
907585474718500,1790933245.623050,10623,tx,1654.6,242.1,508.5,,141929.3,1,0,0,1
907585616670200,1790933245.765003,10765,idle,12776.7,277.8,414.1,,,0,0,0,0
907585758505200,1790933245.906840,10906,idle,1147.2,186.2,350.3,,,0,0,0,0
907585989231800,1790933246.137569,11137,idle,10425.2,,,,,0,0,0,0
907586133862400,1790933246.282201,11282,idle,1345.0,,,,,0,0,0,0
907586276458300,1790933246.424798,11424,idle,154534.8,,,,,0,0,0,1
907586533578800,1790933246.681921,11681,tx,2656.1,156.4,375.6,,,1,0,0,1
907586679702200,1790933246.828047,11828,tx,1268.7,197.3,430.6,,,1,0,0,1
907586822672900,1790933246.971019,11971,tx,5560.1,140.6,355.1,,,1,0,0,1
907586961786900,1790933247.110134,12110,tx,4290.3,174.4,397.2,,,1,0,0,1
907587103198900,1790933247.251548,12251,tx,1346.8,175.7,432.6,,,1,0,0,1
907587243329100,1790933247.391679,12391,tx,1389.8,200.4,412.1,,,1,0,0,1
907587384598600,1790933247.532950,12532,tx,1350.7,213.7,467.0,,,1,0,0,1
907587525672100,1790933247.674025,12674,tx,1433.6,191.9,543.2,,,1,0,0,1
907587664260100,1790933247.812615,12812,tx,1324.1,150.9,463.8,,,1,0,0,1
907587804496200,1790933247.952852,12952,tx,9118.6,157.9,337.5,,,1,0,0,1
907587959822100,1790933248.108180,13108,tx,1146.9,159.2,358.7,,,1,0,0,1
907588100239100,1790933248.248598,13248,tx,1171.5,324.4,490.3,,,1,0,0,1
907588252033500,1790933248.400394,13400,tx,1440.3,212.0,376.4,,,1,0,0,1
907588397126500,1790933248.545488,13545,tx,1359.4,187.5,520.0,,,1,0,0,1
907588536909300,1790933248.685273,13685,tx,1235.0,190.7,366.8,,,1,0,0,1
907588679525800,1790933248.827891,13827,tx,4453.4,190.6,362.3,,,1,0,0,1
907588822298400,1790933248.970665,13970,tx,1207.9,160.6,407.3,,,1,0,0,1
907588962561900,1790933249.110930,14110,tx,1575.0,210.4,454.8,,,1,0,0,1
907589103206200,1790933249.251576,14251,tx,1308.2,393.8,522.8,,,1,0,0,1
907589251598400,1790933249.399969,14399,tx,1523.4,261.7,394.4,,,1,0,0,1
907589402580600,1790933249.550953,14550,tx,1276.1,177.8,399.0,,,1,0,0,1
907589544505700,1790933249.692880,14692,tx,1187.7,185.0,396.9,,,1,0,0,1
907589684727100,1790933249.833103,14833,tx,1435.1,187.5,421.2,,,1,0,0,1
907589826864900,1790933249.975242,14975,tx,1405.9,225.0,424.0,,,1,0,0,1
907589970213200,1790933250.118591,118,tx,1369.5,318.8,479.9,,,1,0,0,1
907590111677000,1790933250.260057,260,tx,1103.8,163.2,357.6,,,1,0,0,1
907590254538700,1790933250.402920,402,tx,1459.3,189.4,611.8,,,1,0,0,1
907590397443300,1790933250.545826,545,tx,1409.5,186.5,405.5,,,1,0,0,1
907590540255500,1790933250.688640,688,tx,8520.6,171.0,465.9,,,1,0,0,1
907590682684200,1790933250.831069,831,tx,2776.2,222.4,600.1,,,1,0,0,1
907590825631000,1790933250.974018,974,tx,1751.2,215.1,689.9,,,1,0,0,1
907590965986400,1790933251.114374,1114,tx,3035.9,294.2,687.1,,,1,0,0,1
907591108613700,1790933251.257004,1257,tx,1649.9,225.5,374.8,,,1,0,0,1
907591246862700,1790933251.395255,1395,tx,1336.3,268.4,400.5,,,1,0,0,1
907591396245200,1790933251.544638,1544,tx,1993.8,213.7,609.8,,,1,0,0,1
907591696710500,1790933251.845107,1845,tx,18996.6,190.8,351.9,,,1,0,0,1
907591855432100,1790933252.003829,2003,tx,3828.9,308.8,793.1,,,1,0,0,1
907591996767800,1790933252.145167,2145,tx,1668.2,202.9,439.1,,,1,0,0,1
907592138072100,1790933252.286472,2286,tx,1420.6,269.3,609.0,,,1,0,0,1
907592279064100,1790933252.427466,2427,tx,1663.0,365.9,612.6,,,1,0,0,1
907592418998700,1790933252.567403,2567,tx,1148.2,139.1,330.9,,,1,0,0,1
907592559588500,1790933252.707994,2707,tx,1206.8,149.6,327.3,,,1,0,0,1
907592702501900,1790933252.850909,2850,tx,58554.7,250.9,418.8,,,1,0,0,1
907592873370100,1790933253.021778,3021,tx,2688.7,318.9,716.6,,,1,0,0,1
907593016491800,1790933253.164902,3164,tx,1793.7,295.5,658.5,,,1,0,0,1
907593158087300,1790933253.306499,3306,tx,2122.8,441.8,690.2,,,1,0,0,1
907593298359800,1790933253.446773,3446,tx,2813.6,244.2,541.8,,,1,0,0,1
907593441335500,1790933253.589749,3589,tx,1521.6,204.1,477.7,,,1,0,0,1
907593581725000,1790933253.730141,3730,tx,2957.9,450.8,836.3,,,1,0,0,1
907593766676300,1790933253.915094,3915,tx,1521.8,166.1,513.0,,,1,0,0,1
907593908132400,1790933254.056552,4056,tx,1251.9,392.8,575.5,,,1,0,0,1
907594048900800,1790933254.197321,4197,tx,1853.7,191.7,392.9,,,1,0,0,1
907594190539100,1790933254.338961,4338,tx,11560.7,273.9,630.2,,,1,0,0,1
907594332661700,1790933254.481085,4481,tx,1471.4,203.4,564.3,,,1,0,0,1
907594474553400,1790933254.622978,4622,tx,2274.2,228.6,546.7,,,1,0,0,1
907594615726700,1790933254.764153,4764,tx,2538.4,480.8,986.3,,,1,0,0,1
907594757274600,1790933254.905703,4905,tx,1374.0,146.1,459.6,,,1,0,0,1
907594899229600,1790933255.047659,5047,tx,1478.3,198.6,518.4,,,1,0,0,1
907595041992700,1790933255.190423,5190,tx,3102.3,290.1,689.9,,,1,0,0,1
907595181651600,1790933255.330084,5330,tx,7063.5,208.2,489.2,,,1,0,0,1
907595322136800,1790933255.470571,5470,tx,1545.1,159.0,562.9,,,1,0,0,1
907595460955800,1790933255.609391,5609,tx,2044.2,203.2,465.3,,,1,0,0,1
907595602654300,1790933255.751091,5751,tx,2492.7,228.9,624.9,,,1,0,0,1
907595763076700,1790933255.911515,5911,tx,1294.7,363.9,524.7,,,1,0,0,1
907595915933900,1790933256.064374,6064,tx,1491.4,428.1,746.4,,,1,0,0,1
907596056002900,1790933256.204444,6204,tx,8506.3,228.4,415.0,,,1,0,0,1
907596198196800,1790933256.346640,6346,tx,1434.7,188.6,527.0,,,1,0,0,1
907596340870300,1790933256.489315,6489,tx,1525.9,229.2,481.1,,,1,0,0,1
907596484496100,1790933256.632942,6632,tx,11050.0,176.9,334.0,,,1,0,0,1
907596639647800,1790933256.788095,6788,tx,1777.7,184.4,595.8,,,1,0,0,1
907596795513400,1790933256.943962,6943,tx,1239.5,122.7,346.4,,,1,0,0,1
907596935509300,1790933257.083960,7083,tx,17042.6,166.6,355.7,,,1,0,0,1
907597081613300,1790933257.230065,7230,tx,3372.5,532.4,1106.6,,,1,0,0,1
907597263376800,1790933257.411831,7411,tx,1384.5,220.1,378.4,,,1,0,0,1
907597409849000,1790933257.558305,7558,tx,1420.5,156.0,436.8,,,1,0,0,1
907597550341300,1790933257.698798,7698,tx,2354.8,184.4,509.8,,,1,0,0,1
907597693727000,1790933257.842185,7842,tx,40040.0,469.1,967.7,,,1,0,0,1
907597864577400,1790933258.013038,8013,tx,1698.2,223.1,411.0,,,1,0,0,1
907598007726000,1790933258.156187,8156,tx,1400.2,140.7,349.9,,,1,0,0,1
907598151394000,1790933258.299857,8299,tx,1546.7,211.2,457.7,,,1,0,0,1
907598291764700,1790933258.440230,8440,tx,1510.8,144.6,428.9,,,1,0,0,1
907598448170300,1790933258.596637,8596,tx,1548.4,261.8,511.5,,,1,0,0,1
907598589626900,1790933258.738095,8738,tx,1698.0,213.6,511.0,,,1,0,0,1
907598770278400,1790933258.918748,8918,tx,1850.9,309.9,510.4,,,1,0,0,1
907598918380400,1790933259.066852,9066,tx,1474.1,137.2,452.8,,,1,0,0,1
907599057493400,1790933259.205966,9205,tx,1279.0,205.6,421.1,,,1,0,0,1
907599197541600,1790933259.346016,9346,tx,1258.9,195.6,425.7,,,1,0,0,1
907599338817800,1790933259.487294,9487,tx,6454.4,124.3,305.4,,,1,0,0,1
907599479254700,1790933259.627732,9627,tx,1665.7,174.8,452.8,,,1,0,0,1
907599620729300,1790933259.769208,9769,tx,1759.1,228.7,468.1,,,1,0,0,1
907599777849800,1790933259.926330,9926,tx,1922.8,220.9,412.0,,,1,0,0,1
907599917434200,1790933260.065915,10065,tx,1741.3,246.0,523.4,,,1,0,0,1
907600058439600,1790933260.206923,10206,tx,1547.7,195.4,412.9,,,1,0,0,1
907600201116700,1790933260.349602,10349,tx,1437.5,404.6,565.0,,,1,0,0,1
907600343239400,1790933260.491726,10491,tx,1637.5,353.7,558.8,,,1,0,0,1
907600480973200,1790933260.629461,10629,tx,1619.2,252.0,656.9,,,1,0,0,1
907600621056900,1790933260.769546,10769,tx,1265.7,222.3,370.7,,,1,0,0,1
907600760509800,1790933260.909000,10909,tx,4786.5,210.7,379.4,,,1,0,0,1
907601082913000,1790933261.231407,11231,tx,16813.6,198.7,373.5,,,1,0,0,1
907601272347500,1790933261.420844,11420,tx,1454.9,238.2,634.3,,,1,0,0,1
907601418463800,1790933261.566960,11566,tx,21997.8,224.2,584.8,,,1,0,0,1
907601557732800,1790933261.706232,11706,tx,1189.2,241.1,416.9,,,1,0,0,1
907601703720700,1790933261.852221,11852,tx,58380.0,141.8,325.6,,,1,0,0,1
907601862212000,1790933262.010714,12010,tx,4448.9,220.9,807.5,,,1,0,0,1
907602002322400,1790933262.150826,12150,tx,1421.0,221.8,412.1,,,1,0,0,1
907602142189500,1790933262.290695,12290,tx,1456.4,185.6,495.1,,,1,0,0,1
907602285069000,1790933262.433575,12433,tx,8356.9,415.1,664.0,,,1,0,0,1
907602424728900,1790933262.573237,12573,tx,1717.0,154.4,307.3,,,1,0,0,1
907602569699500,1790933262.718209,12718,tx,3331.8,351.5,1146.4,,,1,0,0,1
907602710497600,1790933262.859008,12859,tx,62835.1,150.7,388.6,,,1,0,0,1
907602902731800,1790933263.051244,13051,tx,2606.2,237.0,510.4,,,1,0,0,1
907603041697400,1790933263.190211,13190,tx,2641.3,283.4,633.8,,,1,0,0,1
907603182687000,1790933263.331203,13331,tx,1421.1,228.3,441.0,,,1,0,0,1
907603323480000,1790933263.471997,13471,tx,1178.7,278.1,474.0,,,1,0,0,1
907603465653300,1790933263.614172,13614,tx,1443.8,207.6,424.2,,,1,0,0,1
907603608657900,1790933263.757178,13757,tx,7081.3,279.6,646.4,,,1,0,0,1
907603750121500,1790933263.898643,13898,tx,1726.6,465.3,644.6,,,1,0,0,1
907603892274100,1790933264.040795,14040,tx,2159.9,174.3,497.0,,,1,0,0,1
907604036626100,1790933264.185150,14185,tx,9319.6,163.3,426.9,,,1,0,0,1
907604178868500,1790933264.327394,14327,tx,1759.3,178.1,420.6,,,1,0,0,1
907604318665900,1790933264.467194,14467,tx,1337.6,206.0,407.2,,,1,0,0,1
907604460046400,1790933264.608575,14608,tx,1772.2,482.2,704.1,,,1,0,0,1
907604600716000,1790933264.749247,14749,tx,1099.3,205.4,365.6,,,1,0,0,1
907604763411200,1790933264.911944,14911,tx,1166.4,237.1,361.9,,,1,0,0,1
907604901090800,1790933265.049625,49,tx,1400.6,367.1,556.2,,,1,0,0,1
907605042064800,1790933265.190600,190,tx,1623.3,378.6,597.7,,,1,0,0,1
907605184117100,1790933265.332654,332,tx,1777.2,388.1,600.1,,,1,0,0,1
907605328064700,1790933265.476602,476,tx,4341.9,286.9,945.0,,,1,0,0,1
907605472066100,1790933265.620606,620,tx,1501.2,427.7,643.0,,,1,0,0,1
907605616070200,1790933265.764611,764,tx,1261.1,129.9,306.3,,,1,0,0,1
907605774584400,1790933265.923127,923,tx,1946.2,229.5,369.8,,,1,0,0,1
907605914078300,1790933266.062623,1062,tx,9848.6,398.0,585.1,,,1,0,0,1
907606064081500,1790933266.212627,1212,tx,1265.1,393.9,577.1,,,1,0,0,1
907606204636300,1790933266.353184,1353,tx,58492.3,170.6,413.0,,,1,0,0,1
907606365399000,1790933266.513948,1513,tx,1593.5,276.1,474.3,,,1,0,0,1
907606505926900,1790933266.654477,1654,tx,2416.8,419.9,703.7,,,1,0,0,1
907606649570800,1790933266.798123,1798,tx,1442.9,190.0,406.7,,,1,0,0,1
907606791105400,1790933266.939659,1939,tx,1600.4,411.7,631.9,,,1,0,0,1
907606933681100,1790933267.082236,2082,tx,1434.9,194.0,420.5,,,1,0,0,1
907607076911000,1790933267.225467,2225,tx,1412.3,175.4,489.5,,,1,0,0,1
907607217995700,1790933267.366554,2366,tx,63003.1,320.7,720.9,,,1,0,0,1
907607395705500,1790933267.544265,2544,tx,2143.8,240.4,612.3,,,1,0,0,1
907607543645200,1790933267.692206,2692,tx,9838.0,212.5,749.1,,,1,0,0,1
907607701161300,1790933267.849724,2849,tx,1982.9,369.7,606.9,,,1,0,0,1
907607858606200,1790933268.007170,3007,tx,1695.9,189.0,409.7,,,1,0,0,1
907607999362200,1790933268.147928,3147,tx,1211.8,174.2,365.5,,,1,0,0,1
907608141287100,1790933268.289855,3289,tx,1591.8,261.0,478.8,,,1,0,0,1
907608297764000,1790933268.446332,3446,tx,8472.5,205.9,368.8,,,1,0,0,1
907608442016800,1790933268.590587,3590,tx,1207.6,202.5,402.0,,,1,0,0,1
907608583444800,1790933268.732017,3732,tx,1586.0,191.6,430.3,,,1,0,0,1
907608771398400,1790933268.919973,3919,tx,7935.2,177.5,382.2,,,1,0,0,1
907608911353300,1790933269.059928,4059,tx,2089.1,254.8,568.2,,,1,0,0,1
907609052719600,1790933269.201295,4201,tx,1576.8,206.4,436.8,,,1,0,0,1
907609194000000,1790933269.342578,4342,tx,1938.0,346.5,865.6,,,1,0,0,1
907609334101100,1790933269.482681,4482,tx,1357.4,402.9,608.5,,,1,0,0,1
907609476175700,1790933269.624757,4624,tx,2062.6,195.0,467.0,,,1,0,0,1
907609618908900,1790933269.767491,4767,tx,12184.9,380.9,780.6,,,1,0,0,1
907609761057500,1790933269.909642,4909,tx,1294.5,392.0,577.9,,,1,0,0,1
907609902646300,1790933270.051232,5051,tx,1769.6,184.2,508.9,,,1,0,0,1
907610044021300,1790933270.192609,5192,tx,2136.1,389.4,632.2,,,1,0,0,1
907610185840600,1790933270.334427,5334,tx,2074.8,398.3,978.7,,,1,0,0,1
907610326858900,1790933270.475448,5475,tx,1125.1,224.4,423.5,,,1,0,0,1
907610469689600,1790933270.618281,5618,tx,1802.6,200.8,468.9,,,1,0,0,1
907610610415100,1790933270.759008,5759,tx,1294.8,179.1,326.0,,,1,0,0,1
907610763629800,1790933270.912225,5912,tx,1179.7,208.3,340.1,,,1,0,0,1
907610908558900,1790933271.057154,6057,tx,3391.3,318.4,745.9,,,1,0,0,1
907611050448300,1790933271.199045,6199,tx,5015.4,264.1,855.4,,,1,0,0,1
907611191966400,1790933271.340565,6340,tx,1310.8,250.3,456.2,,,1,0,0,1
907611333274200,1790933271.481875,6481,tx,1990.4,243.6,531.1,,,1,0,0,1
907611477045600,1790933271.625647,6625,tx,10335.9,282.2,642.5,,,1,0,0,1
907611618841400,1790933271.767445,6767,tx,1412.8,254.2,580.0,,,1,0,0,1
907611768137000,1790933271.916742,6916,tx,1258.0,381.7,576.7,,,1,0,0,1
907611917941500,1790933272.066548,7066,tx,3270.9,209.6,373.7,,,1,0,0,1
907612075817600,1790933272.224426,7224,tx,1680.4,165.9,379.8,,,1,0,0,1
907612218921400,1790933272.367531,7367,tx,51292.2,357.1,715.1,,,1,0,0,1
907612395599400,1790933272.544211,7544,tx,1948.8,229.2,561.4,,,1,0,0,1
907612533169800,1790933272.681783,7681,tx,1367.5,368.0,564.6,,,1,0,0,1
907612673854700,1790933272.822469,7822,tx,8441.5,229.1,392.1,,,1,0,0,1
907612814476700,1790933272.963093,7963,tx,1858.7,294.9,547.8,,,1,0,0,1
907612955726100,1790933273.104343,8104,tx,1822.9,216.7,412.4,,,1,0,0,1
907613098176900,1790933273.246795,8246,tx,1826.9,221.5,519.4,,,1,0,0,1
907613273215600,1790933273.421837,8421,tx,1444.0,418.0,530.4,,,1,0,0,1
907613412260400,1790933273.560882,8560,tx,2247.4,231.1,568.5,,,1,0,0,1
907613552071100,1790933273.700647,8700,tx,12037.3,310.2,959.7,,,1,0,0,1
907613692354600,1790933273.840965,8840,tx,1792.4,198.4,410.3,,,1,0,0,1
907613834850500,1790933273.983477,8983,tx,1489.2,205.3,423.2,,,1,0,0,1
907613976091900,1790933274.124720,9124,tx,3537.1,312.0,765.6,,,1,0,0,1
907614117690900,1790933274.266320,9266,tx,1496.9,245.6,480.4,,,1,0,0,1
907614260644100,1790933274.409275,9409,tx,1695.8,236.2,658.0,,,1,0,0,1
907614400794600,1790933274.549426,9549,tx,3269.3,314.6,721.0,,,1,0,0,1
907614541131500,1790933274.689765,9689,tx,11013.0,281.8,644.2,,,1,0,0,1
907614699345400,1790933274.847981,9847,tx,1610.1,158.6,431.5,,,1,0,0,1
907614838576300,1790933274.987213,9987,tx,1404.4,186.0,387.8,,,1,0,0,1
907614980328400,1790933275.128966,10128,tx,11095.8,285.3,715.6,,,1,0,0,1
907615117596400,1790933275.266236,10266,tx,1224.3,245.0,481.6,,,1,0,0,1
907615404847700,1790933275.553491,10553,tx,13731.9,185.2,433.4,,,1,0,0,1
907615548717200,1790933275.697362,10697,tx,1702.3,171.6,558.3,,,1,0,0,1
907615687669700,1790933275.836316,10836,tx,2007.0,238.0,646.6,,,1,0,0,1
907615828286800,1790933275.976934,10976,tx,3672.2,253.1,618.0,,,1,0,0,1
907615985681800,1790933276.134317,11134,tx,1493.0,192.4,380.3,,,1,0,0,1
907616127456000,1790933276.276105,11276,tx,1907.4,231.6,602.2,,,1,0,0,1
907616268213100,1790933276.416865,11416,tx,1896.1,341.9,498.2,,,1,0,0,1
907616412054100,1790933276.560708,11560,tx,1377.7,379.4,591.8,,,1,0,0,1
907616553836100,1790933276.702491,11702,tx,1353.2,228.3,434.3,,,1,0,0,1
907616695588400,1790933276.844244,11844,tx,3091.0,306.3,693.2,,,1,0,0,1
907616835055700,1790933276.983714,11983,tx,8827.0,404.8,671.2,,,1,0,0,1
907616976793500,1790933277.125453,12125,tx,1348.5,181.0,408.1,,,1,0,0,1
907617119661100,1790933277.268321,12268,tx,1922.5,233.2,669.0,,,1,0,0,1
907617259038300,1790933277.407701,12407,tx,1503.0,387.5,614.9,,,1,0,0,1
907617398532500,1790933277.547196,12547,tx,1395.7,226.5,411.6,,,1,0,0,1
907617539830600,1790933277.688496,12688,tx,1733.7,202.8,546.2,,,1,0,0,1
907617681993800,1790933277.830660,12830,tx,1497.9,161.3,406.7,,,1,0,0,1
907617822494700,1790933277.971163,12971,tx,8645.1,249.7,445.7,,,1,0,0,1
907617977625900,1790933278.126296,13126,tx,1355.7,276.6,514.6,,,1,0,0,1
907618118045500,1790933278.266717,13266,tx,1403.5,182.5,372.3,,,1,0,0,1
907618470310400,1790933278.618985,13618,tx,13929.3,237.1,454.7,,,1,0,0,1
907618611554500,1790933278.760231,13760,tx,1361.2,230.6,421.8,,,1,0,0,1
907618762093200,1790933278.910771,13910,tx,1513.9,215.6,627.6,,,1,0,0,1
907618903348600,1790933279.052027,14052,tx,3495.4,401.1,843.6,,,1,0,0,1
907619046021600,1790933279.194703,14194,tx,1416.7,148.8,371.0,,,1,0,0,1
907619189343200,1790933279.338025,14338,tx,2277.3,294.7,603.1,,,1,0,0,1
907619331872400,1790933279.480556,14480,tx,1170.5,205.2,463.3,,,1,0,0,1
907619488628000,1790933279.637313,14637,tx,1830.6,250.4,521.3,,,1,0,0,1
907619630050200,1790933279.778737,14778,tx,2559.7,255.4,632.9,,,1,0,0,1
907619767555100,1790933279.916244,14916,tx,1186.3,215.3,386.5,,,1,0,0,1
907619926343700,1790933280.075032,75,tx,1589.7,166.8,473.1,,,1,0,0,1
907620070618400,1790933280.219310,219,tx,1346.0,225.0,559.6,,,1,0,0,1
907620213931600,1790933280.362624,362,tx,26673.0,246.8,446.9,,,1,0,0,1
907620358998100,1790933280.507693,507,tx,1437.1,428.7,671.9,,,1,0,0,1
907620503682900,1790933280.652378,652,tx,1649.2,201.3,454.4,,,1,0,0,1
907620647990000,1790933280.796687,796,tx,2887.7,208.2,941.9,,,1,0,0,1
907620790980600,1790933280.939679,939,tx,1235.4,205.1,392.2,,,1,0,0,1
907620935758400,1790933281.084459,1084,tx,1893.0,180.5,467.2,,,1,0,0,1
907621079399800,1790933281.228101,1228,tx,3665.5,204.3,555.2,,,1,0,0,1
907621268874600,1790933281.417578,1417,tx,8387.7,253.3,952.4,,,1,0,0,1
907621406280300,1790933281.554985,1554,tx,1357.5,253.4,416.9,,,1,0,0,1
907621547699600,1790933281.696407,1696,tx,1169.3,211.2,372.7,,,1,0,0,1
907621687606400,1790933281.836315,1836,tx,1739.2,222.0,481.5,,,1,0,0,1
907621829469600,1790933281.978179,1978,tx,1479.4,180.2,362.0,,,1,0,0,1
907621970495800,1790933282.119206,2119,tx,11817.8,273.9,1408.1,,,1,0,0,1
907622112603300,1790933282.261316,2261,tx,1437.7,169.7,406.0,,,1,0,0,1
907622268009600,1790933282.416724,2416,tx,1281.9,169.8,345.1,,,1,0,0,1
907622406842800,1790933282.555558,2555,tx,11479.6,291.4,1184.5,,,1,0,0,1
907622554990500,1790933282.703708,2703,tx,1325.5,218.4,429.2,,,1,0,0,1
907622705959000,1790933282.854676,2854,tx,58231.8,276.3,790.6,,,1,0,0,1
907622870978600,1790933283.019700,3019,tx,1474.6,155.6,357.4,,,1,0,0,1
907623017982800,1790933283.166705,3166,tx,1902.8,238.9,701.7,,,1,0,0,1
907623159782300,1790933283.308505,3308,tx,1926.0,276.3,578.9,,,1,0,0,1
907623301725900,1790933283.450451,3450,tx,1592.4,223.9,459.1,,,1,0,0,1
907623443727100,1790933283.592453,3592,tx,1268.9,161.4,361.4,,,1,0,0,1
907623584909800,1790933283.733638,3733,tx,1224.6,250.5,433.5,,,1,0,0,1
907623768838000,1790933283.917568,3917,tx,1269.9,239.9,393.9,,,1,0,0,1
907623916376600,1790933284.065107,4065,tx,2053.6,205.3,488.8,,,1,0,0,1
907624056786900,1790933284.205513,4205,tx,13620.3,241.5,902.6,,,1,0,0,1
907624200747700,1790933284.349482,4349,tx,1273.8,236.0,458.4,,,1,0,0,1
907624341358300,1790933284.490094,4490,tx,1170.1,190.1,393.7,,,1,0,0,1
907624486184300,1790933284.634922,4634,tx,9783.7,223.4,478.5,,,1,0,0,1
907624628534400,1790933284.777273,4777,tx,1272.3,182.0,375.9,,,1,0,0,1
907624771743600,1790933284.920484,4920,tx,2271.2,239.1,453.7,,,1,0,0,1
907624914366000,1790933285.063108,5063,tx,1188.1,208.7,406.1,,,1,0,0,1
907625055700200,1790933285.204443,5204,tx,1936.2,434.7,892.8,,,1,0,0,1
907625196485800,1790933285.345230,5345,tx,1713.2,195.5,429.3,,,1,0,0,1
907625336687500,1790933285.485433,5485,tx,2740.6,248.6,569.8,,,1,0,0,1
907625478011600,1790933285.626759,5626,tx,8405.1,354.6,595.3,,,1,0,0,1
907625620641900,1790933285.769391,5769,tx,1351.6,182.9,504.2,,,1,0,0,1
907625765468500,1790933285.914220,5914,tx,2004.2,174.7,350.8,,,1,0,0,1
907625902904200,1790933286.051656,6051,tx,2272.6,416.9,747.2,,,1,0,0,1
907626044501100,1790933286.193255,6193,tx,2159.2,200.0,725.0,,,1,0,0,1
907626187428900,1790933286.336184,6336,tx,1820.1,251.0,593.4,,,1,0,0,1
907626328387000,1790933286.477143,6477,tx,3909.1,303.4,684.0,,,1,0,0,1
907626470024100,1790933286.618782,6618,tx,1925.8,428.8,695.4,,,1,0,0,1
907626610003200,1790933286.758763,6758,tx,1578.2,432.1,602.2,,,1,0,0,1
907626766084200,1790933286.914845,6914,tx,1416.2,159.9,315.9,,,1,0,0,1
907626925558400,1790933287.074321,7074,tx,1902.7,195.1,374.0,,,1,0,0,1
907627066938800,1790933287.215703,7215,tx,1494.2,447.0,700.3,,,1,0,0,1
907627207515800,1790933287.356281,7356,tx,96912.3,168.9,403.7,,,1,0,0,1
907627395430500,1790933287.544198,7544,tx,2247.2,215.6,499.0,,,1,0,0,1
907627535582400,1790933287.684351,7684,tx,2090.2,262.0,581.4,,,1,0,0,1
907627676186000,1790933287.824956,7824,tx,1418.8,322.6,522.2,,,1,0,0,1
907627817535200,1790933287.966307,7966,tx,1409.1,260.9,463.8,,,1,0,0,1
907627958283200,1790933288.107057,8107,tx,1556.3,201.0,459.2,,,1,0,0,1
907628098053800,1790933288.246828,8246,tx,25829.3,296.9,715.8,,,1,0,0,1
907628278069500,1790933288.426847,8426,tx,9788.9,243.7,571.1,,,1,0,0,1
907628427068400,1790933288.575847,8575,tx,4465.5,117.5,249.8,,,1,0,0,1
907628567308000,1790933288.716088,8716,tx,1865.4,165.7,552.4,,,1,0,0,1
907628706445100,1790933288.855227,8855,tx,62788.4,309.8,498.1,,,1,0,0,1
907628896874400,1790933289.045657,9045,tx,1505.2,174.8,321.2,,,1,0,0,1
907629035492600,1790933289.184277,9184,tx,4909.9,224.5,689.1,,,1,0,0,1
907629176523700,1790933289.325308,9325,tx,2073.6,183.4,459.6,,,1,0,0,1
907629314165300,1790933289.462952,9462,tx,2327.9,272.1,596.0,,,1,0,0,1
907629455340900,1790933289.604130,9604,tx,1801.6,243.8,472.3,,,1,0,0,1
907629595722400,1790933289.744513,9744,tx,1732.8,157.4,437.4,,,1,0,0,1
907629768590600,1790933289.917383,9917,tx,1126.5,231.0,392.5,,,1,0,0,1
907629907142900,1790933290.055934,10055,tx,1874.4,175.9,526.1,,,1,0,0,1
907630045727800,1790933290.194523,10194,tx,1416.3,189.9,366.9,,,1,0,0,1
907630191957600,1790933290.340754,10340,tx,90474.7,282.4,636.7,,,1,0,0,1
907630402176100,1790933290.550975,10550,tx,8119.7,290.6,430.5,,,1,0,0,1
907630545662400,1790933290.694463,10694,tx,1904.7,248.3,516.4,,,1,0,0,1
907630687573900,1790933290.836376,10836,tx,1587.4,205.7,497.6,,,1,0,0,1
907630827455100,1790933290.976259,10976,tx,1194.0,107.0,284.2,,,1,0,0,1
907630965669000,1790933291.114474,11114,tx,1313.3,155.9,323.0,,,1,0,0,1
907631108038800,1790933291.256845,11256,tx,1563.3,297.9,645.6,,,1,0,0,1
907631265992000,1790933291.414800,11414,tx,8378.6,162.3,262.0,,,1,0,0,1
907631416225700,1790933291.565035,11565,tx,1350.5,224.3,444.9,,,1,0,0,1
907631854940700,1790933292.003754,12003,tx,15396.0,379.5,728.0,,,1,0,0,1
907631995639400,1790933292.144455,12144,tx,2381.1,214.5,572.9,,,1,0,0,1
907632142291100,1790933292.291108,12291,tx,11035.5,238.4,664.0,,,1,0,0,1
907632284494100,1790933292.433312,12433,tx,1413.3,159.0,448.3,,,1,0,0,1
907632424794500,1790933292.573614,12573,tx,1581.9,231.4,507.2,,,1,0,0,1
907632566879700,1790933292.715700,12715,tx,3516.2,349.5,717.5,,,1,0,0,1
907632708018300,1790933292.856841,12856,tx,63384.6,440.7,694.4,,,1,0,0,1
907632897768400,1790933293.046592,13046,tx,3326.7,375.0,920.3,,,1,0,0,1
907633035237500,1790933293.184063,13184,tx,1244.3,206.6,404.0,,,1,0,0,1
907633178163000,1790933293.326991,13326,tx,1547.1,285.6,544.8,,,1,0,0,1
907633320682600,1790933293.469512,13469,tx,2020.2,261.4,667.1,,,1,0,0,1
907633462151500,1790933293.610981,13610,tx,12357.5,307.3,929.2,,,1,0,0,1
907633600980900,1790933293.749813,13749,tx,1267.1,216.1,426.2,,,1,0,0,1
907633742560700,1790933293.891394,13891,tx,1621.4,167.4,440.1,,,1,0,0,1
907633883451300,1790933294.032286,14032,tx,2245.6,228.7,663.9,,,1,0,0,1
907634026086100,1790933294.174922,14174,tx,1816.1,366.1,613.5,,,1,0,0,1
907634167467800,1790933294.316306,14316,tx,1675.0,217.2,482.5,,,1,0,0,1
907634310171300,1790933294.459011,14459,tx,1738.3,214.5,581.7,,,1,0,0,1
907634452098700,1790933294.600940,14600,tx,3874.3,233.6,574.0,,,1,0,0,1
907634608322900,1790933294.757165,14757,tx,1709.8,242.3,514.6,,,1,0,0,1
907634772393600,1790933294.921237,14921,tx,7729.8,233.9,527.2,,,1,0,0,1
907634922732000,1790933295.071577,71,tx,1298.3,208.7,442.0,,,1,0,0,1
907635067133300,1790933295.215980,215,tx,3216.7,324.6,777.4,,,1,0,0,1
907635210782000,1790933295.359622,359,tx,27664.7,349.5,821.6,,,1,0,0,1
907635354397200,1790933295.503247,503,tx,2981.8,264.2,602.0,,,1,0,0,1
907635497878100,1790933295.646729,646,tx,3599.5,319.6,779.6,,,1,0,0,1
907635641669100,1790933295.790522,790,tx,11531.6,305.7,1159.2,,,1,0,0,1
907635785723800,1790933295.934579,934,tx,1999.0,177.4,556.8,,,1,0,0,1
907635928925000,1790933296.077781,1077,tx,1362.4,181.3,396.2,,,1,0,0,1
907636069671400,1790933296.218529,1218,tx,3741.4,464.2,998.5,,,1,0,0,1
907636210750000,1790933296.359609,1359,tx,52239.7,131.1,294.2,,,1,0,0,1
907636378785200,1790933296.527646,1527,tx,2720.0,247.3,627.2,,,1,0,0,1
907636523965500,1790933296.672828,1672,tx,9675.5,279.9,956.4,,,1,0,0,1
907636666175300,1790933296.815039,1815,tx,2160.6,271.9,584.8,,,1,0,0,1
907636806164500,1790933296.955030,1955,tx,2208.9,229.0,547.7,,,1,0,0,1
907636946742500,1790933297.095610,2095,tx,1360.2,226.5,492.6,,,1,0,0,1
907637087508000,1790933297.236376,2236,tx,1400.5,225.1,407.6,,,1,0,0,1
907637230252500,1790933297.379123,2379,tx,38913.9,189.7,406.8,,,1,0,0,1
907637387554600,1790933297.536426,2536,tx,3378.1,352.7,881.7,,,1,0,0,1
907637528852100,1790933297.677725,2677,tx,1354.5,226.7,406.8,,,1,0,0,1
907637669991400,1790933297.818866,2818,tx,1787.2,406.3,638.6,,,1,0,0,1
907637811985800,1790933297.960862,2960,tx,2024.8,449.6,723.7,,,1,0,0,1
907637969219300,1790933298.118097,3118,tx,1381.4,152.3,581.3,,,1,0,0,1
907638112390100,1790933298.261270,3261,tx,1313.0,196.0,420.3,,,1,0,0,1
907638254598500,1790933298.403479,3403,tx,1403.7,226.3,376.3,,,1,0,0,1
907638395106100,1790933298.543988,3543,tx,1769.1,254.2,700.8,,,1,0,0,1
907638536724800,1790933298.685608,3685,tx,2213.7,217.3,583.1,,,1,0,0,1
907638678625000,1790933298.827510,3827,tx,1282.7,176.4,380.9,,,1,0,0,1
907638819406900,1790933298.968293,3968,tx,9613.2,196.3,395.4,,,1,0,0,1
907638961635800,1790933299.110524,4110,tx,1486.8,241.6,461.0,,,1,0,0,1
907639102478200,1790933299.251367,4251,tx,1485.9,178.9,481.1,,,1,0,0,1
907639269373500,1790933299.418265,4418,tx,1346.0,277.5,415.0,,,1,0,0,1
907639415369300,1790933299.564261,4564,tx,1826.5,252.2,473.1,,,1,0,0,1
907639559854800,1790933299.708749,4708,tx,2962.4,453.1,757.3,,,1,0,0,1
907639701493500,1790933299.850389,4850,tx,1510.5,263.0,473.3,,,1,0,0,1
907639842078300,1790933299.990975,4990,tx,1457.1,430.8,643.6,,,1,0,0,1
907639986112900,1790933300.135011,5135,tx,3137.2,286.7,662.0,,,1,0,0,1
907640128056300,1790933300.276956,5276,tx,11989.3,318.3,1030.6,,,1,0,0,1
907640268252300,1790933300.417154,5417,tx,2037.7,232.6,417.6,,,1,0,0,1
907640409549800,1790933300.558452,5558,tx,3471.3,308.3,755.2,,,1,0,0,1
907640551010600,1790933300.699914,5699,tx,3110.6,286.3,881.5,,,1,0,0,1
907640692809500,1790933300.841716,5841,tx,1382.7,191.1,450.4,,,1,0,0,1
907640832312900,1790933300.981220,5981,tx,3069.9,294.1,716.1,,,1,0,0,1
907640973177500,1790933301.122086,6122,tx,2077.8,241.2,568.6,,,1,0,0,1
907641111028400,1790933301.259938,6259,tx,11709.1,284.7,637.0,,,1,0,0,1
907641252150000,1790933301.401062,6401,tx,1443.1,223.9,759.1,,,1,0,0,1
907641394086200,1790933301.542998,6542,tx,3811.3,288.1,808.3,,,1,0,0,1
907641535595800,1790933301.684509,6684,tx,3700.5,464.1,923.3,,,1,0,0,1
907641676726800,1790933301.825643,6825,tx,1630.6,179.3,522.6,,,1,0,0,1
907641817605100,1790933301.966523,6966,tx,1405.9,238.2,475.3,,,1,0,0,1
907641958724100,1790933302.107643,7107,tx,2664.9,211.4,518.2,,,1,0,0,1
907642099467100,1790933302.248386,7248,tx,12123.3,287.7,732.6,,,1,0,0,1
907642267202900,1790933302.416126,7416,tx,1610.5,424.1,563.9,,,1,0,0,1
907642412592000,1790933302.561516,7561,tx,1386.5,227.1,459.2,,,1,0,0,1
907642555827300,1790933302.704751,7704,tx,1666.2,201.6,409.3,,,1,0,0,1
907642695556300,1790933302.844483,7844,tx,1420.2,227.5,397.6,,,1,0,0,1
907642835643700,1790933302.984572,7984,tx,1677.6,216.6,453.1,,,1,0,0,1
907642978584700,1790933303.127514,8127,tx,7128.0,231.8,492.0,,,1,0,0,1
907643122502900,1790933303.271434,8271,tx,1333.7,227.2,524.2,,,1,0,0,1
907643271019000,1790933303.419952,8419,tx,1246.2,159.8,261.4,,,1,0,0,1
907643420663800,1790933303.569598,8569,tx,17705.7,200.6,551.9,,,1,0,0,1
907643577251100,1790933303.726187,8726,tx,1781.1,276.7,500.6,,,1,0,0,1
907643718114800,1790933303.867052,8867,tx,58912.4,419.6,586.8,,,1,0,0,1
907643877499900,1790933304.026439,9026,tx,1353.4,207.1,441.7,,,1,0,0,1
907644017874100,1790933304.166815,9166,tx,1834.2,252.9,499.5,,,1,0,0,1
907644161142100,1790933304.310084,9310,tx,1621.8,328.1,587.9,,,1,0,0,1
907644303490400,1790933304.452434,9452,tx,1394.4,205.3,393.6,,,1,0,0,1
907644448254500,1790933304.597199,9597,tx,2219.0,329.5,738.3,,,1,0,0,1
907644590851500,1790933304.739798,9739,tx,2720.4,302.5,678.2,,,1,0,0,1
907644731559100,1790933304.880507,9880,tx,45004.7,206.2,411.4,,,1,0,0,1
907644877184600,1790933305.026134,10026,tx,1427.7,197.8,473.6,,,1,0,0,1
907645016770400,1790933305.165721,10165,tx,1270.0,214.1,403.3,,,1,0,0,1
907645158858800,1790933305.307811,10307,tx,6671.7,212.6,403.3,,,1,0,0,1
907645300105400,1790933305.449059,10449,tx,1732.9,357.6,545.2,,,1,0,0,1
907645440671600,1790933305.589627,10589,tx,2260.2,384.1,857.1,,,1,0,0,1
907645582387300,1790933305.731344,10731,tx,1623.2,225.4,467.7,,,1,0,0,1
907645723911500,1790933305.872870,10872,tx,9462.3,183.8,377.9,,,1,0,0,1
907645864700800,1790933306.013660,11013,tx,1250.1,186.6,398.3,,,1,0,0,1
907646006683900,1790933306.155645,11155,tx,1354.7,222.3,414.0,,,1,0,0,1
907646148195500,1790933306.297158,11297,tx,20454.6,283.5,658.8,,,1,0,0,1
907646289613700,1790933306.438578,11438,tx,1859.2,209.6,448.8,,,1,0,0,1
907646431020000,1790933306.579985,11579,tx,2460.7,246.5,637.0,,,1,0,0,1
907646572235000,1790933306.721202,11721,tx,1277.8,251.9,450.0,,,1,0,0,1
907646714078600,1790933306.863047,11863,tx,53775.0,409.6,558.3,,,1,0,0,1
907646878616000,1790933307.027586,12027,tx,3631.3,339.8,1011.9,,,1,0,0,1
907647026841500,1790933307.175813,12175,tx,1328.2,212.2,381.2,,,1,0,0,1
907647166632100,1790933307.315605,12315,tx,1586.1,260.7,480.6,,,1,0,0,1
907647306841900,1790933307.455817,12455,tx,1251.0,255.6,565.6,,,1,0,0,1
907647448190800,1790933307.597167,12597,tx,2222.1,262.3,526.7,,135157.5,1,0,0,1
907647591097200,1790933307.740074,12740,idle,17592.8,239.4,805.4,,,0,0,0,0
907647769902700,1790933307.918882,12918,idle,154821.6,,,,,0,0,0,0
907648042359500,1790933308.191342,13191,idle,4301.9,,,,,0,0,0,0
907648185090600,1790933308.334075,13334,idle,1734.2,,,,,0,0,0,0
907648406984100,1790933308.555970,13555,tx,9945.0,140.3,404.8,,,1,0,0,1
907648559504600,1790933308.708492,13708,tx,9793.9,228.0,544.6,,,1,0,0,1
907648878031300,1790933309.027022,14027,tx,53638.9,136.5,352.6,,,1,0,0,1
907649034533100,1790933309.183526,14183,tx,1946.0,159.8,267.7,,,1,0,0,1
907649173044500,1790933309.322038,14322,tx,1655.9,257.1,787.7,,,1,0,0,1
907649314860700,1790933309.463856,14463,tx,9611.7,280.1,487.0,,,1,0,0,1
907649469002100,1790933309.618000,14617,tx,1180.5,181.1,371.2,,,1,0,0,1
907649610597500,1790933309.759596,14759,tx,3589.4,228.9,847.8,,,1,0,0,1
907649766838600,1790933309.915839,14915,tx,1428.7,156.7,346.1,,,1,0,0,1
907649911426400,1790933310.060428,60,tx,1650.7,143.7,332.6,,,1,0,0,1
907650052127900,1790933310.201130,201,tx,1795.2,159.5,537.5,,,1,0,0,1
907650193321800,1790933310.342326,342,tx,9762.3,174.3,452.3,,,1,0,0,1
907650333620000,1790933310.482626,482,tx,1115.1,121.4,321.8,,,1,0,0,1
907650476192000,1790933310.625200,625,tx,1376.1,217.1,429.7,,,1,0,0,1
907650618602900,1790933310.767612,767,tx,1307.3,169.2,415.6,,,1,0,0,1
907650761025300,1790933310.910036,910,tx,1954.2,241.3,772.7,,,1,0,0,1
907650904381400,1790933311.053393,1053,tx,1784.6,162.1,434.8,,,1,0,0,1
907651046475400,1790933311.195489,1195,tx,1986.9,186.3,579.6,,,1,0,0,1
907651188104400,1790933311.337119,1337,tx,1124.2,223.5,404.6,,,1,0,0,1
907651331833000,1790933311.480849,1480,tx,1278.8,245.4,523.3,,,1,0,0,1
907651474153500,1790933311.623171,1623,tx,1573.1,140.8,375.7,,,1,0,0,1
907651617607300,1790933311.766627,1766,tx,11961.6,241.1,612.0,,,1,0,0,1
907651783167600,1790933311.932189,1932,tx,8470.6,198.3,653.5,,,1,0,0,1
907651932453500,1790933312.081476,2081,tx,3137.9,192.4,838.8,,,1,0,0,1
907652073025200,1790933312.222049,2222,tx,1893.1,209.8,515.7,,,1,0,0,1
907652216348700,1790933312.365375,2365,tx,1172.4,214.3,418.6,,,1,0,0,1
907652359313500,1790933312.508340,2508,tx,1942.0,208.3,467.6,,,1,0,0,1
907652499556800,1790933312.648586,2648,tx,2039.5,125.0,327.3,,,1,0,0,1
907652640952500,1790933312.789983,2789,tx,1593.9,197.3,367.9,,,1,0,0,1
907652780704500,1790933312.929736,2929,tx,1344.3,208.9,344.1,,,1,0,0,1
907652923534500,1790933313.072567,3072,tx,18035.6,280.5,971.7,,,1,0,0,1
907653065752800,1790933313.214787,3214,tx,1964.3,245.3,737.8,,,1,0,0,1
907653207595200,1790933313.356631,3356,tx,1590.7,159.0,401.9,,,1,0,0,1
907653347883900,1790933313.496921,3496,tx,1300.3,212.1,399.1,,,1,0,0,1
907653489306100,1790933313.638345,3638,tx,1240.4,222.1,413.1,,,1,0,0,1
907653632128500,1790933313.781169,3781,tx,1582.2,173.9,503.9,,,1,0,0,1
907653773229300,1790933313.922271,3922,tx,1163.1,191.6,377.1,,,1,0,0,1
907653915821400,1790933314.064864,4064,tx,16788.0,216.2,638.1,,,1,0,0,1
907654075019100,1790933314.224064,4224,tx,2425.5,310.0,660.6,,,1,0,0,1
907654216969700,1790933314.366015,4366,tx,2704.0,343.0,592.9,,,1,0,0,1
907654371587600,1790933314.520635,4520,tx,2183.6,237.7,526.4,,,1,0,0,1
907654513334900,1790933314.662384,4662,tx,1717.6,249.5,506.6,,,1,0,0,1
907654655671300,1790933314.804722,4804,tx,1628.9,212.3,467.6,,,1,0,0,1
907654797008700,1790933314.946061,4946,tx,1823.5,175.7,604.2,,,1,0,0,1
907654938638000,1790933315.087692,5087,tx,1344.5,197.9,387.7,,,1,0,0,1
907655080410500,1790933315.229465,5229,tx,3432.7,300.9,664.8,,,1,0,0,1
907655220835200,1790933315.369891,5369,tx,27690.0,317.2,816.6,,,1,0,0,1
907655360565200,1790933315.509624,5509,tx,1948.5,249.3,489.3,,,1,0,0,1
907655502108200,1790933315.651162,5651,tx,1920.4,221.6,526.0,,,1,0,0,1
907655646167000,1790933315.795227,5795,tx,3158.8,266.0,639.3,,,1,0,0,1
907655787641200,1790933315.936704,5936,tx,8707.2,297.8,475.1,,,1,0,0,1
907655928396000,1790933316.077461,6077,tx,1627.7,195.2,489.1,,,1,0,0,1
907656070368500,1790933316.219434,6219,tx,3601.1,301.4,840.3,,,1,0,0,1
907656209186600,1790933316.358254,6358,tx,73917.9,227.3,460.8,,,1,0,0,1
907656409873200,1790933316.558943,6558,tx,1850.3,230.9,686.0,,,1,0,0,1
907656554303500,1790933316.703375,6703,tx,1037.9,213.7,432.3,,,1,0,0,1
907656698577000,1790933316.847649,6847,tx,1176.7,194.7,389.9,,,1,0,0,1
907656840465400,1790933316.989539,6989,tx,2714.7,223.0,722.0,,,1,0,0,1
907656981687800,1790933317.130763,7130,tx,1479.6,246.2,416.5,,,1,0,0,1
907657125119200,1790933317.274196,7274,tx,1494.3,200.9,405.0,,,1,0,0,1
907657286648200,1790933317.435727,7435,tx,1205.9,199.5,411.9,,,1,0,0,1
907657437575900,1790933317.586655,7586,tx,2272.1,154.7,550.5,,,1,0,0,1
907657578096800,1790933317.727178,7727,tx,3120.3,181.1,503.6,,,1,0,0,1
907657722260200,1790933317.871343,7871,tx,57130.5,231.4,428.7,,,1,0,0,1
907657880628500,1790933318.029713,8029,tx,2300.6,200.5,410.1,,,1,0,0,1
907658020801700,1790933318.169888,8169,tx,1356.7,217.3,420.3,,,1,0,0,1
907658161926700,1790933318.311014,8311,tx,2262.6,306.3,599.0,,,1,0,0,1
907658305904200,1790933318.454993,8454,tx,1526.0,224.9,437.7,,,1,0,0,1
907658446870700,1790933318.595961,8595,tx,1726.1,202.6,417.1,,,1,0,0,1
907658588568400,1790933318.737660,8737,tx,1402.7,253.0,468.6,,,1,0,0,1
907658728923900,1790933318.878017,8878,tx,62843.8,320.3,598.3,,,1,0,0,1
907658919170700,1790933319.068266,9068,tx,2581.8,286.1,741.3,,,1,0,0,1
907659058034000,1790933319.207131,9207,tx,1010.8,194.0,367.6,,,1,0,0,1
907659199268200,1790933319.348366,9348,tx,1566.7,182.9,670.0,,,1,0,0,1
907659341611400,1790933319.490711,9490,tx,1391.6,156.0,397.2,,,1,0,0,1
907659482783100,1790933319.631884,9631,tx,1657.4,207.3,491.8,,,1,0,0,1
907659626593000,1790933319.775696,9775,tx,1639.2,186.7,494.2,,,1,0,0,1
907659767068500,1790933319.916173,9916,tx,1200.8,265.7,455.0,,,1,0,0,1
907659908723300,1790933320.057829,10057,tx,1789.4,196.7,381.6,,,1,0,0,1
907660049480800,1790933320.198588,10198,tx,1838.6,290.9,587.6,,,1,0,0,1
907660190095200,1790933320.339203,10339,tx,1954.4,258.6,944.5,,,1,0,0,1
907660332361600,1790933320.481472,10481,tx,1386.3,236.9,443.8,,,1,0,0,1
907660472177100,1790933320.621288,10621,tx,23775.9,259.6,804.0,,,1,0,0,1
907660614856400,1790933320.763969,10763,tx,1401.4,191.0,551.3,,,1,0,0,1
907660782198400,1790933320.931314,10931,tx,1675.4,224.3,404.3,,,1,0,0,1
907660920742600,1790933321.069859,11069,tx,10548.9,221.6,501.7,,,1,0,0,1
907661069766300,1790933321.218884,11218,tx,1426.4,161.2,529.1,,,1,0,0,1
907661212384200,1790933321.361503,11361,tx,4818.6,306.8,699.9,,,1,0,0,1
907661354459900,1790933321.503580,11503,tx,11998.1,241.7,617.9,,,1,0,0,1
907661496109700,1790933321.645232,11645,tx,1230.2,277.8,465.4,,,1,0,0,1
907661640278900,1790933321.789402,11789,tx,3627.8,389.5,756.6,,,1,0,0,1
907661786329200,1790933321.935455,11935,tx,6641.4,193.5,340.4,,,1,0,0,1
907661935460100,1790933322.084587,12084,tx,1407.4,157.1,330.1,,,1,0,0,1
907662077615200,1790933322.226743,12226,tx,1275.3,182.0,446.4,,,1,0,0,1
907662219771300,1790933322.368886,12368,tx,58609.9,243.7,481.2,,,1,0,0,1
907662378121600,1790933322.527253,12527,tx,1980.4,155.4,378.8,,,1,0,0,1
907662516859700,1790933322.665993,12665,tx,1691.0,271.2,601.5,,,1,0,0,1
907662658222200,1790933322.807356,12807,tx,8600.6,184.1,364.3,,,1,0,0,1
907662800816300,1790933322.949952,12949,tx,1453.9,235.9,404.4,,,1,0,0,1
907662940163400,1790933323.089301,13089,tx,1461.3,127.7,474.5,,,1,0,0,1
907663080714800,1790933323.229853,13229,tx,1497.7,255.0,501.9,,,1,0,0,1
907663221481000,1790933323.370621,13370,tx,62918.1,256.4,410.7,,,1,0,0,1
907663410754200,1790933323.559896,13559,tx,1410.1,136.5,354.2,,,1,0,0,1
907663551849900,1790933323.700994,13700,tx,1308.6,172.0,337.7,,,1,0,0,1
907663691918800,1790933323.841064,13841,tx,1346.7,170.4,305.5,,,1,0,0,1
907663833190200,1790933323.982337,13982,tx,1063.1,202.9,372.8,,,1,0,0,1
907663975164500,1790933324.124313,14124,tx,8762.2,236.4,494.1,,,1,0,0,1
907664118566900,1790933324.267716,14267,tx,2304.2,310.8,613.1,,,1,0,0,1
907664276586100,1790933324.425737,14425,tx,1746.4,246.0,575.2,,,1,0,0,1
907664431957300,1790933324.581110,14581,tx,1557.8,174.9,396.4,,,1,0,0,1
907664573404500,1790933324.722558,14722,tx,1539.0,202.3,463.4,,,1,0,0,1
907664714796400,1790933324.863950,14863,tx,3339.5,258.7,676.9,,,1,0,0,1
907664854920900,1790933325.004078,4,tx,16970.1,170.2,456.0,,,1,0,0,1
907665003090700,1790933325.152249,152,tx,1323.4,282.3,455.4,,,1,0,0,1
907665153635600,1790933325.302796,302,tx,1684.2,233.1,456.9,,,1,0,0,1
907665295600800,1790933325.444762,444,tx,1874.0,207.4,454.2,,,1,0,0,1
907665436583300,1790933325.585747,585,tx,1342.3,188.6,442.6,,,1,0,0,1
907665576666200,1790933325.725830,725,tx,1308.8,172.7,530.4,,,1,0,0,1
907665720189300,1790933325.869355,869,tx,26860.3,208.5,462.6,,,1,0,0,1
907665861618000,1790933326.010786,1010,tx,1706.0,241.3,517.8,,,1,0,0,1
907666001993200,1790933326.151162,1151,tx,1502.3,240.3,416.5,,,1,0,0,1
907666143106900,1790933326.292278,1292,tx,1446.4,183.2,368.2,,,1,0,0,1
907666299809400,1790933326.448982,1448,tx,8247.0,176.1,428.5,,,1,0,0,1
907666442212800,1790933326.591386,1591,tx,3518.5,196.6,823.7,,,1,0,0,1
907666585379600,1790933326.734554,1734,tx,3426.6,190.6,549.7,,,1,0,0,1
907666726180500,1790933326.875357,1875,tx,59213.1,251.1,532.3,,,1,0,0,1
907666909502600,1790933327.058681,2058,tx,2075.5,295.1,614.2,,,1,0,0,1
907667054860900,1790933327.204040,2204,tx,2010.0,228.4,538.6,,,1,0,0,1
907667195513200,1790933327.344695,2344,tx,1813.2,219.3,470.1,,,1,0,0,1
907667336244500,1790933327.485427,2485,tx,1998.8,245.7,659.0,,,1,0,0,1
907667477884200,1790933327.627068,2627,tx,11456.6,274.6,1039.3,,,1,0,0,1
907667619694700,1790933327.768881,2768,tx,1430.6,142.6,329.2,,,1,0,0,1
907667784478900,1790933327.933667,2933,tx,1493.7,218.8,351.1,,,1,0,0,1
907667935145200,1790933328.084335,3084,tx,1514.1,219.5,410.5,,,1,0,0,1
907668075318200,1790933328.224509,3224,tx,3032.3,196.9,376.7,,,1,0,0,1
907668220045500,1790933328.369238,3369,tx,58442.1,175.3,627.5,,,1,0,0,1
907668412587100,1790933328.561780,3561,tx,4729.6,197.4,813.5,,,1,0,0,1
907668551615900,1790933328.700810,3700,tx,3472.0,241.6,949.2,,,1,0,0,1
907668692924300,1790933328.842121,3842,tx,7470.3,273.5,612.0,,,1,0,0,1
907668834120700,1790933328.983319,3983,tx,2006.1,246.6,532.3,,,1,0,0,1
907668973622800,1790933329.122823,4122,tx,1144.5,171.7,369.5,,,1,0,0,1
907669113642800,1790933329.262844,4262,tx,10641.8,253.6,517.6,,,1,0,0,1
907669285936300,1790933329.435140,4435,tx,1661.3,279.4,474.3,,,1,0,0,1
907669426461800,1790933329.575664,4575,tx,2245.4,303.2,673.8,,,1,0,0,1
907669567343500,1790933329.716550,4716,tx,1282.7,202.1,387.0,,,1,0,0,1
907669709569000,1790933329.858777,4858,tx,1411.0,195.3,418.6,,,1,0,0,1
907669852083500,1790933330.001292,5001,tx,1225.1,173.9,434.2,,,1,0,0,1
907669992523500,1790933330.141733,5141,tx,7806.8,164.6,388.8,,,1,0,0,1
907670134746100,1790933330.283958,5283,tx,1293.4,187.6,379.7,,,1,0,0,1
907670276387800,1790933330.425601,5425,tx,1215.5,148.2,350.8,,,1,0,0,1
907670419922800,1790933330.569138,5569,tx,1741.8,207.5,770.8,,,1,0,0,1
907670562860500,1790933330.712077,5712,tx,1795.5,275.9,533.1,,,1,0,0,1
907670705733300,1790933330.854951,5854,tx,1291.2,198.5,410.9,,,1,0,0,1
907670847229700,1790933330.996449,5996,tx,1332.3,164.0,329.7,,,1,0,0,1
907670987779000,1790933331.137000,6136,tx,1419.5,256.8,520.7,,,1,0,0,1
907671130599400,1790933331.279822,6279,tx,2422.7,281.3,532.0,,,1,0,0,1
907671282949300,1790933331.432174,6432,tx,1141.0,173.5,408.3,,,1,0,0,1
907671443214100,1790933331.592440,6592,tx,1962.8,222.0,498.2,,,1,0,0,1
907671585397600,1790933331.734624,6734,tx,3575.8,320.0,735.5,,,1,0,0,1
907671726897500,1790933331.876126,6876,tx,23162.4,272.4,540.5,,,1,0,0,1
907671868812800,1790933332.018043,7018,tx,1621.3,225.6,540.7,,,1,0,0,1
907672009369000,1790933332.158600,7158,tx,1639.8,220.1,450.4,,,1,0,0,1
907672151939600,1790933332.301172,7301,tx,3330.7,195.4,545.3,,,1,0,0,1
907672299197900,1790933332.448433,7448,tx,8292.0,234.4,445.9,,,1,0,0,1
907672436212000,1790933332.585448,7585,tx,1700.6,216.5,461.9,,,1,0,0,1
907672579272700,1790933332.728510,7728,tx,1439.6,290.9,544.4,,,1,0,0,1
907672721367700,1790933332.870606,7870,tx,58057.7,197.8,590.7,,,1,0,0,1
907672881502300,1790933333.030743,8030,tx,1204.0,229.3,410.4,,,1,0,0,1
907673022196700,1790933333.171439,8171,tx,1275.7,167.4,342.4,,,1,0,0,1
907673163801400,1790933333.313045,8313,tx,6687.7,190.8,415.7,,,1,0,0,1
907673305666700,1790933333.454912,8454,tx,2193.3,254.1,471.5,,,1,0,0,1
907673448182200,1790933333.597429,8597,tx,1449.3,281.1,515.0,,,1,0,0,1
907673589303500,1790933333.738550,8738,tx,2088.2,196.1,476.6,,,1,0,0,1
907673729228800,1790933333.878478,8878,tx,54358.7,251.2,686.1,,,1,0,0,1
907673916207600,1790933334.065459,9065,tx,3666.9,301.9,795.7,,,1,0,0,1
907674059553100,1790933334.208806,9208,tx,1563.0,170.7,663.0,,,1,0,0,1
907674201196200,1790933334.350451,9350,tx,1294.7,271.7,501.6,,,1,0,0,1
907674341475100,1790933334.490731,9490,tx,1967.4,178.6,448.2,,,1,0,0,1
907674482289800,1790933334.631547,9631,tx,14582.9,216.1,615.4,,,1,0,0,1
907674623713000,1790933334.772972,9772,tx,1307.1,214.0,426.6,,,1,0,0,1
907674764921000,1790933334.914181,9914,tx,1468.8,236.8,535.2,,,1,0,0,1
907674906983700,1790933335.056245,10056,tx,17365.4,220.5,859.1,,,1,0,0,1
907675049250300,1790933335.198513,10198,tx,2291.0,245.7,643.8,,,1,0,0,1
907675190939400,1790933335.340204,10340,tx,2070.3,248.6,499.3,,,1,0,0,1
907675331513100,1790933335.480779,10480,tx,2984.1,270.1,652.8,,,1,0,0,1
907675470961900,1790933335.620229,10620,tx,7904.4,243.6,916.6,,,1,0,0,1
907675611317100,1790933335.760586,10760,tx,1433.6,240.5,481.0,,,1,0,0,1
907675779637900,1790933335.928909,10928,tx,1501.0,210.4,379.5,,,1,0,0,1
907675927041900,1790933336.076314,11076,tx,1939.7,257.1,783.0,,,1,0,0,1
907676066933800,1790933336.216208,11216,tx,1698.6,289.6,475.2,,,1,0,0,1
907676210738200,1790933336.360013,11360,tx,2505.0,324.0,709.3,,,1,0,0,1
907676353649200,1790933336.502926,11502,tx,1983.0,198.9,468.3,,,1,0,0,1
907676493749400,1790933336.643028,11643,tx,1193.5,211.2,397.9,,,1,0,0,1
907676634113700,1790933336.783392,11783,tx,7362.6,254.1,1350.4,,,1,0,0,1
907676791573000,1790933336.940854,11940,tx,1675.5,163.7,346.5,,,1,0,0,1
907676932636800,1790933337.081920,12081,tx,1283.9,174.5,378.5,,,1,0,0,1
907677074637700,1790933337.223922,12223,tx,1269.3,222.7,388.3,,,1,0,0,1
907677217629100,1790933337.366915,12366,tx,68593.9,262.9,544.1,,,1,0,0,1
907677387446300,1790933337.536734,12536,tx,2113.2,267.0,596.3,,,1,0,0,1
907677531262300,1790933337.680551,12680,tx,1467.4,223.5,464.5,,,1,0,0,1
907677743973800,1790933337.893265,12893,tx,17485.4,182.1,350.1,,,1,0,0,1
907677892831400,1790933338.042124,13042,tx,1169.1,185.0,365.2,,,1,0,0,1
907678035315200,1790933338.184609,13184,tx,3176.6,342.6,697.5,,,1,0,0,1
907678176332200,1790933338.325627,13325,tx,2200.4,279.5,613.2,,,1,0,0,1
907678317310000,1790933338.466607,13466,tx,1243.3,216.4,416.9,,,1,0,0,1
907678459569300,1790933338.608868,13608,tx,1485.9,213.3,588.8,,,1,0,0,1
907678603131000,1790933338.752431,13752,tx,3824.1,278.6,677.4,,,1,0,0,1
907678787606600,1790933338.936909,13936,tx,1159.7,181.3,332.5,,,1,0,0,1
907678935268100,1790933339.084571,14084,tx,1678.4,210.8,468.1,,,1,0,0,1
907679093919300,1790933339.243225,14243,tx,1508.2,180.9,402.2,,,1,0,0,1
907679252205600,1790933339.401513,14401,tx,1842.0,199.2,434.9,,,1,0,0,1
907679393030800,1790933339.542339,14542,tx,7766.9,245.5,421.7,,,1,0,0,1
907679536434200,1790933339.685744,14685,tx,1459.8,245.2,609.1,,,1,0,0,1
907679677649600,1790933339.826961,14826,tx,1308.1,186.8,539.9,,,1,0,0,1
907679820180500,1790933339.969493,14969,tx,1414.5,209.1,420.2,,,1,0,0,1
907679976661300,1790933340.125976,125,tx,1402.1,197.1,376.1,,,1,0,0,1
907680118221000,1790933340.267536,267,tx,3692.1,269.4,1196.6,,,1,0,0,1
907680286348000,1790933340.435666,435,tx,1263.0,169.6,272.8,,,1,0,0,1
907680430241800,1790933340.579561,579,tx,1294.0,204.7,506.5,,,1,0,0,1
907680573018900,1790933340.722340,722,tx,1409.5,283.7,506.4,,,1,0,0,1
907680715283600,1790933340.864606,864,tx,40558.1,187.6,483.2,,,1,0,0,1
907680857934700,1790933341.007259,1007,tx,1345.0,250.5,471.7,,,1,0,0,1
907680998178100,1790933341.147503,1147,tx,1447.4,205.2,548.7,,,1,0,0,1
907681156345700,1790933341.305672,1305,tx,1646.8,197.9,412.7,,,1,0,0,1
907681297915300,1790933341.447243,1447,tx,1964.5,351.1,654.9,,,1,0,0,1
907681440117900,1790933341.589448,1589,tx,1979.5,199.2,778.5,,,1,0,0,1
907681582442600,1790933341.731774,1731,tx,9450.7,219.7,464.9,,,1,0,0,1
907681724271500,1790933341.873604,1873,tx,57128.7,215.3,508.5,,,1,0,0,1
907681927994100,1790933342.077329,2077,tx,12533.1,311.4,701.9,,,1,0,0,1
907682069447600,1790933342.218784,2218,tx,1167.4,203.9,361.8,,,1,0,0,1
907682211531900,1790933342.360869,2360,tx,3471.3,259.2,957.2,,,1,0,0,1
907682353058100,1790933342.502396,2502,tx,17670.5,342.8,699.7,,,1,0,0,1
907682496292600,1790933342.645633,2645,tx,2233.6,227.6,574.4,,,1,0,0,1
907682634949100,1790933342.784291,2784,tx,1747.2,187.8,355.4,,,1,0,0,1
907682791519000,1790933342.940863,2940,tx,9187.0,209.6,402.5,,,1,0,0,1
907682936146100,1790933343.085491,3085,tx,1902.9,250.6,489.1,,,1,0,0,1
907683077349100,1790933343.226696,3226,tx,2675.8,239.9,589.4,,,1,0,0,1
907683218627000,1790933343.367975,3367,tx,1385.5,210.1,405.9,,,1,0,0,1
907683358932400,1790933343.508282,3508,tx,1350.0,195.0,393.3,,,1,0,0,1
907683501509500,1790933343.650861,3650,tx,1449.8,213.4,411.3,,,1,0,0,1
907683643576900,1790933343.792930,3792,tx,1258.0,179.1,455.8,,,1,0,0,1
907683784658900,1790933343.934012,3934,tx,1744.3,238.3,470.5,,,1,0,0,1
907683926928400,1790933344.076283,4076,tx,2609.5,244.6,1635.7,,,1,0,0,1
907684070479500,1790933344.219835,4219,tx,3633.0,288.7,899.3,,,1,0,0,1
907684212921700,1790933344.362280,4362,tx,75607.6,235.2,764.1,,,1,0,0,1
907684410996000,1790933344.560356,4560,tx,2263.7,209.0,627.6,,,1,0,0,1
907684560413200,1790933344.709775,4709,tx,1340.7,266.4,455.1,,,1,0,0,1
907684699009000,1790933344.848372,4848,tx,1936.0,208.6,452.0,,,1,0,0,1
907684844271000,1790933344.993636,4993,tx,1661.5,233.2,436.2,,,1,0,0,1
907684984887200,1790933345.134254,5134,tx,1270.8,224.9,414.3,,,1,0,0,1
907685127587100,1790933345.276955,5276,tx,1189.1,210.5,407.0,,,1,0,0,1
907685269266800,1790933345.418637,5418,tx,1640.3,249.8,535.5,,,1,0,0,1
907685411394500,1790933345.560765,5560,tx,10737.6,195.6,589.5,,,1,0,0,1
907685552920700,1790933345.702293,5702,tx,1486.9,148.7,558.5,,,1,0,0,1
907685695765100,1790933345.845112,5845,tx,2881.9,322.6,699.5,,,1,0,0,1
907685838217700,1790933345.987592,5987,tx,3024.2,272.3,657.9,,,1,0,0,1
907685995119100,1790933346.144496,6144,tx,1327.5,168.4,378.6,,,1,0,0,1
907686135900300,1790933346.285279,6285,tx,1514.1,212.1,406.9,,,1,0,0,1
907686289917100,1790933346.439297,6439,tx,1547.7,347.2,618.3,,,1,0,0,1
907686433445900,1790933346.582827,6582,tx,1477.8,193.9,419.6,,,1,0,0,1
907686575322700,1790933346.724706,6724,tx,1580.6,233.6,475.4,,,1,0,0,1
907686716449000,1790933346.865834,6865,tx,2389.1,248.6,555.2,,,1,0,0,1
907686856891900,1790933347.006278,7006,tx,1562.1,258.5,560.2,,,1,0,0,1
907686998783700,1790933347.148171,7148,tx,1201.3,242.2,448.4,,,1,0,0,1
907687140376200,1790933347.289765,7289,tx,3232.0,270.6,652.3,,,1,0,0,1
907687290069700,1790933347.439460,7439,tx,8629.9,344.7,574.6,,,1,0,0,1
907687435452900,1790933347.584845,7584,tx,2072.0,282.1,485.8,,,1,0,0,1
907687580488800,1790933347.729882,7729,tx,2329.9,269.3,636.7,,,1,0,0,1
907687736795600,1790933347.886191,7886,tx,45029.7,240.1,512.1,,,1,0,0,1
907687892975300,1790933348.042372,8042,tx,2334.8,264.4,645.5,,,1,0,0,1
907688034074200,1790933348.183473,8183,tx,7969.4,237.3,458.6,,,1,0,0,1
907688174273700,1790933348.323673,8323,tx,2149.2,230.2,705.7,,,1,0,0,1
907688315485400,1790933348.464886,8464,tx,1408.5,206.4,420.6,,,1,0,0,1
907688455563100,1790933348.604966,8604,tx,2010.4,209.2,480.4,,,1,0,0,1
907688598104400,1790933348.747509,8747,tx,11032.7,228.7,576.0,,,1,0,0,1
907688739163400,1790933348.888567,8888,tx,45746.2,209.1,427.3,,,1,0,0,1
907688895710700,1790933349.045118,9045,tx,1613.5,237.0,433.1,,,1,0,0,1
907689035993500,1790933349.185402,9185,tx,9257.8,157.6,492.1,,,1,0,0,1
907689175043700,1790933349.324453,9324,tx,2287.3,275.5,589.3,,,1,0,0,1
907689316642200,1790933349.466054,9466,tx,1351.7,159.0,354.8,,,1,0,0,1
907689459669200,1790933349.609082,9609,tx,2071.3,215.5,511.7,,,1,0,0,1
907689602367300,1790933349.751781,9751,tx,1419.7,227.1,469.6,,,1,0,0,1
907689745464400,1790933349.894881,9894,tx,32497.0,153.8,340.1,,,1,0,0,1
907689899053600,1790933350.048471,10048,tx,1962.9,265.3,702.8,,,1,0,0,1
907690043560600,1790933350.192980,10192,tx,1429.9,250.9,436.3,,,1,0,0,1
907690185213800,1790933350.334635,10334,tx,1295.9,258.1,415.4,,,1,0,0,1
907690326524500,1790933350.475947,10475,tx,1189.9,176.0,353.7,,,1,0,0,1
907690485166300,1790933350.634590,10634,tx,1054.7,175.4,341.9,,,1,0,0,1
907690627118700,1790933350.776544,10776,tx,1633.8,234.5,493.1,,,1,0,0,1
907690808813800,1790933350.958241,10958,tx,1214.8,228.9,428.8,,,1,0,0,1
907690957011000,1790933351.106440,11106,tx,1450.8,310.2,532.7,,,1,0,0,1
907691100067500,1790933351.249498,11249,tx,2190.5,190.3,427.7,,,1,0,0,1
907691239958700,1790933351.389391,11389,tx,24029.4,192.7,483.8,,,1,0,0,1
907691381095900,1790933351.530529,11530,tx,1293.1,213.7,427.4,,,1,0,0,1
907691525865500,1790933351.675300,11675,tx,2119.5,294.9,569.5,,,1,0,0,1
907691668904200,1790933351.818340,11818,tx,1633.2,181.7,361.4,,,1,0,0,1
907691809904400,1790933351.959342,11959,tx,1594.5,217.2,431.9,,,1,0,0,1
907691953954000,1790933352.103393,12103,tx,1701.8,257.6,472.3,,,1,0,0,1
907692096230400,1790933352.245670,12245,tx,11619.8,298.4,687.9,,,1,0,0,1
907692238812800,1790933352.388255,12388,tx,70882.9,265.2,560.4,,,1,0,0,1
907692432925600,1790933352.582369,12582,tx,16199.5,255.9,762.8,,,1,0,0,1
907692583080700,1790933352.732526,12732,tx,1308.8,239.9,414.4,,,1,0,0,1
907692723873200,1790933352.873319,12873,tx,3165.1,258.7,659.7,,,1,0,0,1
907692866252800,1790933353.015701,13015,tx,35375.0,273.7,934.5,,,1,0,0,1
907693019531000,1790933353.168981,13168,tx,2271.1,176.0,558.6,,,1,0,0,1
907693163966300,1790933353.313417,13313,tx,2694.9,289.6,632.7,,,1,0,0,1
907693307491600,1790933353.456945,13456,tx,6758.6,157.9,420.6,,,1,0,0,1
907693449125600,1790933353.598580,13598,tx,1267.0,256.0,495.5,,,1,0,0,1
907693591852800,1790933353.741309,13741,tx,1452.4,214.0,365.6,,,1,0,0,1
907693732807100,1790933353.882265,13882,tx,1569.5,199.9,427.5,,,1,0,0,1
907693872478600,1790933354.021938,14021,tx,1203.5,225.8,407.4,,,1,0,0,1
907694013070600,1790933354.162531,14162,tx,1449.1,171.6,384.7,,,1,0,0,1
907694155254600,1790933354.304716,14304,tx,2068.5,293.8,576.9,,,1,0,0,1
907694297848700,1790933354.447312,14447,tx,1346.2,176.4,345.4,,,1,0,0,1
907694438491900,1790933354.587956,14587,tx,1557.4,167.9,478.9,,,1,0,0,1
907694581032500,1790933354.730499,14730,tx,1267.7,220.2,516.7,,,1,0,0,1
907694724000500,1790933354.873468,14873,tx,9100.1,199.5,391.1,,,1,0,0,1
907694866359400,1790933355.015829,15,tx,1304.7,227.6,417.7,,,1,0,0,1
907695007852800,1790933355.157324,157,tx,2786.6,304.7,529.5,,,1,0,0,1
907695149896200,1790933355.299368,299,tx,1474.6,184.7,351.4,,,1,0,0,1
907695316904300,1790933355.466378,466,tx,1580.1,155.5,327.7,,,1,0,0,1
907695466419300,1790933355.615895,615,tx,2045.8,208.5,609.8,,,1,0,0,1
907695606603500,1790933355.756079,756,tx,8338.3,233.6,554.6,,,1,0,0,1
907695767678700,1790933355.917158,917,tx,7824.4,234.9,578.5,,,1,0,0,1
907695905418200,1790933356.054898,1054,tx,1278.1,143.9,379.9,,,1,0,0,1
907696047960200,1790933356.197442,1197,tx,1733.2,222.4,508.7,,,1,0,0,1
907696190354700,1790933356.339838,1339,tx,1670.0,246.2,495.5,,,1,0,0,1
907696332140000,1790933356.481625,1481,tx,1534.0,214.8,450.1,,,1,0,0,1
907696474877100,1790933356.624362,1624,tx,11702.3,239.5,756.2,,,1,0,0,1
907696617207500,1790933356.766695,1766,tx,1244.9,144.8,319.8,,,1,0,0,1
907696813091000,1790933356.962580,1962,tx,2231.6,213.1,467.0,,,1,0,0,1
907696962240200,1790933357.111718,2111,tx,1461.7,226.0,424.9,,,1,0,0,1
907697104966700,1790933357.254459,2254,tx,2057.6,259.8,530.9,,,1,0,0,1
907697246557600,1790933357.396051,2396,tx,25139.0,169.5,374.0,,,1,0,0,1
907697403325900,1790933357.552821,2552,tx,1846.5,260.5,594.1,,,1,0,0,1
907697543612100,1790933357.693108,2693,tx,3407.1,265.7,630.8,,,1,0,0,1
907697685100800,1790933357.834599,2834,tx,9844.8,327.4,687.2,,,1,0,0,1
907697824919700,1790933357.974420,2974,tx,2035.6,218.1,493.9,,,1,0,0,1
907697966864900,1790933358.116366,3116,tx,1666.3,259.7,600.3,,,1,0,0,1
907698110374100,1790933358.259874,3259,tx,10679.2,255.4,709.1,,,1,0,0,1
907698307693600,1790933358.457199,3457,tx,1596.0,242.8,482.1,,,1,0,0,1
907698456639300,1790933358.606146,3606,tx,1452.8,209.4,406.9,,,1,0,0,1
907698597980300,1790933358.747488,3747,tx,1337.5,210.5,415.6,,,1,0,0,1
907698740075500,1790933358.889585,3889,tx,27115.6,245.1,612.8,,,1,0,0,1
907698895328800,1790933359.044840,4044,tx,1137.2,151.1,283.1,,,1,0,0,1
907699039616500,1790933359.189129,4189,tx,1352.2,192.2,400.5,,,1,0,0,1
907699181602400,1790933359.331116,4331,tx,2101.4,205.2,679.5,,,1,0,0,1
907699325589600,1790933359.475106,4475,tx,7128.8,275.6,485.3,,,1,0,0,1
907699466865800,1790933359.616383,4616,tx,1290.4,220.7,439.2,,,1,0,0,1
907699609838400,1790933359.759357,4759,tx,1882.0,169.1,409.9,,,1,0,0,1
907699810192900,1790933359.959714,4959,tx,7487.8,189.6,372.1,,,1,0,0,1
907699956720900,1790933360.106243,5106,tx,5041.6,220.2,1000.9,,,1,0,0,1
907700099619600,1790933360.249143,5249,tx,1533.2,232.2,468.3,,,1,0,0,1
907700239650700,1790933360.389176,5389,tx,21355.0,274.2,432.2,,,1,0,0,1
907700379172700,1790933360.528697,5528,tx,2731.2,255.8,711.5,,,1,0,0,1
907700520112200,1790933360.669639,5669,tx,12403.3,202.1,796.7,,,1,0,0,1
907700661757100,1790933360.811287,5811,tx,1278.7,174.1,403.0,,,1,0,0,1
907700802483400,1790933360.952015,5952,tx,1539.9,228.2,416.6,,,1,0,0,1
907700942607700,1790933361.092140,6092,tx,2133.1,156.2,625.2,,,1,0,0,1
907701084508000,1790933361.234042,6234,tx,1571.0,237.9,423.9,,,1,0,0,1
907701228156100,1790933361.377692,6377,tx,1769.1,198.8,409.8,,,1,0,0,1
907701369483300,1790933361.519020,6519,tx,1406.4,206.5,439.6,,,1,0,0,1
907701511163600,1790933361.660702,6660,tx,7476.2,215.7,543.4,,,1,0,0,1
907701668199000,1790933361.817739,6817,tx,1604.5,198.8,462.9,,,1,0,0,1
907701809914600,1790933361.959456,6959,tx,1325.1,159.2,376.7,,,1,0,0,1
907701949222400,1790933362.098765,7098,tx,8667.1,162.7,440.9,,,1,0,0,1
907702091423800,1790933362.240968,7240,tx,1205.5,223.9,410.5,,,1,0,0,1
907702234006600,1790933362.383553,7383,tx,49508.7,251.0,458.0,,,1,0,0,1
907702393561000,1790933362.543109,7543,tx,1524.7,220.7,541.0,,,1,0,0,1
907702535068700,1790933362.684618,7684,tx,1498.8,185.7,412.2,,,1,0,0,1
907702676658600,1790933362.826209,7826,tx,1839.6,242.2,495.7,,,1,0,0,1
907702833995100,1790933362.983547,7983,tx,1973.2,242.6,627.0,,,1,0,0,1
907702974897200,1790933363.124451,8124,tx,1579.6,237.0,442.0,,,1,0,0,1
907703115319700,1790933363.264873,8264,tx,4820.6,303.4,918.6,,,1,0,0,1
907703268700700,1790933363.418257,8418,tx,1256.4,235.2,428.5,,,1,0,0,1
907703413655500,1790933363.563214,8563,tx,1158.6,164.0,372.6,,,1,0,0,1
907703555286100,1790933363.704845,8704,tx,2084.5,261.3,613.2,,,1,0,0,1
907703696755600,1790933363.846317,8846,tx,3705.5,215.8,455.7,,,1,0,0,1
907703837843500,1790933363.987406,8987,tx,1162.5,200.7,380.3,,,1,0,0,1
907703977702900,1790933364.127267,9127,tx,1434.9,189.2,413.2,,,1,0,0,1
907704120339000,1790933364.269904,9269,tx,3125.4,309.3,753.0,,,1,0,0,1
907704308027000,1790933364.457595,9457,tx,1392.6,200.2,439.5,,,1,0,0,1
907704451906500,1790933364.601475,9601,tx,1183.7,212.6,391.5,,,1,0,0,1
907704608793700,1790933364.758364,9758,tx,1192.2,185.7,391.3,,,1,0,0,1
907704751480000,1790933364.901052,9901,tx,25866.2,253.9,556.2,,,1,0,0,1
907704906082400,1790933365.055656,10055,tx,13103.4,262.0,531.7,,,1,0,0,1
907705051154100,1790933365.200729,10200,tx,1283.2,190.3,403.4,,,1,0,0,1
907705192012200,1790933365.341588,10341,tx,3690.9,317.5,837.7,,,1,0,0,1
907705334569600,1790933365.484148,10484,tx,9207.7,202.3,394.5,,,1,0,0,1
907705476260000,1790933365.625840,10625,tx,1594.6,197.0,456.2,,,1,0,0,1
907705617938400,1790933365.767519,10767,tx,1882.8,303.3,576.6,,,1,0,0,1
907705814058700,1790933365.963642,10963,tx,1716.7,235.1,445.9,,,1,0,0,1
907705963891600,1790933366.113476,11113,tx,1224.3,203.0,388.7,,,1,0,0,1
907706106133500,1790933366.255720,11255,tx,9415.7,253.0,449.7,,,1,0,0,1
907706263560800,1790933366.413149,11413,tx,8583.3,175.4,364.8,,,1,0,0,1
907706421356300,1790933366.570945,11570,tx,11379.5,222.6,518.6,,,1,0,0,1
907706563113300,1790933366.712704,11712,tx,1668.3,181.4,610.6,,,1,0,0,1
907706704024000,1790933366.853616,11853,tx,1798.7,272.0,585.4,,,1,0,0,1
907706844156200,1790933366.993750,11993,tx,1653.9,196.0,405.0,,,1,0,0,1
907706986725700,1790933367.136321,12136,tx,2416.8,305.6,659.6,,,1,0,0,1
907707128497800,1790933367.278094,12278,tx,2437.8,287.9,660.1,,,1,0,0,1
907707310649000,1790933367.460248,12460,tx,1335.1,243.0,393.0,,,1,0,0,1
907707458293800,1790933367.607894,12607,tx,1393.1,176.5,393.8,,,1,0,0,1
907707598857700,1790933367.748459,12748,tx,1751.1,286.8,563.1,,,1,0,0,1
907707739761000,1790933367.889364,12889,tx,27601.9,301.6,709.8,,,1,0,0,1
907707880853400,1790933368.030458,13030,tx,2220.3,251.7,653.0,,,1,0,0,1
907708023729400,1790933368.173336,13173,tx,1753.5,285.0,537.8,,,1,0,0,1
907708167372100,1790933368.316980,13316,tx,2533.9,268.9,599.9,,,1,0,0,1
907708307464500,1790933368.457074,13457,tx,1353.6,214.5,443.0,,,1,0,0,1
907708447917000,1790933368.597528,13597,tx,1524.4,201.7,416.9,,,1,0,0,1
907708589849800,1790933368.739462,13739,tx,1397.7,184.0,410.8,,,1,0,0,1
907708731936000,1790933368.881549,13881,tx,77948.4,206.3,917.6,,,1,0,0,1
907708925215200,1790933369.074831,14074,tx,1752.7,199.4,579.7,,,1,0,0,1
907709075164600,1790933369.224781,14224,tx,1725.9,142.7,384.2,,,1,0,0,1
907709215464900,1790933369.365083,14365,tx,1644.8,224.7,471.8,,,1,0,0,1
907709356133200,1790933369.505753,14505,tx,1525.8,152.2,384.7,,,1,0,0,1
907709497236400,1790933369.646858,14646,tx,10586.1,247.2,439.9,,102665.2,1,0,0,1
907709637572100,1790933369.787195,14787,idle,1219.0,167.8,410.3,,,0,0,0,0
907709790198100,1790933369.939823,14939,idle,2676.0,223.4,446.5,,,0,0,0,0
907709968128800,1790933370.117755,117,idle,11346.4,,,,,0,0,0,0
907710110533300,1790933370.260160,260,idle,3693.6,,,,,0,0,0,0
907710270603000,1790933370.420233,420,tx,159358.9,,,,,1,0,0,1
907710525198000,1790933370.674830,674,tx,1487.3,231.5,404.4,,,1,0,0,1
907710676498400,1790933370.826133,826,tx,1681.0,192.9,452.4,,,1,0,0,1
907710818013900,1790933370.967649,967,tx,1389.1,265.0,449.8,,,1,0,0,1
907710959948700,1790933371.109586,1109,tx,2053.5,256.1,886.6,,,1,0,0,1
907711100577500,1790933371.250216,1250,tx,1392.5,146.5,413.9,,,1,0,0,1
907711241311500,1790933371.390951,1390,tx,27254.5,248.5,465.3,,,1,0,0,1
907711383726300,1790933371.533367,1533,tx,1855.8,257.5,521.4,,,1,0,0,1
907711521935100,1790933371.671578,1671,tx,1246.0,232.9,418.0,,,1,0,0,1
907711664554800,1790933371.814199,1814,tx,1317.7,252.1,432.6,,,1,0,0,1
907711808643400,1790933371.958289,1958,tx,7514.1,182.1,379.6,,,1,0,0,1
907711947450600,1790933372.097097,2097,tx,1313.5,224.6,495.6,,,1,0,0,1
907712088194500,1790933372.237843,2237,tx,1568.8,200.0,394.6,,,1,0,0,1
907712230317100,1790933372.379967,2379,tx,63877.8,207.8,491.1,,,1,0,0,1
907712397782100,1790933372.547433,2547,tx,2151.7,270.3,620.9,,,1,0,0,1
907712539823700,1790933372.689475,2689,tx,3674.4,212.6,575.1,,,1,0,0,1
907712681344700,1790933372.830999,2830,tx,1687.4,180.6,380.6,,,1,0,0,1
907712823117000,1790933372.972773,2972,tx,1955.2,180.6,740.2,,,1,0,0,1
907712964787900,1790933373.114446,3114,tx,1351.4,222.6,431.4,,,1,0,0,1
907713108676700,1790933373.258336,3258,tx,2740.4,192.3,357.8,,,1,0,0,1
907713300502500,1790933373.450164,3450,tx,7510.9,231.4,523.8,,,1,0,0,1
907713455481900,1790933373.605145,3605,tx,1383.0,146.9,320.6,,,1,0,0,1
907713596535900,1790933373.746200,3746,tx,6420.0,262.3,1057.2,,,1,0,0,1
907713738534600,1790933373.888200,3888,tx,61412.5,217.9,484.2,,,1,0,0,1
907713928951700,1790933374.078619,4078,tx,2097.3,263.3,505.2,,,1,0,0,1
907714067551700,1790933374.217220,4217,tx,2091.2,245.0,536.5,,,1,0,0,1
907714207422800,1790933374.357093,4357,tx,1305.6,209.7,392.4,,,1,0,0,1
907714348231800,1790933374.497904,4497,tx,2318.3,196.9,435.0,,,1,0,0,1
907714490018200,1790933374.639692,4639,tx,1685.3,216.9,450.2,,,1,0,0,1
907714632053100,1790933374.781728,4781,tx,17229.7,280.3,572.5,,,1,0,0,1
907714806389000,1790933374.956066,4956,tx,7164.2,176.1,332.9,,,1,0,0,1
907714958656900,1790933375.108335,5108,tx,16792.5,248.5,638.3,,,1,0,0,1
907715118549200,1790933375.268229,5268,tx,2381.4,211.5,467.4,,,1,0,0,1
907715304821100,1790933375.454503,5454,tx,7549.0,197.4,369.7,,,1,0,0,1
907715449560300,1790933375.599244,5599,tx,1484.9,246.2,493.4,,,1,0,0,1
907715592629600,1790933375.742313,5742,tx,3098.9,364.8,776.8,,,1,0,0,1
907715736347700,1790933375.886034,5886,tx,27051.9,156.5,329.7,,,1,0,0,1
907715890235600,1790933376.039923,6039,tx,2957.9,244.4,571.4,,,1,0,0,1
907716029674200,1790933376.179363,6179,tx,1226.1,201.4,362.0,,,1,0,0,1
907716170433400,1790933376.320124,6320,tx,10716.9,219.5,534.8,,,1,0,0,1
907716313472500,1790933376.463165,6463,tx,1445.1,208.4,430.7,,,1,0,0,1
907716456272000,1790933376.605966,6605,tx,3224.3,248.0,854.6,,,1,0,0,1
907716598804600,1790933376.748497,6748,tx,10143.3,267.9,667.8,,,1,0,0,1
907716741442700,1790933376.891139,6891,tx,60541.0,187.6,361.6,,,1,0,0,1
907716934563700,1790933377.084263,7084,tx,9694.2,197.8,381.1,,,1,0,0,1
907717073675300,1790933377.223375,7223,tx,1224.7,232.5,437.0,,,1,0,0,1
907717214911600,1790933377.364613,7364,tx,1150.4,214.7,396.3,,,1,0,0,1
907717356062400,1790933377.505766,7505,tx,1474.0,251.7,472.3,,,1,0,0,1
907717493480000,1790933377.643185,7643,tx,1744.3,188.5,472.5,,,1,0,0,1
907717640280700,1790933377.789987,7789,tx,1597.7,223.0,489.7,,,1,0,0,1
907717796858400,1790933377.946566,7946,tx,3366.1,165.5,353.0,,,1,0,0,1
907717939117300,1790933378.088826,8088,tx,1530.6,174.8,397.1,,,1,0,0,1
907718080953800,1790933378.230664,8230,tx,1668.9,239.0,506.4,,,1,0,0,1
907718221656600,1790933378.371368,8371,tx,3253.4,296.4,804.1,,,1,0,0,1
907718361555900,1790933378.511270,8511,tx,1628.0,238.4,589.0,,,1,0,0,1
907718503806600,1790933378.653522,8653,tx,1761.4,241.5,508.3,,,1,0,0,1
907718645144100,1790933378.794860,8794,tx,1648.9,230.5,478.5,,,1,0,0,1
907718787745000,1790933378.937463,8937,tx,8310.3,212.6,426.5,,,1,0,0,1
907718925525000,1790933379.075244,9075,tx,2003.5,293.8,765.7,,,1,0,0,1
907719069668200,1790933379.219389,9219,tx,1208.8,213.1,433.2,,,1,0,0,1
907719211468300,1790933379.361190,9361,tx,2062.3,180.7,767.8,,,1,0,0,1
907719353078100,1790933379.502802,9502,tx,1329.0,250.5,446.8,,,1,0,0,1
907719493907200,1790933379.643633,9643,tx,1756.1,279.6,533.9,,,1,0,0,1
907719635030000,1790933379.784757,9784,tx,1823.3,261.8,541.1,,,1,0,0,1
907719799523800,1790933379.949253,9949,tx,1356.7,204.0,442.5,,,1,0,0,1
907719948560300,1790933380.098291,10098,tx,1852.5,245.5,469.6,,,1,0,0,1
907720090697300,1790933380.240429,10240,tx,1943.5,278.8,724.5,,,1,0,0,1
907720233758000,1790933380.383491,10383,tx,1775.3,196.5,452.0,,,1,0,0,1
907720389278300,1790933380.539013,10539,tx,2187.6,257.4,571.7,,,1,0,0,1
907720533848100,1790933380.683584,10683,tx,8373.3,264.3,479.0,,,1,0,0,1
907720676325600,1790933380.826064,10826,tx,1392.1,167.6,454.1,,,1,0,0,1
907720816340300,1790933380.966079,10966,tx,1401.9,196.6,429.6,,,1,0,0,1
907720956186900,1790933381.105927,11105,tx,6831.9,269.3,729.5,,,1,0,0,1
907721099167300,1790933381.248909,11248,tx,1460.8,234.7,533.8,,,1,0,0,1
907721241969100,1790933381.391712,11391,tx,59953.5,203.6,385.3,,,1,0,0,1
907721402099800,1790933381.551845,11551,tx,2673.7,253.1,742.6,,,1,0,0,1
907721542184400,1790933381.691930,11691,tx,1559.4,228.0,464.0,,,1,0,0,1
907721686129500,1790933381.835878,11835,tx,1889.0,252.1,552.8,,,1,0,0,1
907721826390500,1790933381.976140,11976,tx,1988.2,291.7,550.7,,,1,0,0,1
907721966942100,1790933382.116693,12116,tx,6119.8,204.9,567.6,,,1,0,0,1
907722106736000,1790933382.256489,12256,tx,1293.7,252.5,461.5,,,1,0,0,1
907722298292100,1790933382.448047,12448,tx,1699.7,243.5,485.1,,,1,0,0,1
907722449994500,1790933382.599751,12599,tx,1635.1,270.6,494.7,,,1,0,0,1
907722592957300,1790933382.742715,12742,tx,1410.2,148.9,339.2,,,1,0,0,1
907722733863300,1790933382.883622,12883,tx,1845.1,211.0,623.7,,,1,0,0,1
907722875050200,1790933383.024811,13024,tx,1353.1,314.9,505.3,,,1,0,0,1
907723018808300,1790933383.168571,13168,tx,1783.9,241.9,449.6,,,1,0,0,1
907723161241000,1790933383.311004,13311,tx,18496.9,204.3,565.7,,,1,0,0,1
907723302937000,1790933383.452702,13452,tx,1482.7,169.3,271.4,,,1,0,0,1
907723444585800,1790933383.594352,13594,tx,1453.9,203.7,382.2,,,1,0,0,1
907723586222800,1790933383.735990,13735,tx,3230.6,261.1,708.5,,,1,0,0,1
907723740579500,1790933383.890349,13890,tx,65253.3,263.9,448.8,,,1,0,0,1
907723938118400,1790933384.087890,14087,tx,10325.6,239.5,404.4,,,1,0,0,1
907724089910400,1790933384.239684,14239,tx,1548.5,312.3,503.3,,,1,0,0,1
907724231059200,1790933384.380833,14380,tx,3153.9,312.8,731.4,,,1,0,0,1
907724372360400,1790933384.522137,14522,tx,2169.5,218.7,476.2,,,1,0,0,1
907724513979100,1790933384.663757,14663,tx,1293.9,250.7,463.0,,,1,0,0,1
907724655761700,1790933384.805541,14805,tx,1883.3,270.7,542.8,,,1,0,0,1
907724797575100,1790933384.947356,14947,tx,10367.5,193.5,405.5,,,1,0,0,1
907724939216900,1790933385.088999,88,tx,1703.3,195.7,458.7,,,1,0,0,1
907725081166300,1790933385.230950,230,tx,2400.2,225.5,469.7,,,1,0,0,1
907725224784800,1790933385.374569,374,tx,2798.0,321.1,782.3,,,1,0,0,1
907725364015600,1790933385.513802,513,tx,1632.8,205.6,429.0,,,1,0,0,1
907725506621600,1790933385.656410,656,tx,1243.9,230.2,446.9,,,1,0,0,1
907725647423500,1790933385.797213,797,tx,1114.1,157.0,345.9,,,1,0,0,1
907725799384500,1790933385.949176,949,tx,1382.2,237.7,413.0,,,1,0,0,1
907725946067300,1790933386.095860,1095,tx,1500.1,313.6,486.3,,,1,0,0,1
907726087485800,1790933386.237279,1237,tx,2936.9,296.5,1039.7,,,1,0,0,1
907726230237000,1790933386.380032,1380,tx,35868.4,273.1,683.0,,,1,0,0,1
907726387018700,1790933386.536816,1536,tx,1632.6,248.9,503.8,,,1,0,0,1
907726529709100,1790933386.679507,1679,tx,1640.5,237.0,501.8,,,1,0,0,1
907726672323200,1790933386.822123,1822,tx,10902.1,217.4,496.5,,,1,0,0,1
907726813699200,1790933386.963500,1963,tx,1705.2,211.0,759.9,,,1,0,0,1
907726954188100,1790933387.103991,2103,tx,2086.9,241.4,554.6,,,1,0,0,1
907727095775400,1790933387.245578,2245,tx,11621.6,253.8,709.2,,,1,0,0,1
907727238886000,1790933387.388680,2388,tx,60758.4,225.3,501.6,,,1,0,0,1
907727432140500,1790933387.581948,2581,tx,9886.3,380.5,899.9,,,1,0,0,1
907727581542300,1790933387.731352,2731,tx,1570.2,220.9,490.6,,,1,0,0,1
907727723589700,1790933387.873400,2873,tx,3933.1,344.4,739.3,,,1,0,0,1
907727866849400,1790933388.016661,3016,tx,17920.7,231.9,739.9,,,1,0,0,1
907728009792800,1790933388.159606,3159,tx,1351.5,164.0,347.9,,,1,0,0,1
907728151415700,1790933388.301231,3301,tx,2660.2,255.9,603.7,,,1,0,0,1
907728299959700,1790933388.449777,3449,tx,7912.0,231.8,569.8,,,1,0,0,1
907728451229700,1790933388.601048,3601,tx,1467.4,212.4,362.2,,,1,0,0,1
907728592978300,1790933388.742799,3742,tx,1318.6,232.4,421.6,,,1,0,0,1
907728734943400,1790933388.884765,3884,tx,58210.4,213.5,547.4,,,1,0,0,1
907728910227500,1790933389.060051,4060,tx,3187.4,262.6,800.7,,,1,0,0,1
907729050912900,1790933389.200738,4200,tx,1177.8,207.4,384.3,,,1,0,0,1
907729191807500,1790933389.341634,4341,tx,2757.5,348.8,569.2,,,1,0,0,1
907729333503600,1790933389.483331,4483,tx,1906.3,249.6,558.5,,,1,0,0,1
907729475520400,1790933389.625349,4625,tx,3093.5,292.2,693.5,,,1,0,0,1
907729615839600,1790933389.765670,4765,tx,11360.6,290.9,650.0,,,1,0,0,1
907729756794400,1790933389.906626,4906,tx,42514.8,158.7,347.1,,,1,0,0,1
907729915284800,1790933390.065118,5065,tx,2691.8,274.8,897.4,,,1,0,0,1
907730052970200,1790933390.202806,5202,tx,8429.6,195.4,510.8,,,1,0,0,1
907730195890600,1790933390.345727,5345,tx,1203.3,201.9,395.4,,,1,0,0,1
907730336107900,1790933390.485946,5485,tx,1868.3,226.2,722.5,,,1,0,0,1
907730476763400,1790933390.626603,5626,tx,1669.2,258.5,730.9,,,1,0,0,1
907730617328000,1790933390.767169,5767,tx,1564.9,207.6,536.7,,,1,0,0,1
907730761322200,1790933390.911165,5911,tx,62692.4,238.7,479.0,,,1,0,0,1
907730940669100,1790933391.090514,6090,tx,1665.2,234.5,615.9,,,1,0,0,1
907731093306700,1790933391.243153,6243,tx,1193.0,183.1,387.4,,,1,0,0,1
907731236028200,1790933391.385876,6385,tx,1915.7,202.5,410.2,,,1,0,0,1
907731377181600,1790933391.527030,6527,tx,6733.6,324.6,974.5,,,1,0,0,1
907731516529700,1790933391.666380,6666,tx,1942.2,193.0,443.0,,,1,0,0,1
907731660376600,1790933391.810229,6810,tx,4597.6,240.5,1441.8,,,1,0,0,1
907731852753700,1790933392.002608,7002,tx,1939.1,276.3,483.3,,,1,0,0,1
907731989784500,1790933392.139640,7139,tx,1562.8,153.4,677.0,,,1,0,0,1
907732131285700,1790933392.281142,7281,tx,11889.9,234.4,950.3,,,1,0,0,1
907732277300400,1790933392.427159,7427,tx,1307.7,221.4,412.5,,,1,0,0,1
907732428319600,1790933392.578179,7578,tx,5198.4,233.6,1053.9,,,1,0,0,1
907732571442700,1790933392.721304,7721,tx,10236.4,173.8,394.1,,,1,0,0,1
907732714181200,1790933392.864007,7864,tx,2052.0,223.5,541.9,,,1,0,0,1
907732856887700,1790933393.006752,8006,tx,1691.0,211.2,493.0,,,1,0,0,1
907732999149600,1790933393.149015,8149,tx,2208.9,248.2,544.9,,,1,0,0,1
907733141020700,1790933393.290888,8290,tx,1756.7,212.2,456.0,,,1,0,0,1
907733350937600,1790933393.500808,8500,tx,1486.4,203.4,393.3,,,1,0,0,1
907733488247600,1790933393.638119,8638,tx,1279.7,220.3,435.2,,,1,0,0,1
907733631773700,1790933393.781646,8781,tx,2657.7,356.8,698.6,,,1,0,0,1
907733781017700,1790933393.930892,8930,tx,1411.1,322.2,478.6,,,1,0,0,1
907733932518200,1790933394.082394,9082,tx,2321.6,282.9,512.4,,,1,0,0,1
907734074317300,1790933394.224194,9224,tx,2150.6,239.9,577.6,,,1,0,0,1
907734215709800,1790933394.365588,9365,tx,1334.7,179.4,368.0,,,1,0,0,1
907734355100500,1790933394.504981,9504,tx,1543.9,182.6,482.5,,,1,0,0,1
907734497210000,1790933394.647091,9647,tx,3096.9,343.5,769.7,,,1,0,0,1
907734639511900,1790933394.789395,9789,tx,1642.3,173.5,501.3,,,1,0,0,1
907734870722800,1790933395.020608,10020,tx,7624.0,164.6,326.8,,,1,0,0,1
907735017832600,1790933395.167719,10167,tx,1352.2,176.6,345.1,,,1,0,0,1
907735162376200,1790933395.312264,10312,tx,3852.1,194.5,983.9,,,1,0,0,1
907735306453700,1790933395.456344,10456,tx,8715.0,203.5,431.3,,,1,0,0,1
907735448079800,1790933395.597971,10597,tx,2102.9,213.1,579.4,,,1,0,0,1
907735590400200,1790933395.740293,10740,tx,1497.9,198.1,392.2,,,1,0,0,1
907735730633800,1790933395.880515,10880,tx,1209.5,197.8,400.7,,,1,0,0,1
907735887256400,1790933396.037152,11037,tx,1444.6,193.4,386.7,,,1,0,0,1
907736029307200,1790933396.179205,11179,tx,1607.9,181.8,458.5,,,1,0,0,1
907736171077400,1790933396.320976,11320,tx,1357.2,193.8,403.1,,,1,0,0,1
907736348143000,1790933396.498044,11498,tx,1729.0,148.0,338.9,,,1,0,0,1
907736485750900,1790933396.635653,11635,tx,3073.9,254.5,650.3,,,1,0,0,1
907736626636800,1790933396.776540,11776,tx,6620.1,272.7,1052.5,,,1,0,0,1
907736776036600,1790933396.925942,11925,tx,1130.1,158.7,276.7,,,1,0,0,1
907736924109800,1790933397.074017,12074,tx,1758.7,179.6,442.0,,,1,0,0,1
907737066066700,1790933397.215974,12215,tx,3773.7,188.8,695.6,,,1,0,0,1
907737207525800,1790933397.357435,12357,tx,2480.5,235.2,593.6,,,1,0,0,1
907737348222400,1790933397.498133,12498,tx,3205.4,173.8,603.5,,,1,0,0,1
907737489113900,1790933397.639026,12639,tx,10070.9,204.9,498.9,,,1,0,0,1
907737629501700,1790933397.779416,12779,tx,1739.0,267.0,495.8,,,1,0,0,1
907737854806400,1790933398.004723,13004,tx,1762.5,215.6,420.1,,,1,0,0,1
907737995923100,1790933398.145841,13145,tx,1394.4,204.8,389.9,,,1,0,0,1
907738136148400,1790933398.286067,13286,tx,1498.1,233.8,470.3,,,1,0,0,1
907738277203400,1790933398.427124,13427,tx,1674.1,137.1,311.0,,,1,0,0,1
907738423049700,1790933398.572972,13572,tx,1147.4,184.7,377.5,,,1,0,0,1
907738565293000,1790933398.715216,13715,tx,2615.2,279.8,947.9,,,1,0,0,1
907738708143400,1790933398.858069,13858,tx,1303.6,168.1,350.6,,,1,0,0,1
907738848288800,1790933398.998215,13998,tx,1206.6,241.8,456.6,,,1,0,0,1
907738991419800,1790933399.141348,14141,tx,1145.7,184.5,372.4,,,1,0,0,1
907739132546200,1790933399.282476,14282,tx,9086.6,190.6,582.4,,,1,0,0,1
907739356660700,1790933399.506593,14506,tx,5394.4,167.3,340.5,,,1,0,0,1
907739507133000,1790933399.657067,14657,tx,2609.1,273.4,612.6,,,1,0,0,1
907739648660800,1790933399.798596,14798,tx,1420.0,135.8,405.2,,,1,0,0,1
907739805875600,1790933399.955812,14955,tx,1222.0,246.7,442.6,,,1,0,0,1
907739947561400,1790933400.097500,97,tx,1491.2,196.4,477.9,,,1,0,0,1
907740088627100,1790933400.238567,238,tx,1237.5,234.0,433.5,,,1,0,0,1
907740229972300,1790933400.379914,379,tx,1327.3,272.4,458.0,,,1,0,0,1
907740372569900,1790933400.522512,522,tx,1944.8,226.8,628.8,,,1,0,0,1
907740509574300,1790933400.659518,659,tx,1021.1,227.4,395.6,,,1,0,0,1
907740657428900,1790933400.807374,807,tx,8589.5,209.7,496.9,,,1,0,0,1
907740849393400,1790933400.999341,999,tx,1407.3,234.4,381.2,,,1,0,0,1
907741001712800,1790933401.151662,1151,tx,7548.8,289.1,706.5,,,1,0,0,1
907741143494500,1790933401.293445,1293,tx,1436.5,193.9,561.7,,,1,0,0,1
907741302227700,1790933401.452180,1452,tx,1313.5,159.9,354.6,,,1,0,0,1
907741443615700,1790933401.593570,1593,tx,1312.5,226.7,409.3,,,1,0,0,1
907741587912300,1790933401.737868,1737,tx,1621.7,312.2,866.2,,,1,0,0,1
907741730108500,1790933401.880065,1880,tx,2599.7,288.2,630.4,,,1,0,0,1
907741873078500,1790933402.023036,2023,tx,18178.5,275.6,663.6,,,1,0,0,1
907742013611300,1790933402.163571,2163,tx,1543.8,169.3,463.6,,,1,0,0,1
907742155452400,1790933402.305413,2305,tx,2077.5,292.2,592.7,,,1,0,0,1
907742347790200,1790933402.497754,2497,tx,1246.2,192.8,375.7,,,1,0,0,1
907742487757300,1790933402.637721,2637,tx,2862.7,339.9,687.5,,,1,0,0,1
907742628643900,1790933402.778610,2778,tx,8015.5,211.3,504.1,,,1,0,0,1
907742779064700,1790933402.929033,2929,tx,1400.0,274.5,398.9,,,1,0,0,1
907742925043600,1790933403.075012,3075,tx,1674.0,206.4,444.5,,,1,0,0,1
907743067095700,1790933403.217066,3217,tx,11001.6,210.6,502.5,,,1,0,0,1
907743208923700,1790933403.358896,3358,tx,1495.4,231.1,420.9,,,1,0,0,1
907743350660400,1790933403.500634,3500,tx,1577.9,170.1,599.7,,,1,0,0,1
907743493996700,1790933403.643971,3643,tx,3545.7,290.4,713.5,,,1,0,0,1
907743636470400,1790933403.786447,3786,tx,1511.0,224.5,451.6,,,1,0,0,1
907743853938200,1790933404.003917,4003,tx,1392.7,276.7,445.0,,,1,0,0,1
907743995567700,1790933404.145548,4145,tx,1540.2,242.5,430.4,,,1,0,0,1
907744137285200,1790933404.287267,4287,tx,1499.3,242.8,460.4,,,1,0,0,1
907744278977000,1790933404.428960,4428,tx,1580.3,238.5,393.8,,,1,0,0,1
907744420396300,1790933404.570381,4570,tx,1415.3,217.6,467.8,,,1,0,0,1
907744563415900,1790933404.713402,4713,tx,1770.3,132.7,453.4,,,1,0,0,1
907744705648700,1790933404.855637,4855,tx,5808.3,208.3,514.9,,,1,0,0,1
907744845636800,1790933404.995626,4995,tx,1633.8,201.8,471.3,,,1,0,0,1
907744988575200,1790933405.138565,5138,tx,1370.2,288.7,534.4,,,1,0,0,1
907745131013800,1790933405.281005,5281,tx,3582.1,302.8,815.2,,,1,0,0,1
907745355250300,1790933405.505245,5505,tx,1442.4,191.5,340.5,,,1,0,0,1
907745506363800,1790933405.656360,5656,tx,1547.2,222.2,445.6,,,1,0,0,1
907745645744900,1790933405.795742,5795,tx,1835.5,241.0,526.9,,,1,0,0,1
907745803170300,1790933405.953169,5953,tx,11730.5,203.3,409.4,,,1,0,0,1
907745944588900,1790933406.094589,6094,tx,1638.0,238.2,516.6,,,1,0,0,1
907746086560800,1790933406.236562,6236,tx,1751.2,201.0,459.7,,,1,0,0,1
907746227560800,1790933406.377564,6377,tx,1128.5,169.9,337.2,,,1,0,0,1
907746367605900,1790933406.517611,6517,tx,1330.1,228.8,460.5,,,1,0,0,1
907746508389900,1790933406.658396,6658,tx,1186.9,205.9,350.5,,,1,0,0,1
907746651438000,1790933406.801446,6801,tx,2065.3,279.5,732.0,,,1,0,0,1
907746848548700,1790933406.998559,6998,tx,1408.3,238.9,394.1,,,1,0,0,1
907746998597700,1790933407.148609,7148,tx,2294.6,213.0,504.5,,,1,0,0,1
907747157323600,1790933407.307337,7307,tx,1387.9,238.8,412.9,,,1,0,0,1
907747298308700,1790933407.448323,7448,tx,1297.7,189.3,377.6,,,1,0,0,1
907747441211400,1790933407.591227,7591,tx,8931.4,223.1,491.3,,,1,0,0,1
907747584398400,1790933407.734416,7734,tx,1545.3,235.1,511.0,,,1,0,0,1
907747725534500,1790933407.875554,7875,tx,1156.6,220.8,376.1,,,1,0,0,1
907747865608000,1790933408.015628,8015,tx,2143.4,250.6,663.0,,,1,0,0,1
907748007884100,1790933408.157906,8157,tx,1763.4,289.2,522.7,,,1,0,0,1
907748150946000,1790933408.300969,8300,tx,1384.9,288.3,509.3,,,1,0,0,1
907748352920400,1790933408.502946,8502,tx,1417.5,147.5,364.9,,,1,0,0,1
907748492554100,1790933408.642581,8642,tx,1502.7,202.1,435.9,,,1,0,0,1
907748634911100,1790933408.784939,8784,tx,2632.0,187.7,767.0,,,1,0,0,1
907748776658700,1790933408.926689,8926,tx,1447.9,271.9,464.3,,,1,0,0,1
907748918909800,1790933409.068941,9068,tx,1830.0,183.8,412.1,,,1,0,0,1
907749059813700,1790933409.209845,9209,tx,2273.1,289.0,609.2,,,1,0,0,1
907749202584300,1790933409.352619,9352,tx,11200.9,259.2,445.9,,,1,0,0,1
907749341199300,1790933409.491235,9491,tx,1276.1,181.5,376.0,,,1,0,0,1
907749480791100,1790933409.630828,9630,tx,1765.5,265.5,522.2,,,1,0,0,1
907749622648100,1790933409.772686,9772,tx,3183.6,244.9,848.1,,,1,0,0,1
907749763326000,1790933409.913367,9913,tx,87811.7,211.8,442.3,,,1,0,0,1
907749951751700,1790933410.101794,10101,tx,2177.7,180.1,524.0,,,1,0,0,1
907750107718000,1790933410.257762,10257,tx,1587.5,156.9,447.2,,,1,0,0,1
907750250454500,1790933410.400500,10400,tx,27930.8,239.3,540.8,,,1,0,0,1
907750391308700,1790933410.541355,10541,tx,24737.0,301.7,1050.6,,,1,0,0,1
907750532472600,1790933410.682521,10682,tx,1818.1,282.5,482.9,,,1,0,0,1
907750672205900,1790933410.822256,10822,tx,1635.5,252.6,490.1,,,1,0,0,1
907750813789300,1790933410.963840,10963,tx,2478.2,148.6,341.7,,,1,0,0,1
907750956869400,1790933411.106921,11106,tx,16798.9,161.9,392.2,,,1,0,0,1
907751098232300,1790933411.248286,11248,tx,1747.4,236.5,533.6,,,1,0,0,1
907751239688500,1790933411.389744,11389,tx,1427.9,178.0,365.5,,,1,0,0,1
907751380924000,1790933411.530981,11530,tx,2173.9,280.7,731.1,,,1,0,0,1
907751521538400,1790933411.671597,11671,tx,1530.4,235.4,427.0,,,1,0,0,1
907751662072300,1790933411.812132,11812,tx,2078.0,286.4,618.0,,,1,0,0,1
907751817407000,1790933411.967469,11967,tx,1447.2,271.7,581.7,,,1,0,0,1
907751958894000,1790933412.108957,12108,tx,2569.9,289.9,579.5,,,1,0,0,1
907752104747500,1790933412.254812,12254,tx,1056.0,220.7,405.2,,,1,0,0,1
907752247261000,1790933412.397327,12397,tx,1721.4,202.1,466.5,,,1,0,0,1
907752388995600,1790933412.539063,12539,tx,6699.3,220.7,380.9,,,1,0,0,1
907752531015900,1790933412.681085,12681,tx,1616.5,231.9,399.4,,,1,0,0,1
907752672877500,1790933412.822947,12822,tx,3431.3,331.5,740.7,,,1,0,0,1
907752864196100,1790933413.014269,13014,tx,1311.8,118.7,246.9,,,1,0,0,1
907753001475600,1790933413.151550,13151,tx,1658.8,207.2,379.1,,,1,0,0,1
907753142872800,1790933413.292948,13292,tx,17953.5,203.7,842.4,,,1,0,0,1
907753294215500,1790933413.444293,13444,tx,1245.8,219.7,389.1,,,1,0,0,1
907753443927700,1790933413.594006,13594,tx,1414.3,184.3,436.2,,,1,0,0,1
907753585054900,1790933413.735134,13735,tx,9980.3,267.6,784.5,,,1,0,0,1
907753725110600,1790933413.875192,13875,tx,1325.2,212.0,437.6,,,1,0,0,1
907753866565200,1790933414.016645,14016,tx,3841.9,280.0,648.9,,,1,0,0,1
907754009242700,1790933414.159326,14159,tx,2055.0,241.0,563.3,,,1,0,0,1
907754149915800,1790933414.300001,14300,tx,1807.1,247.1,511.3,,,1,0,0,1
907754368979800,1790933414.519068,14519,tx,1194.8,152.3,275.2,,,1,0,0,1
907754508984500,1790933414.659074,14659,tx,1681.4,247.2,437.6,,,1,0,0,1
907754650097600,1790933414.800189,14800,tx,1228.2,174.3,372.3,,,1,0,0,1
907754792829600,1790933414.942922,14942,tx,2272.9,214.4,821.1,,,1,0,0,1
907754935218000,1790933415.085312,85,tx,1996.4,220.5,486.0,,,1,0,0,1
907755076192700,1790933415.226288,226,tx,1443.9,165.2,397.1,,,1,0,0,1
907755217467300,1790933415.367564,367,tx,2977.7,225.0,618.7,,,1,0,0,1
907755359887900,1790933415.509986,509,tx,1473.6,269.7,584.9,,,1,0,0,1
907755501901400,1790933415.652001,652,tx,1283.2,271.9,464.9,,,1,0,0,1
907755642782000,1790933415.792883,792,tx,3768.5,179.0,778.6,,,1,0,0,1
907755864143500,1790933416.014247,1014,tx,2126.7,257.0,469.3,,,1,0,0,1
907756001467500,1790933416.151571,1151,tx,1975.0,190.6,569.7,,,1,0,0,1
907756143649800,1790933416.293756,1293,tx,1754.7,241.8,462.3,,,1,0,0,1
907756294088700,1790933416.444197,1444,tx,1164.0,198.7,371.1,,,1,0,0,1
907756441755800,1790933416.591866,1591,tx,1958.1,241.0,618.3,,,1,0,0,1
907756583137200,1790933416.733248,1733,tx,1447.5,211.6,416.4,,,1,0,0,1
907756727059400,1790933416.877172,1877,tx,1277.4,222.1,413.6,,,1,0,0,1
907756868081700,1790933417.018196,2018,tx,14016.0,222.3,451.0,,,1,0,0,1
907757010958400,1790933417.161074,2161,tx,1633.8,236.1,537.6,,,1,0,0,1
907757153868800,1790933417.303986,2303,tx,1357.9,188.0,400.2,,,1,0,0,1
907757374961400,1790933417.525081,2525,tx,2134.5,302.2,516.7,,,1,0,0,1
907757515238100,1790933417.665358,2665,tx,12432.6,219.1,600.1,,,1,0,0,1
907757657719100,1790933417.807842,2807,tx,1616.9,269.5,580.9,,,1,0,0,1
907757815795000,1790933417.965919,2965,tx,1409.8,215.7,439.9,,,1,0,0,1
907757958053800,1790933418.108179,3108,tx,17765.0,300.5,811.0,,,1,0,0,1
907758100674100,1790933418.250801,3250,tx,1414.5,170.5,476.6,,,1,0,0,1
907758242281300,1790933418.392410,3392,tx,1195.7,215.6,414.6,,,1,0,0,1
907758384671600,1790933418.534801,3534,tx,2032.2,255.1,731.4,,,1,0,0,1
907758521734800,1790933418.671866,3671,tx,1354.6,249.2,506.1,,,1,0,0,1
907758670233700,1790933418.820367,3820,tx,1422.8,202.5,397.5,,,1,0,0,1
907758863034700,1790933419.013170,4013,tx,1403.0,213.0,573.7,,,1,0,0,1
907759014653000,1790933419.164789,4164,tx,1585.1,287.7,560.1,,,1,0,0,1
907759156342500,1790933419.306480,4306,tx,17477.8,254.5,547.8,,,1,0,0,1
907759313461200,1790933419.463601,4463,tx,1509.8,172.0,526.4,,,1,0,0,1
907759455591600,1790933419.605733,4605,tx,1671.1,191.7,431.8,,,1,0,0,1
907759597702300,1790933419.747844,4747,tx,9470.0,290.0,674.0,,,1,0,0,1
907759738949300,1790933419.889093,4889,tx,1530.5,236.6,448.9,,,1,0,0,1
907759880594000,1790933420.030739,5030,tx,2467.8,261.6,522.8,,,1,0,0,1
907760023762400,1790933420.173908,5173,tx,3816.2,260.6,761.4,,,1,0,0,1
907760165774200,1790933420.315922,5315,tx,1996.4,219.7,512.7,,,1,0,0,1
907760361680700,1790933420.511831,5511,tx,8239.1,183.3,442.8,,,1,0,0,1
907760509800000,1790933420.659952,5659,tx,1722.6,164.9,385.7,,,1,0,0,1
907760649545600,1790933420.799699,5799,tx,2679.0,312.1,848.7,,,1,0,0,1
907760791873700,1790933420.942029,5942,tx,1282.8,157.3,292.5,,,1,0,0,1
907760932912200,1790933421.083069,6083,tx,1509.5,184.6,496.1,,,1,0,0,1
907761075800600,1790933421.225959,6225,tx,1494.1,147.2,469.0,,,1,0,0,1
907761216257800,1790933421.366417,6366,tx,1864.6,226.6,550.2,,,1,0,0,1
907761357265100,1790933421.507426,6507,tx,9290.3,181.9,404.5,,,1,0,0,1
907761498994900,1790933421.649157,6649,tx,1712.1,319.2,522.9,,,1,0,0,1
907761640426700,1790933421.790591,6790,tx,1862.8,272.3,493.6,,,1,0,0,1
907761864128700,1790933422.014295,7014,tx,1333.3,166.7,350.9,,,1,0,0,1
907762001573700,1790933422.151741,7151,tx,11358.7,284.1,725.6,,,1,0,0,1
907762143808200,1790933422.293977,7293,tx,1627.6,217.3,366.2,,,1,0,0,1
907762290801400,1790933422.440972,7440,tx,1382.4,209.3,410.7,,,1,0,0,1
907762438607100,1790933422.588778,7588,tx,16997.5,303.6,723.2,,,1,0,0,1
907762583368400,1790933422.733542,7733,tx,1255.2,192.7,406.9,,,1,0,0,1
907762724954400,1790933422.875129,7875,tx,2503.0,202.1,791.0,,,1,0,0,1
907762868644600,1790933423.018821,8018,tx,1264.1,220.2,423.9,,,1,0,0,1
907763009598400,1790933423.159776,8159,tx,1512.4,222.8,456.1,,,1,0,0,1
907763152244700,1790933423.302424,8302,tx,2368.8,239.8,548.6,,,1,0,0,1
907763376896900,1790933423.527079,8527,tx,1295.1,189.4,298.5,,,1,0,0,1
907763515660000,1790933423.665843,8665,tx,1633.2,198.8,550.3,,,1,0,0,1
907763658093000,1790933423.808278,8808,tx,2179.8,167.8,360.3,,,1,0,0,1
907763815893600,1790933423.966080,8966,tx,1595.9,246.6,505.8,,,1,0,0,1
907763959769700,1790933424.109958,9109,tx,1080.0,191.9,360.3,,,1,0,0,1
907764102987700,1790933424.253177,9253,tx,5628.2,169.5,541.2,,,1,0,0,1
907764244810800,1790933424.395002,9395,tx,1420.2,239.9,429.8,,,1,0,0,1
907764388868200,1790933424.539061,9539,tx,1566.7,254.4,890.8,,,1,0,0,1
907764529081300,1790933424.679275,9679,tx,6165.8,189.1,337.2,,,1,0,0,1
907764671667600,1790933424.821863,9821,tx,1333.8,198.4,419.9,,,1,0,0,1
907764862066200,1790933425.012264,10012,tx,1245.4,200.1,374.3,,,1,0,0,1
907765005061200,1790933425.155260,10155,tx,1321.8,225.2,459.1,,,1,0,0,1
907765146499400,1790933425.296699,10296,tx,1428.7,204.7,378.1,,,1,0,0,1
907765298330400,1790933425.448533,10448,tx,1538.0,263.8,532.0,,,1,0,0,1
907765446305900,1790933425.596509,10596,tx,1525.5,230.7,469.4,,,1,0,0,1
907765587379100,1790933425.737583,10737,tx,2835.0,266.2,638.0,,,1,0,0,1
907765730250200,1790933425.880457,10880,tx,4503.9,252.2,397.1,,,1,0,0,1
907765872961500,1790933426.023169,11023,tx,1534.5,302.7,500.0,,,1,0,0,1
907766014392200,1790933426.164602,11164,tx,1872.9,232.4,449.1,,,1,0,0,1
907766157260100,1790933426.307471,11307,tx,10429.7,157.4,534.8,,,1,0,0,1
907766363628900,1790933426.513842,11513,tx,1608.7,166.7,333.4,,,1,0,0,1
907766521411300,1790933426.671626,11671,tx,1752.6,145.1,266.5,,,1,0,0,1
907766662877900,1790933426.813094,11813,tx,1657.4,248.3,489.9,,,1,0,0,1
907766804850400,1790933426.955068,11955,tx,1333.5,194.4,388.7,,,1,0,0,1
907766946843900,1790933427.097063,12097,tx,1884.0,315.0,533.4,,,1,0,0,1
907767088350600,1790933427.238571,12238,tx,1439.2,219.0,402.2,,,1,0,0,1
907767230211400,1790933427.380433,12380,tx,2683.6,241.3,661.9,,,1,0,0,1
907767371106300,1790933427.521330,12521,tx,9580.4,222.3,730.6,,,1,0,0,1
907767511693500,1790933427.661918,12661,tx,1816.1,324.4,623.3,,,1,0,0,1
907767653547000,1790933427.803773,12803,tx,1719.8,129.8,388.0,,,1,0,0,1
907767869911200,1790933428.020140,13020,tx,1613.7,305.8,473.1,,,1,0,0,1
907768016734300,1790933428.166963,13166,tx,10960.3,242.4,720.3,,,1,0,0,1
907768157804800,1790933428.308036,13308,tx,1789.9,242.7,419.1,,,1,0,0,1
907768314769300,1790933428.465003,13465,tx,1560.7,187.4,507.3,,,1,0,0,1
907768455627300,1790933428.605861,13605,tx,27617.1,361.9,736.7,,,1,0,0,1
907768597280400,1790933428.747516,13747,tx,1219.9,181.2,351.0,,,1,0,0,1
907768738744500,1790933428.888982,13888,tx,1498.2,236.4,426.3,,,1,0,0,1
907768879668200,1790933429.029904,14029,tx,2546.1,314.4,811.0,,,1,0,0,1
907769020199900,1790933429.170438,14170,tx,8083.8,314.1,1103.8,,,1,0,0,1
907769161915500,1790933429.312157,14312,tx,1669.7,259.0,516.6,,,1,0,0,1
907769369293000,1790933429.519537,14519,tx,1422.2,159.9,308.3,,,1,0,0,1
907769521517000,1790933429.671762,14671,tx,3431.8,272.1,627.1,,,1,0,0,1
907769664131300,1790933429.814378,14814,tx,13471.7,217.3,444.2,,,1,0,0,1
907769802028300,1790933429.952277,14952,tx,8555.8,239.8,402.8,,,1,0,0,1
907769941832100,1790933430.092082,92,tx,1084.8,171.5,335.6,,,1,0,0,1
907770087372600,1790933430.237623,237,tx,3384.1,305.8,732.4,,,1,0,0,1
907770539109400,1790933430.689366,689,tx,7237.5,251.8,530.2,,,1,0,0,1
907770689604700,1790933430.839862,839,tx,1510.9,240.3,479.5,,,1,0,0,1
907770872536100,1790933431.022796,1022,tx,10207.2,144.0,331.2,,,1,0,0,1
907771016665300,1790933431.166927,1166,tx,1951.1,259.4,527.1,,,1,0,0,1
907771158069900,1790933431.308332,1308,tx,1571.1,176.5,355.0,,,1,0,0,1
907771313116500,1790933431.463381,1463,tx,26941.7,220.6,500.7,,,1,0,0,1
907771454892400,1790933431.605158,1605,tx,2985.1,224.3,434.6,,,1,0,0,1
907771610250700,1790933431.760518,1760,tx,1420.3,250.0,605.4,,18475.0,1,0,0,1
907771751925600,1790933431.902195,1902,idle,1716.0,415.6,634.4,,,0,0,0,0
907772000702100,1790933432.150974,2150,idle,10230.2,,,,,0,0,0,0
907772145554500,1790933432.295828,2295,idle,13899.8,,,,,0,0,0,0
907772306733100,1790933432.457008,2457,tx,157940.9,,,,,1,0,0,1
907772586705700,1790933432.736983,2736,tx,1674.1,201.4,416.6,,,1,0,0,1
907772725990400,1790933432.876270,2876,tx,4225.1,200.1,432.6,,,1,0,0,1
907772864877100,1790933433.015158,3015,tx,1790.4,227.0,704.4,,,1,0,0,1
907773005601000,1790933433.155883,3155,tx,2003.3,183.3,457.3,,,1,0,0,1
907773146240300,1790933433.296524,3296,tx,1326.4,251.2,455.2,,,1,0,0,1
907773297453300,1790933433.447738,3447,tx,1679.5,217.6,380.8,,,1,0,0,1
907773446874900,1790933433.597162,3597,tx,1632.6,288.1,499.8,,,1,0,0,1
907773591992300,1790933433.742280,3742,tx,1868.9,262.4,584.7,,,1,0,0,1
907773733028000,1790933433.883317,3883,tx,5831.7,231.6,695.6,,,1,0,0,1
907773874720800,1790933434.025012,4025,tx,1291.3,255.7,421.7,,,1,0,0,1
907774015038400,1790933434.165331,4165,tx,1327.8,200.2,414.9,,,1,0,0,1
907774172164300,1790933434.322458,4322,tx,1394.8,183.7,367.4,,,1,0,0,1
907774327183600,1790933434.477479,4477,tx,7817.2,162.4,366.5,,,1,0,0,1
907774471351600,1790933434.621648,4621,tx,10478.0,240.5,506.6,,,1,0,0,1
907774612686800,1790933434.762985,4762,tx,1398.6,136.2,337.4,,,1,0,0,1
907774753893100,1790933434.904193,4904,tx,1908.3,345.6,568.3,,,1,0,0,1
907774894621500,1790933435.044922,5044,tx,5394.5,290.5,692.3,,,1,0,0,1
907775038268500,1790933435.188571,5188,tx,4513.6,205.4,462.1,,,1,0,0,1
907775180449400,1790933435.330754,5330,tx,1835.9,303.3,904.2,,,1,0,0,1
907775337158000,1790933435.487464,5487,tx,1421.4,216.3,442.9,,,1,0,0,1
907775478382400,1790933435.628690,5628,tx,1399.0,302.0,505.1,,,1,0,0,1
907775619210700,1790933435.769519,5769,tx,1490.6,178.5,731.8,,,1,0,0,1
907775759303400,1790933435.909614,5909,tx,4056.8,247.8,1345.6,,,1,0,0,1
907775899437800,1790933436.049750,6049,tx,16229.5,234.0,556.2,,,1,0,0,1
907776040749500,1790933436.191062,6191,tx,1378.0,213.9,405.5,,,1,0,0,1
907776181985700,1790933436.332300,6332,tx,1637.7,202.6,455.6,,,1,0,0,1
907776321303100,1790933436.471619,6471,tx,1680.9,223.5,490.7,,,1,0,0,1
907776462081400,1790933436.612399,6612,tx,1324.2,206.7,405.6,,,1,0,0,1
907776606304900,1790933436.756624,6756,tx,2003.7,243.4,802.0,,,1,0,0,1
907776748227200,1790933436.898548,6898,tx,2007.3,201.2,395.2,,,1,0,0,1
907776889560700,1790933437.039883,7039,tx,6439.4,226.3,506.9,,,1,0,0,1
907777046549700,1790933437.196873,7196,tx,3618.2,368.2,934.9,,,1,0,0,1
907777188272400,1790933437.338598,7338,tx,1986.3,217.8,435.6,,,1,0,0,1
907777325696100,1790933437.476023,7476,tx,1127.9,181.5,321.5,,,1,0,0,1
907777472571900,1790933437.622900,7622,tx,1449.0,250.9,472.2,,,1,0,0,1
907777614113000,1790933437.764443,7764,tx,1271.3,198.3,404.7,,,1,0,0,1
907777758036000,1790933437.908367,7908,tx,33400.8,170.9,364.0,,,1,0,0,1
907777901710600,1790933438.052043,8052,tx,1627.9,239.1,598.9,,,1,0,0,1
907778043142400,1790933438.193476,8193,tx,2830.3,255.8,927.1,,,1,0,0,1
907778201691700,1790933438.352027,8352,tx,9848.3,216.4,599.4,,,1,0,0,1
907778360219400,1790933438.510557,8510,tx,1883.9,250.6,554.9,,,1,0,0,1
907778500806800,1790933438.651146,8651,tx,1421.5,141.9,362.5,,,1,0,0,1
907778642942300,1790933438.793283,8793,tx,1607.8,238.6,503.3,,,1,0,0,1
907778829003700,1790933438.979347,8979,tx,8050.4,235.3,565.2,,,1,0,0,1
907778970887300,1790933439.121231,9121,tx,17154.1,314.2,536.5,,,1,0,0,1
907779116835600,1790933439.267181,9267,tx,2231.3,196.2,462.7,,,1,0,0,1
907779257362200,1790933439.407709,9407,tx,3622.9,225.4,1133.4,,,1,0,0,1
907779399334100,1790933439.549683,9549,tx,4944.6,161.7,326.9,,,1,0,0,1
907779540006400,1790933439.690356,9690,tx,1324.5,225.0,452.0,,,1,0,0,1
907779682755200,1790933439.833107,9833,tx,1256.2,172.8,382.2,,,1,0,0,1
907779838006400,1790933439.988360,9988,tx,8370.1,181.5,430.1,,,1,0,0,1
907779979129300,1790933440.129484,10129,tx,1489.1,227.9,458.4,,,1,0,0,1
907780122261100,1790933440.272617,10272,tx,2403.9,260.0,656.8,,,1,0,0,1
907780265011500,1790933440.415369,10415,tx,5673.2,280.4,579.4,,,1,0,0,1
907780403787500,1790933440.554146,10554,tx,1515.4,282.5,519.0,,,1,0,0,1
907780546950300,1790933440.697311,10697,tx,2668.3,282.6,617.5,,,1,0,0,1
907780688009400,1790933440.838371,10838,tx,4947.9,276.0,960.3,,,1,0,0,1
907780829380100,1790933440.979743,10979,tx,1623.5,212.0,379.8,,,1,0,0,1
907780971939300,1790933441.122304,11122,tx,1235.7,219.8,436.1,,,1,0,0,1
907781116673900,1790933441.267040,11267,tx,3236.7,254.7,719.3,,,1,0,0,1
907781259962600,1790933441.410330,11410,tx,71906.5,194.2,572.8,,,1,0,0,1
907781457406100,1790933441.607775,11607,tx,4570.4,298.3,915.1,,,1,0,0,1
907781604804100,1790933441.755173,11755,tx,6824.8,288.8,667.3,,,1,0,0,1
907781744594400,1790933441.894967,11894,tx,1364.0,237.9,500.4,,,1,0,0,1
907781891983200,1790933442.042358,12042,tx,1405.0,136.5,405.1,,,1,0,0,1
907782047822000,1790933442.198160,12198,tx,3466.9,251.5,729.1,,,1,0,0,1
907782189400200,1790933442.339778,12339,tx,1329.0,206.5,401.0,,,1,0,0,1
907782330294200,1790933442.480673,12480,tx,1205.7,225.9,441.5,,,1,0,0,1
907782472249200,1790933442.622615,12622,tx,1640.9,234.5,534.7,,,1,0,0,1
907782613710300,1790933442.764092,12764,tx,1585.5,222.1,416.0,,,1,0,0,1
907782755996300,1790933442.906379,12906,tx,2003.3,208.1,485.0,,,1,0,0,1
907782897870400,1790933443.048255,13048,tx,13896.8,213.6,603.5,,,1,0,0,1
907783038304900,1790933443.188691,13188,tx,1656.2,228.1,465.9,,,1,0,0,1
907783181836400,1790933443.332224,13332,tx,2039.0,221.3,523.1,,,1,0,0,1
907783335851300,1790933443.486241,13486,tx,8236.8,259.5,470.5,,,1,0,0,1
907783483095200,1790933443.633486,13633,tx,1433.0,228.1,439.4,,,1,0,0,1
907783625797000,1790933443.776189,13776,tx,1449.0,244.6,495.4,,,1,0,0,1
907783767513100,1790933443.917906,13917,tx,27668.1,358.8,753.3,,,1,0,0,1
907783924442200,1790933444.074837,14074,tx,1598.7,204.4,385.5,,,1,0,0,1
907784065849100,1790933444.216245,14216,tx,3270.7,325.2,769.9,,,1,0,0,1
907784207767500,1790933444.358166,14358,tx,10161.6,204.3,440.1,,,1,0,0,1
907784350685100,1790933444.501085,14501,tx,1711.4,222.8,490.7,,,1,0,0,1
907784493349300,1790933444.643750,14643,tx,1942.6,234.8,492.5,,,1,0,0,1
907784637642500,1790933444.788045,14788,tx,2999.3,287.8,804.9,,,1,0,0,1
907784826640900,1790933444.977046,14977,tx,1486.5,204.3,391.7,,,1,0,0,1
907784970342600,1790933445.120748,120,tx,22627.1,275.2,835.4,,,1,0,0,1
907785113321700,1790933445.263730,263,tx,1341.9,237.2,372.3,,,1,0,0,1
907785253610500,1790933445.404020,404,tx,1890.0,189.1,422.4,,,1,0,0,1
907785396761700,1790933445.547170,547,tx,3252.6,324.0,693.7,,,1,0,0,1
907785537549500,1790933445.687962,687,tx,1385.5,219.1,530.2,,,1,0,0,1
907785679282500,1790933445.829696,829,tx,1534.9,198.0,502.0,,,1,0,0,1
907785836215300,1790933445.986631,986,tx,1527.4,246.8,559.8,,,1,0,0,1
907785978929300,1790933446.129346,1129,tx,1264.7,307.3,488.3,,,1,0,0,1
907786121318300,1790933446.271737,1271,tx,1511.8,208.2,435.6,,,1,0,0,1
907786262776000,1790933446.413196,1413,tx,1250.2,265.7,462.8,,,1,0,0,1
907786404139700,1790933446.554561,1554,tx,4061.2,251.2,434.1,,,1,0,0,1
907786546076400,1790933446.696499,1696,tx,1516.6,169.2,569.3,,,1,0,0,1
907786689342300,1790933446.839766,1839,tx,3456.0,243.9,647.5,,,1,0,0,1
907786832096400,1790933446.982522,1982,tx,8877.5,220.5,499.6,,,1,0,0,1
907786990435200,1790933447.140863,2140,tx,1548.8,181.1,683.1,,,1,0,0,1
907787133037000,1790933447.283466,2283,tx,1576.9,280.2,543.5,,,1,0,0,1
907787274996600,1790933447.425427,2425,tx,62417.7,232.6,417.3,,,1,0,0,1
907787456913800,1790933447.607346,2607,tx,1127.2,206.7,362.1,,,1,0,0,1
907787606794700,1790933447.757229,2757,tx,2725.7,220.5,478.5,,,1,0,0,1
907787747588000,1790933447.898023,2898,tx,1334.8,244.7,431.9,,,1,0,0,1
907787888264000,1790933448.038701,3038,tx,1558.0,230.0,416.4,,,1,0,0,1
907788032848900,1790933448.183287,3183,tx,9386.4,170.1,437.7,,,1,0,0,1
907788174200800,1790933448.324641,3324,tx,1106.1,220.6,386.9,,,1,0,0,1
907788316172300,1790933448.466600,3466,tx,1528.1,201.9,594.3,,,1,0,0,1
907788459188900,1790933448.609632,3609,tx,1278.4,266.6,394.3,,,1,0,0,1
907788600158600,1790933448.750603,3750,tx,2391.7,229.8,719.7,,,1,0,0,1
907788741807400,1790933448.892253,3892,tx,1421.2,205.3,382.8,,,1,0,0,1
907788883293600,1790933449.033741,4033,tx,1341.2,166.4,379.9,,,1,0,0,1
907789024791200,1790933449.175240,4175,tx,8453.2,229.7,393.8,,,1,0,0,1
907789167189600,1790933449.317640,4317,tx,1298.8,197.1,392.8,,,1,0,0,1
907789490967100,1790933449.641421,4641,tx,7107.6,252.0,466.1,,,1,0,0,1
907789639884900,1790933449.790340,4790,tx,1673.2,219.8,634.3,,,1,0,0,1
907789782181500,1790933449.932638,4932,tx,11287.7,201.0,364.6,,,1,0,0,1
907789923463000,1790933450.073921,5073,tx,1425.8,167.9,370.7,,,1,0,0,1
907790063022700,1790933450.213482,5213,tx,1419.3,227.5,452.9,,,1,0,0,1
907790203895400,1790933450.354356,5354,tx,1589.4,260.0,462.6,,,1,0,0,1
907790344943300,1790933450.495406,5495,tx,1406.5,249.6,465.9,,,1,0,0,1
907790486273100,1790933450.636737,5636,tx,1288.1,161.9,371.0,,,1,0,0,1
907790627251400,1790933450.777716,5777,tx,2689.7,234.2,854.4,,,1,0,0,1
907790767799300,1790933450.918266,5918,tx,58388.1,191.8,557.8,,,1,0,0,1
907790926039300,1790933451.076507,6076,tx,1240.7,179.5,361.0,,,1,0,0,1
907791067411000,1790933451.217880,6217,tx,3231.8,225.6,1015.8,,,1,0,0,1
907791212071800,1790933451.362543,6362,tx,13368.8,180.1,377.9,,,1,0,0,1
907791353002900,1790933451.503476,6503,tx,1403.3,250.9,463.4,,,1,0,0,1
907791495224600,1790933451.645699,6645,tx,2039.0,260.5,581.0,,,1,0,0,1
907791634705200,1790933451.785180,6785,tx,2503.5,317.2,626.3,,,1,0,0,1
907791776307600,1790933451.926785,6926,tx,54662.1,192.4,389.8,,,1,0,0,1
907791936099600,1790933452.086579,7086,tx,1425.4,292.3,500.1,,,1,0,0,1
907792076742300,1790933452.227222,7227,tx,1178.7,184.5,388.2,,,1,0,0,1
907792217452000,1790933452.367934,7367,tx,1615.3,226.1,493.5,,,1,0,0,1
907792357119100,1790933452.507602,7507,tx,1235.2,174.9,335.3,,,1,0,0,1
907792497696800,1790933452.648181,7648,tx,3227.0,298.9,985.9,,,1,0,0,1
907792638965000,1790933452.789451,7789,tx,1470.0,304.0,525.5,,,1,0,0,1
907792791883200,1790933452.942371,7942,tx,1444.3,217.0,354.6,,,1,0,0,1
907792937045800,1790933453.087535,8087,tx,1853.9,221.8,675.2,,,1,0,0,1
907793077074700,1790933453.227566,8227,tx,5463.5,196.6,414.6,,,1,0,0,1
907793217834600,1790933453.368327,8368,tx,1184.9,170.1,354.1,,,1,0,0,1
907793357819700,1790933453.508313,8508,tx,1421.4,204.4,435.0,,,1,0,0,1
907793501264000,1790933453.651759,8651,tx,10115.3,244.3,473.2,,,1,0,0,1
907793643152800,1790933453.793649,8793,tx,1206.5,166.0,315.1,,,1,0,0,1
907793826833800,1790933453.977333,8977,tx,1590.9,200.4,461.2,,,1,0,0,1
907793973178300,1790933454.123678,9123,tx,1287.1,205.0,394.4,,,1,0,0,1
907794116410000,1790933454.266911,9266,tx,1515.3,132.9,408.3,,,1,0,0,1
907794256812200,1790933454.407315,9407,tx,2180.8,180.8,885.6,,,1,0,0,1
907794397768900,1790933454.548273,9548,tx,1496.6,215.5,585.7,,,1,0,0,1
907794540554600,1790933454.691059,9691,tx,1672.7,243.3,587.6,,,1,0,0,1
907794682786600,1790933454.833293,9833,tx,3747.1,298.8,981.5,,,1,0,0,1
907794831512500,1790933454.982022,9982,tx,1543.3,213.3,395.9,,,1,0,0,1
907794981307500,1790933455.131818,10131,tx,1621.2,240.9,431.7,,,1,0,0,1
907795122994600,1790933455.273505,10273,tx,3452.1,263.7,761.2,,,1,0,0,1
907795262582500,1790933455.413096,10413,tx,1450.3,231.9,533.4,,,1,0,0,1
907795404007800,1790933455.554523,10554,tx,1345.6,151.3,372.3,,,1,0,0,1
907795545463900,1790933455.695980,10695,tx,3786.9,281.5,673.8,,,1,0,0,1
907795686644100,1790933455.837160,10837,tx,2307.1,301.1,737.4,,,1,0,0,1
907795826005500,1790933455.976525,10976,tx,1541.2,255.2,501.0,,,1,0,0,1
907795967742100,1790933456.118263,11118,tx,1930.9,270.6,603.3,,,1,0,0,1
907796108700100,1790933456.259222,11259,tx,2586.5,307.9,646.0,,,1,0,0,1
907796267127100,1790933456.417651,11417,tx,62139.2,150.2,345.0,,,1,0,0,1
907796460869500,1790933456.611395,11611,tx,6707.1,297.6,499.6,,,1,0,0,1
907796599688700,1790933456.750216,11750,tx,1679.0,176.9,382.9,,,1,0,0,1
907796742893700,1790933456.893423,11893,tx,1629.2,224.2,486.1,,,1,0,0,1
907796884101700,1790933457.034632,12034,tx,1408.1,236.6,410.3,,,1,0,0,1
907797026102400,1790933457.176634,12176,tx,1346.6,182.4,403.8,,,1,0,0,1
907797168742700,1790933457.319276,12319,tx,1460.3,163.4,380.3,,,1,0,0,1
907797327710700,1790933457.478246,12478,tx,3587.0,246.1,745.5,,,1,0,0,1
907797469855900,1790933457.620392,12620,tx,2313.7,274.9,597.1,,,1,0,0,1
907797611323800,1790933457.761862,12761,tx,1838.1,207.3,417.2,,,1,0,0,1
907797753099400,1790933457.903638,12903,tx,2824.8,319.0,723.2,,,1,0,0,1
907797896492100,1790933458.047033,13047,tx,1453.8,214.3,511.1,,,1,0,0,1
907798039667300,1790933458.190210,13190,tx,1718.4,253.2,508.1,,,1,0,0,1
907798181660700,1790933458.332204,13332,tx,5170.1,226.3,471.3,,,1,0,0,1
907798330468800,1790933458.481014,13481,tx,1256.9,223.2,371.1,,,1,0,0,1
907798479756000,1790933458.630303,13630,tx,2538.7,222.3,442.3,,,1,0,0,1
907798621485300,1790933458.772033,13772,tx,2088.6,240.7,601.1,,,1,0,0,1
907798761677200,1790933458.912227,13912,tx,1071.2,205.9,373.6,,,1,0,0,1
907798902469200,1790933459.053020,14053,tx,1772.1,209.7,851.7,,,1,0,0,1
907799045425400,1790933459.195978,14195,tx,2923.0,290.9,657.9,,,1,0,0,1
907799187805900,1790933459.338360,14338,tx,20759.2,233.6,554.8,,,1,0,0,1
907799333975400,1790933459.484531,14484,tx,7386.2,212.1,406.0,,,1,0,0,1
907799471194100,1790933459.621751,14621,tx,1290.4,193.0,381.9,,,1,0,0,1
907799612542400,1790933459.763101,14763,tx,2573.8,220.0,505.2,,,1,0,0,1
907799756311500,1790933459.906872,14906,tx,1629.3,237.8,533.4,,,1,0,0,1
907799899336700,1790933460.049898,49,tx,1391.0,182.0,367.3,,,1,0,0,1
907800040076800,1790933460.190640,190,tx,1465.0,282.2,507.0,,,1,0,0,1
907800182618500,1790933460.333183,333,tx,8296.2,220.3,553.8,,,1,0,0,1
907800324870400,1790933460.475436,475,tx,1524.8,211.6,596.6,,,1,0,0,1
907800466925100,1790933460.617492,617,tx,2838.2,322.5,668.5,,,1,0,0,1
907800609000600,1790933460.759568,759,tx,7572.4,243.4,674.5,,,1,0,0,1
907800752778200,1790933460.903348,903,tx,1464.8,158.1,393.2,,,1,0,0,1
907800895339700,1790933461.045912,1045,tx,1553.2,263.0,525.0,,,1,0,0,1
907801038347700,1790933461.188921,1188,tx,1710.5,228.6,494.0,,,1,0,0,1
907801177596300,1790933461.328171,1328,tx,1832.6,206.2,509.8,,,1,0,0,1
907801326307100,1790933461.476884,1476,tx,1370.0,207.2,384.0,,,1,0,0,1
907801473416800,1790933461.623995,1623,tx,4769.6,227.8,566.2,,,1,0,0,1
907801615534200,1790933461.766114,1766,tx,1541.9,249.9,467.5,,,1,0,0,1
907801757070100,1790933461.907651,1907,tx,1934.8,200.2,575.3,,,1,0,0,1
907801898620300,1790933462.049202,2049,tx,2250.0,260.5,582.9,,,1,0,0,1
907802043249900,1790933462.193834,2193,tx,6158.3,143.8,361.3,,,1,0,0,1
907802202643100,1790933462.353229,2353,tx,1914.8,221.7,615.5,,,1,0,0,1
907802358569000,1790933462.509156,2509,tx,1653.8,213.1,511.2,,,1,0,0,1
907802515506700,1790933462.666096,2666,tx,1168.1,207.9,396.2,,,1,0,0,1
907802656090800,1790933462.806681,2806,tx,1888.9,268.2,530.8,,,1,0,0,1
907802826679800,1790933462.977272,2977,tx,1373.4,156.5,349.3,,,1,0,0,1
907802972052800,1790933463.122647,3122,tx,1616.2,256.2,659.8,,,1,0,0,1
907803114046100,1790933463.264641,3264,tx,1692.4,274.6,482.8,,,1,0,0,1
907803259144800,1790933463.409742,3409,tx,6455.2,287.8,474.3,,,1,0,0,1
907803411260100,1790933463.561858,3561,tx,1778.6,195.5,472.5,,,1,0,0,1
907803554780300,1790933463.705379,3705,tx,1551.5,267.9,518.5,,,1,0,0,1
907803697417400,1790933463.848018,3848,tx,17722.1,217.7,751.1,,,1,0,0,1
907803837784100,1790933463.988387,3988,tx,1634.3,171.0,362.4,,,1,0,0,1
907803979420800,1790933464.130025,4130,tx,1555.5,221.7,424.3,,,1,0,0,1
907804121683600,1790933464.272289,4272,tx,2690.7,238.8,780.1,,,1,0,0,1
907804265571400,1790933464.416178,4416,tx,60569.7,255.0,449.4,,,1,0,0,1
907804439874100,1790933464.590483,4590,tx,2493.2,297.9,567.1,,,1,0,0,1
907804580923200,1790933464.731534,4731,tx,1806.5,262.0,658.9,,,1,0,0,1
907804722240200,1790933464.872852,4872,tx,1379.5,235.5,504.8,,,1,0,0,1
907804863678700,1790933465.014292,5014,tx,3255.9,294.5,715.6,,,1,0,0,1
907805005355800,1790933465.155970,5155,tx,19320.6,222.9,537.6,,,1,0,0,1
907805147928100,1790933465.298544,5298,tx,1574.8,247.8,441.9,,,1,0,0,1
907805291815600,1790933465.442433,5442,tx,53354.3,178.9,766.5,,,1,0,0,1
907805474767800,1790933465.625387,5625,tx,1877.4,188.2,572.5,,,1,0,0,1
907805620578000,1790933465.771199,5771,tx,1465.1,210.4,598.5,,,1,0,0,1
907805763407300,1790933465.914030,5914,tx,2074.5,256.3,644.8,,,1,0,0,1
907805906251700,1790933466.056876,6056,tx,2030.1,197.4,548.7,,,1,0,0,1
907806048959600,1790933466.199581,6199,tx,2815.3,259.2,599.9,,,1,0,0,1
907806191511500,1790933466.342138,6342,tx,4351.6,335.6,1043.2,,,1,0,0,1
907806330537900,1790933466.481167,6481,tx,1738.2,225.9,484.9,,,1,0,0,1
907806474161100,1790933466.624790,6624,tx,1776.0,221.1,541.8,,,1,0,0,1
907806613051300,1790933466.763683,6763,tx,2139.3,186.9,615.6,,,1,0,0,1
907806754247400,1790933466.904880,6904,tx,13349.7,180.1,671.7,,,1,0,0,1
907806894811300,1790933467.045446,7045,tx,1753.7,293.7,549.8,,,1,0,0,1
907807036631900,1790933467.187268,7187,tx,1177.2,185.8,356.7,,,1,0,0,1
907807177249900,1790933467.327887,7327,tx,2308.6,217.9,524.4,,,1,0,0,1
907807340232300,1790933467.490872,7490,tx,1322.9,249.3,408.5,,,1,0,0,1
907807477416700,1790933467.628057,7628,tx,1257.5,215.1,413.0,,,1,0,0,1
907807618229300,1790933467.768871,7768,tx,3078.7,242.8,716.4,,,1,0,0,1
907807761416000,1790933467.912059,7912,tx,8291.5,375.3,768.8,,,1,0,0,1
907807901691700,1790933468.052337,8052,tx,1153.3,213.7,379.2,,,1,0,0,1
907808042853000,1790933468.193499,8193,tx,3614.2,311.6,1112.0,,,1,0,0,1
907808187118800,1790933468.337767,8337,tx,4473.8,200.2,362.7,,,1,0,0,1
907808347772200,1790933468.498422,8498,tx,7047.5,189.7,328.3,,,1,0,0,1
907808489250100,1790933468.639901,8639,tx,1856.4,197.5,602.4,,,1,0,0,1
907808631007900,1790933468.781660,8781,tx,4656.2,234.3,486.6,,,1,0,0,1
907808774464200,1790933468.925118,8925,tx,1425.5,192.7,422.1,,,1,0,0,1
907808914228800,1790933469.064884,9064,tx,1764.9,216.3,516.9,,,1,0,0,1
907809057752200,1790933469.208409,9208,tx,8310.5,200.4,444.5,,,1,0,0,1
907809198565400,1790933469.349224,9349,tx,2701.9,169.6,1520.7,,,1,0,0,1
907809338809700,1790933469.489470,9489,tx,1331.0,202.1,396.1,,,1,0,0,1
907809481354100,1790933469.632016,9632,tx,1453.0,206.3,539.0,,,1,0,0,1
907809624183600,1790933469.774846,9774,tx,5084.3,197.5,549.2,,,1,0,0,1
907809762907100,1790933469.913571,9913,tx,1340.7,241.3,461.5,,,1,0,0,1
907809907994900,1790933470.058661,10058,tx,1817.3,170.1,413.7,,,1,0,0,1
907810063679600,1790933470.214347,10214,tx,1543.4,171.4,345.3,,,1,0,0,1
907810204847700,1790933470.355517,10355,tx,1732.0,282.7,529.2,,,1,0,0,1
907810348299600,1790933470.498970,10498,tx,1248.8,172.3,277.9,,,1,0,0,1
907810485680400,1790933470.636352,10636,tx,1317.9,232.0,432.7,,,1,0,0,1
907810626237000,1790933470.776910,10776,tx,1982.7,228.6,624.8,,,1,0,0,1
907810769749300,1790933470.920424,10920,tx,5526.9,342.6,800.1,,,1,0,0,1
907810911221500,1790933471.061898,11061,tx,26442.1,187.3,660.5,,,1,0,0,1
907811069164200,1790933471.219842,11219,tx,1308.2,199.8,372.3,,,1,0,0,1
907811208388800,1790933471.359068,11359,tx,1450.3,287.0,518.5,,,1,0,0,1
907811364173600,1790933471.514854,11514,tx,1915.2,259.8,519.7,,,1,0,0,1
907811505251900,1790933471.655934,11655,tx,1913.1,165.6,400.9,,,1,0,0,1
907811646710900,1790933471.797395,11797,tx,1956.8,294.2,595.3,,,1,0,0,1
907811789183700,1790933471.939868,11939,tx,59960.4,257.9,1479.5,,,1,0,0,1
907811971921400,1790933472.122608,12122,tx,3334.9,314.2,554.8,,,1,0,0,1
907812121748300,1790933472.272437,12272,tx,4506.0,234.1,765.5,,,1,0,0,1
907812265014100,1790933472.415704,12415,tx,1430.1,219.4,408.1,,,1,0,0,1
907812405062700,1790933472.555754,12555,tx,2026.7,289.2,600.7,,,1,0,0,1
907812547311300,1790933472.698004,12698,tx,11086.9,194.9,446.3,,,1,0,0,1
907812690717900,1790933472.841412,12841,tx,1947.9,265.3,628.5,,,1,0,0,1
907812846881900,1790933472.997578,12997,tx,1577.2,164.2,310.2,,,1,0,0,1
907812991181500,1790933473.141877,13141,tx,12133.7,265.7,650.7,,,1,0,0,1
907813133251800,1790933473.283951,13283,tx,1394.1,288.8,485.6,,,1,0,0,1
907813274485100,1790933473.425184,13425,tx,3498.4,307.3,787.9,,,1,0,0,1
907813416094600,1790933473.566797,13566,tx,1573.2,194.3,434.7,,,1,0,0,1
907813556259800,1790933473.706964,13706,tx,2167.7,208.8,712.1,,,1,0,0,1
907813699269800,1790933473.849975,13849,tx,2345.1,174.0,443.0,,,1,0,0,1
907813840742500,1790933473.991449,13991,tx,2013.9,248.1,481.9,,,1,0,0,1
907813979324300,1790933474.130032,14130,tx,20965.8,303.1,689.9,,,1,0,0,1
907814121025300,1790933474.271735,14271,tx,1485.1,224.3,479.8,,,1,0,0,1
907814262994500,1790933474.413705,14413,tx,2879.0,266.0,586.0,,,1,0,0,1
907814404892800,1790933474.555605,14555,tx,1357.8,209.9,459.2,,,1,0,0,1
907814547250400,1790933474.697964,14697,tx,1536.4,187.4,458.7,,,1,0,0,1
907814691328900,1790933474.842044,14842,tx,3347.4,254.2,657.1,,,1,0,0,1
907814842492200,1790933474.993210,14993,tx,1637.5,148.9,360.9,,,1,0,0,1
907814980681300,1790933475.131400,131,tx,1383.3,258.7,548.6,,,1,0,0,1
907815130437400,1790933475.281158,281,tx,1074.9,191.8,356.2,,,1,0,0,1
907815271337200,1790933475.422059,422,tx,1236.9,181.6,363.2,,,1,0,0,1
907815412432600,1790933475.563155,563,tx,2168.9,191.6,499.2,,,1,0,0,1
907815553603100,1790933475.704327,704,tx,1387.4,244.6,442.6,,,1,0,0,1
907815695635800,1790933475.846362,846,tx,1175.2,184.9,360.0,,,1,0,0,1
907815845419000,1790933475.996147,996,tx,1411.1,171.5,367.9,,,1,0,0,1
907815995250500,1790933476.145980,1145,tx,1428.3,209.9,453.6,,,1,0,0,1
907816136054700,1790933476.286783,1286,tx,2037.7,265.8,574.6,,,1,0,0,1
907816277949100,1790933476.428680,1428,tx,68095.4,262.8,583.4,,,1,0,0,1
907816452404100,1790933476.603138,1603,tx,3410.9,218.7,684.3,,,1,0,0,1
907816592220000,1790933476.742955,1742,tx,1289.8,215.9,396.6,,,1,0,0,1
907816733238300,1790933476.883975,1883,tx,1360.5,192.4,443.1,,,1,0,0,1
907816875563700,1790933477.026302,2026,tx,1358.3,193.3,358.5,,,1,0,0,1
907817017619800,1790933477.168359,2168,tx,3161.5,294.2,707.0,,,1,0,0,1
907817159989700,1790933477.310731,2310,tx,1783.7,275.7,736.5,,,1,0,0,1
907817345016300,1790933477.495760,2495,tx,2263.7,251.9,428.2,,,1,0,0,1
907817503449800,1790933477.654195,2654,tx,1411.2,189.2,401.3,,,1,0,0,1
907817644642500,1790933477.795389,2795,tx,1800.5,232.0,498.9,,,1,0,0,1
907817785605200,1790933477.936353,2936,tx,60308.4,216.1,386.0,,,1,0,0,1
907817971986100,1790933478.122736,3122,tx,1537.2,276.5,479.3,,,1,0,0,1
907818118885000,1790933478.269636,3269,tx,1592.4,267.4,491.2,,,1,0,0,1
907818259565200,1790933478.410318,3410,tx,1762.1,227.9,417.7,,,1,0,0,1
907818401499500,1790933478.552254,3552,tx,1574.5,195.6,464.3,,,1,0,0,1
907818545039400,1790933478.695795,3695,tx,1264.8,232.2,410.5,,,1,0,0,1
907818688763100,1790933478.839520,3839,tx,1219.6,206.2,376.2,,,1,0,0,1
907818844576300,1790933478.995335,3995,tx,2632.9,174.4,352.2,,,1,0,0,1
907818988427300,1790933479.139187,4139,tx,2616.9,213.8,543.7,,,1,0,0,1
907819131477200,1790933479.282239,4282,tx,1606.0,200.3,405.3,,,1,0,0,1
907819274260500,1790933479.425024,4425,tx,2161.6,241.7,584.0,,,1,0,0,1
907819414728500,1790933479.565493,4565,tx,1678.0,250.9,487.1,,,1,0,0,1
907819556826700,1790933479.707592,4707,tx,9419.9,263.0,631.0,,,1,0,0,1
907819699214800,1790933479.849983,4849,tx,1331.4,246.4,436.4,,,1,0,0,1
907819842557000,1790933479.993326,4993,tx,2644.6,176.3,821.6,,,1,0,0,1
907819985398700,1790933480.136169,5136,tx,3077.3,256.8,579.4,,,1,0,0,1
907820127843600,1790933480.278616,5278,tx,1722.9,222.3,497.1,,,1,0,0,1
907820269682200,1790933480.420456,5420,tx,1358.1,180.2,335.4,,,1,0,0,1
907820411756500,1790933480.562531,5562,tx,1203.0,196.7,375.6,,,1,0,0,1
907820553640900,1790933480.704415,5704,tx,17211.4,241.2,549.1,,,1,0,0,1
907820695933800,1790933480.846712,5846,tx,1405.5,240.4,441.5,,,1,0,0,1
907820861422600,1790933481.012203,6012,tx,1200.5,160.7,337.0,,,1,0,0,1
907821011941500,1790933481.162723,6162,tx,1176.6,247.7,442.9,,,1,0,0,1
907821153632600,1790933481.304415,6304,tx,1271.7,207.4,342.0,,,1,0,0,1
907821293915400,1790933481.444699,6444,tx,1419.0,234.2,461.5,,,1,0,0,1
907821431361400,1790933481.582147,6582,tx,9041.2,227.3,469.2,,,1,0,0,1
907821574462600,1790933481.725250,6725,tx,1300.8,210.6,404.2,,,1,0,0,1
907821714499100,1790933481.865288,6865,tx,3341.5,197.0,949.2,,,1,0,0,1
907821873745200,1790933482.024536,7024,tx,18619.9,239.9,421.8,,,1,0,0,1
907822018858900,1790933482.169651,7169,tx,2034.3,204.2,599.2,,,1,0,0,1
907822169867400,1790933482.320661,7320,tx,1770.7,285.4,535.8,,,1,0,0,1
907822311452100,1790933482.462246,7462,tx,53531.8,122.8,294.8,,,1,0,0,1
907822467183500,1790933482.617979,7617,tx,2647.7,234.9,947.3,,,1,0,0,1
907822609844900,1790933482.760643,7760,tx,1505.5,246.3,436.8,,,1,0,0,1
907822752607400,1790933482.903407,7903,tx,1223.1,216.3,415.4,,,1,0,0,1
907822894513100,1790933483.045314,8045,tx,1431.4,261.0,433.4,,,1,0,0,1
907823036307800,1790933483.187110,8187,tx,1575.4,158.3,483.5,,,1,0,0,1
907823177522500,1790933483.328326,8328,tx,8671.7,156.4,364.7,,,1,0,0,1
907823361274700,1790933483.512081,8512,tx,1514.5,250.3,473.5,,,1,0,0,1
907823508828500,1790933483.659636,8659,tx,7471.9,201.8,385.0,,,1,0,0,1
907823649181500,1790933483.799990,8799,tx,4020.9,261.6,546.0,,,1,0,0,1
907823790490000,1790933483.941300,8941,tx,1685.6,212.4,477.7,,,1,0,0,1
907823931852700,1790933484.082664,9082,tx,1326.3,200.2,396.2,,,1,0,0,1
907824073416400,1790933484.224229,9224,tx,1352.6,253.9,431.9,,,1,0,0,1
907824214646700,1790933484.365461,9365,tx,1869.6,236.9,505.0,,,1,0,0,1
907824355447600,1790933484.506263,9506,tx,1421.6,208.6,522.8,,,1,0,0,1
907824496943700,1790933484.647761,9647,tx,16915.5,266.4,689.3,,,1,0,0,1
907824643337700,1790933484.794156,9794,tx,3411.1,194.1,409.1,,,1,0,0,1
907824781470200,1790933484.932291,9932,tx,2016.3,254.1,562.4,,,1,0,0,1
907824922498800,1790933485.073321,10073,tx,357934.7,201.4,695.3,,,1,0,0,1
907825410422400,1790933485.561249,10561,tx,2159.7,183.0,320.2,,,1,0,0,1
907825552615100,1790933485.703444,10703,tx,1951.1,215.7,482.7,,,1,0,0,1
907825695431300,1790933485.846261,10846,tx,12274.4,290.9,1417.4,,,1,0,0,1
907825849926800,1790933486.000758,11000,tx,1480.3,230.1,482.8,,,1,0,0,1
907825991080800,1790933486.141914,11141,tx,1413.0,198.2,419.8,,,1,0,0,1
907826131319900,1790933486.282154,11282,tx,9587.4,257.7,511.2,,,1,0,0,1
907826272914100,1790933486.423750,11423,tx,1525.2,260.4,484.1,,,1,0,0,1
907826413738600,1790933486.564576,11564,tx,1246.1,160.5,475.6,,,1,0,0,1
907826556456200,1790933486.707295,11707,tx,3170.6,214.4,905.3,,,1,0,0,1
907826698173300,1790933486.849014,11849,tx,1371.1,241.2,453.8,,,1,0,0,1
907826856356200,1790933487.007199,12007,tx,1164.7,163.4,339.5,,,1,0,0,1
907826996555000,1790933487.147398,12147,tx,1871.4,172.9,604.0,,,1,0,0,1
907827139294300,1790933487.290139,12290,tx,1420.0,249.3,415.6,,,1,0,0,1
907827281955300,1790933487.432801,12432,tx,2379.9,206.6,442.9,,,1,0,0,1
907827423547500,1790933487.574395,12574,tx,2640.6,253.8,580.5,,,1,0,0,1
907827565310100,1790933487.716160,12716,tx,1898.4,166.9,357.7,,,1,0,0,1
907827707635300,1790933487.858486,12858,tx,1477.0,238.8,401.3,,,1,0,0,1
907827864323000,1790933488.015176,13015,tx,1461.5,192.3,328.0,,,1,0,0,1
907828005637800,1790933488.156492,13156,tx,8335.9,220.7,528.5,,,1,0,0,1
907828146252000,1790933488.297107,13297,tx,1964.9,204.0,503.1,,,1,0,0,1
907828287830900,1790933488.438688,13438,tx,1809.1,333.7,566.7,,,1,0,0,1
907828429917300,1790933488.580775,13580,tx,12105.8,173.1,661.8,,,1,0,0,1
907828570697800,1790933488.721558,13721,tx,1357.7,215.0,402.4,,,1,0,0,1
907828711927700,1790933488.862789,13862,tx,1460.4,169.4,375.0,,,1,0,0,1
907828852943800,1790933489.003806,14003,tx,1590.3,209.2,445.3,,,1,0,0,1
907828993180900,1790933489.144045,14144,tx,1347.4,229.4,446.1,,,1,0,0,1
907829136560400,1790933489.287426,14287,tx,1726.8,239.0,491.8,,,1,0,0,1
907829279389900,1790933489.430257,14430,tx,1323.6,158.5,410.2,,,1,0,0,1
907829421624800,1790933489.572493,14572,tx,2022.2,239.8,549.2,,,1,0,0,1
907829562867200,1790933489.713737,14713,tx,1363.2,234.3,501.3,,,1,0,0,1
907829704284600,1790933489.855156,14855,tx,1535.6,229.4,505.6,,,1,0,0,1
907829858800200,1790933490.009674,9,tx,1368.7,245.3,433.3,,,1,0,0,1
907830004568800,1790933490.155444,155,tx,1678.1,146.3,378.1,,,1,0,0,1
907830146800100,1790933490.297676,297,tx,1165.6,186.6,360.1,,,1,0,0,1
907830287892900,1790933490.438770,438,tx,35284.4,300.3,857.8,,,1,0,0,1
907830446211300,1790933490.597091,597,tx,2166.5,297.6,689.0,,,1,0,0,1
907830587334500,1790933490.738215,738,tx,1423.2,164.1,390.2,,,1,0,0,1
907830728298200,1790933490.879181,879,tx,2031.1,159.8,347.6,,,1,0,0,1
907830887581600,1790933491.038466,1038,tx,1535.8,217.4,376.4,,,1,0,0,1
907831029739700,1790933491.180625,1180,tx,1393.0,293.5,522.2,,,1,0,0,1
907831174154100,1790933491.325041,1325,tx,1668.0,220.7,434.8,,,1,0,0,1
907831315263500,1790933491.466152,1466,tx,57974.5,194.2,399.7,,,1,0,0,1
907831474491500,1790933491.625382,1625,tx,1333.4,233.7,424.4,,,1,0,0,1
907831615685400,1790933491.766577,1766,tx,1509.6,176.3,420.5,,,1,0,0,1
907831757206000,1790933491.908099,1908,tx,1372.5,208.2,396.8,,,1,0,0,1
907831900402400,1790933492.051297,2051,tx,1265.3,154.4,348.1,,,1,0,0,1
907832040595800,1790933492.191492,2191,tx,11911.5,257.9,610.9,,,1,0,0,1
907832182261500,1790933492.333158,2333,tx,1481.7,177.5,569.7,,,1,0,0,1
907832325300800,1790933492.476200,2476,tx,39537.6,197.2,388.0,,,1,0,0,1
907832479141400,1790933492.630042,2630,tx,9606.4,217.3,456.4,,,1,0,0,1
907832622335800,1790933492.773237,2773,tx,1592.4,244.5,513.5,,,1,0,0,1
907832763679600,1790933492.914583,2914,tx,2715.2,318.8,639.2,,,1,0,0,1
907832905759600,1790933493.056664,3056,tx,7268.0,208.1,504.8,,,1,0,0,1
907833048499400,1790933493.199405,3199,tx,2012.0,296.1,567.7,,,1,0,0,1
907833191351300,1790933493.342259,3342,tx,1581.4,249.8,442.3,,,1,0,0,1
907833342272000,1790933493.493182,3493,tx,1265.8,251.9,434.6,,,1,0,0,1
907833490970600,1790933493.641881,3641,tx,1479.4,203.7,389.8,,,1,0,0,1
907833630623400,1790933493.781536,3781,tx,1486.3,207.8,420.4,,46417.9,1,0,0,1
907833770230300,1790933493.921144,3921,idle,1322.1,192.7,383.8,,,0,0,0,0
907833910707000,1790933494.061623,4061,idle,138482.2,,,,,0,0,0,0
907834163698600,1790933494.314617,4314,idle,4121.4,,,,,0,0,0,0
907834300912800,1790933494.451833,4451,idle,1291.2,,,,,0,0,0,0
907834442032500,1790933494.592953,4592,idle,155828.7,,,,,0,0,0,1
907834724763000,1790933494.875687,4875,tx,1383.4,180.8,373.5,,,1,0,0,1
907834875121800,1790933495.026047,5026,tx,22427.1,187.9,338.1,,,1,0,0,1
907835021374100,1790933495.172301,5172,tx,1756.4,272.9,585.2,,,1,0,0,1
907835163051700,1790933495.313980,5313,tx,1437.4,216.3,416.0,,,1,0,0,1
907835303944800,1790933495.454875,5454,tx,1820.5,314.2,587.9,,,1,0,0,1
907835447265800,1790933495.598197,5598,tx,1564.2,248.6,482.9,,,1,0,0,1
907835589427100,1790933495.740360,5740,tx,1390.2,174.4,456.0,,,1,0,0,1
907835732502300,1790933495.883436,5883,tx,1370.7,188.2,406.9,,,1,0,0,1
907835882302700,1790933496.033239,6033,tx,2346.4,209.8,369.7,,,1,0,0,1
907836032192100,1790933496.183130,6183,tx,1747.9,123.8,551.6,,,1,0,0,1
907836177639100,1790933496.328577,6328,tx,2925.2,340.2,725.1,,,1,0,0,1
907836318022600,1790933496.468963,6468,tx,54376.2,191.6,404.5,,,1,0,0,1
907836475431000,1790933496.626373,6626,tx,3126.4,185.6,631.4,,,1,0,0,1
907836616416200,1790933496.767359,6767,tx,2106.2,285.4,617.5,,,1,0,0,1
907836759636200,1790933496.910581,6910,tx,1235.3,204.5,394.4,,,1,0,0,1
907836900155000,1790933497.051102,7051,tx,1157.3,192.4,375.8,,,1,0,0,1
907837044000600,1790933497.194949,7194,tx,1614.5,220.8,450.2,,,1,0,0,1
907837187010000,1790933497.337959,7337,tx,1593.7,141.2,369.7,,,1,0,0,1
907837375499400,1790933497.526451,7526,tx,2286.5,117.5,266.9,,,1,0,0,1
907837518777700,1790933497.669731,7669,tx,1493.7,166.5,398.5,,,1,0,0,1
907837657693200,1790933497.808648,7808,tx,1890.9,223.7,461.5,,,1,0,0,1
907837800320600,1790933497.951276,7951,tx,2508.3,237.8,824.6,,,1,0,0,1
907837942033700,1790933498.092991,8092,tx,16910.8,225.8,434.2,,,1,0,0,1
907838083874000,1790933498.234833,8234,tx,1424.4,282.8,463.2,,,1,0,0,1
907838225397600,1790933498.376358,8376,tx,2001.1,215.6,486.2,,,1,0,0,1
907838365955300,1790933498.516917,8516,tx,1332.7,302.8,471.8,,,1,0,0,1
907838507394100,1790933498.658358,8658,tx,1186.6,168.1,410.2,,,1,0,0,1
907838649161700,1790933498.800127,8800,tx,3004.8,313.9,600.1,,,1,0,0,1
907838792730300,1790933498.943696,8943,tx,2260.5,200.0,760.6,,,1,0,0,1
907838933640600,1790933499.084608,9084,tx,10397.5,180.7,349.5,,,1,0,0,1
907839090142700,1790933499.241111,9241,tx,1788.4,288.1,554.8,,,1,0,0,1
907839232785800,1790933499.383756,9383,tx,4197.4,302.7,936.7,,,1,0,0,1
907839380434700,1790933499.531407,9531,tx,1213.0,257.1,448.0,,,1,0,0,1
907839530391700,1790933499.681365,9681,tx,1115.2,229.7,405.3,,,1,0,0,1
907839673917800,1790933499.824893,9824,tx,1417.5,183.1,480.7,,,1,0,0,1
907839816087300,1790933499.967064,9967,tx,23834.9,181.6,435.8,,,1,0,0,1
907839957980800,1790933500.108959,10108,tx,1167.5,172.9,377.5,,,1,0,0,1
907840098180000,1790933500.249160,10249,tx,1201.0,256.3,386.4,,,1,0,0,1
907840239410600,1790933500.390391,10390,tx,10579.9,260.1,614.5,,,1,0,0,1
907840378946600,1790933500.529929,10529,tx,8572.8,240.4,382.9,,,1,0,0,1
907840521188200,1790933500.672172,10672,tx,2700.9,280.8,659.4,,,1,0,0,1
907840663366200,1790933500.814351,10814,tx,1920.7,193.6,711.7,,,1,0,0,1
907840803129600,1790933500.954117,10954,tx,1825.5,208.8,488.6,,,1,0,0,1
907840945468600,1790933501.096457,11096,tx,1346.9,255.5,441.5,,,1,0,0,1
907841088656500,1790933501.239646,11239,tx,1226.8,205.0,386.2,,,1,0,0,1
907841231622800,1790933501.382614,11382,tx,8095.6,202.5,452.6,,,1,0,0,1
907841372292400,1790933501.523285,11523,tx,1274.0,175.5,361.3,,,1,0,0,1
907841513629600,1790933501.664624,11664,tx,2909.4,330.3,733.9,,,1,0,0,1
907841655811800,1790933501.806808,11806,tx,9225.5,259.8,861.1,,,1,0,0,1
907841810792400,1790933501.961790,11961,tx,1516.4,241.3,463.0,,,1,0,0,1
907841952383600,1790933502.103383,12103,tx,1440.7,181.1,362.6,,,1,0,0,1
907842094178100,1790933502.245178,12245,tx,21138.7,277.0,761.5,,,1,0,0,1
907842235650700,1790933502.386653,12386,tx,1371.9,209.1,391.7,,,1,0,0,1
907842373438500,1790933502.524442,12524,tx,1162.8,201.5,340.9,,,1,0,0,1
907842517867200,1790933502.668871,12668,tx,3344.8,283.2,731.0,,,1,0,0,1
907842657960400,1790933502.808967,12808,tx,4090.3,213.7,622.3,,,1,0,0,1
907842798728600,1790933502.949736,12949,tx,1425.1,186.1,407.7,,,1,0,0,1
907842940080900,1790933503.091090,13091,tx,1326.6,212.8,430.5,,,1,0,0,1
907843081029100,1790933503.232040,13232,tx,12375.1,240.4,873.0,,,1,0,0,1
907843222653300,1790933503.373666,13373,tx,1318.2,129.9,299.4,,,1,0,0,1
907843379447300,1790933503.530462,13530,tx,1666.0,174.9,394.0,,,1,0,0,1
907843521515600,1790933503.672530,13672,tx,11922.3,344.6,823.3,,,1,0,0,1
907843659374800,1790933503.810392,13810,tx,1690.6,262.8,699.5,,,1,0,0,1
907843803590900,1790933503.954609,13954,tx,1869.1,213.0,482.8,,,1,0,0,1
907843944947400,1790933504.095967,14095,tx,6992.2,308.8,885.7,,,1,0,0,1
907844103423900,1790933504.254445,14254,tx,1569.9,192.1,331.2,,,1,0,0,1
907844246677900,1790933504.397701,14397,tx,1367.8,201.7,398.3,,,1,0,0,1
907844390376600,1790933504.541401,14541,tx,1785.8,200.2,442.9,,,1,0,0,1
907844530971200,1790933504.681997,14681,tx,1511.2,190.2,428.4,,,1,0,0,1
907844674471000,1790933504.825498,14825,tx,1466.1,208.2,432.3,,,1,0,0,1
907844813966400,1790933504.964995,14964,tx,61992.1,183.6,460.3,,,1,0,0,1
907845003169700,1790933505.154200,154,tx,2239.8,168.5,666.7,,,1,0,0,1
907845142288200,1790933505.293320,293,tx,1498.9,233.7,422.5,,,1,0,0,1
907845283828000,1790933505.434861,434,tx,1627.4,165.6,561.4,,,1,0,0,1
907845425399500,1790933505.576435,576,tx,1347.3,240.1,507.6,,,1,0,0,1
907845567717900,1790933505.718755,718,tx,1196.1,190.0,380.3,,,1,0,0,1
907845707890100,1790933505.858928,858,tx,19264.0,246.1,666.0,,,1,0,0,1
907845845379000,1790933505.996418,996,tx,7687.2,223.2,579.4,,,1,0,0,1
907845993713500,1790933506.144754,1144,tx,1407.4,224.6,403.5,,,1,0,0,1
907846136228800,1790933506.287271,1287,tx,2577.3,277.6,596.4,,,1,0,0,1
907846278811500,1790933506.429856,1429,tx,1369.1,301.1,585.0,,,1,0,0,1
907846436079500,1790933506.587125,1587,tx,1272.7,181.2,390.9,,,1,0,0,1
907846575881600,1790933506.726928,1726,tx,1955.8,318.1,603.6,,,1,0,0,1
907846719004200,1790933506.870053,1870,tx,2259.2,206.9,635.1,,,1,0,0,1
907846873494500,1790933507.024545,2024,tx,7727.0,265.1,466.7,,,1,0,0,1
907847019439100,1790933507.170490,2170,tx,4327.7,284.6,677.4,,,1,0,0,1
907847159759200,1790933507.310812,2310,tx,1501.8,219.4,597.5,,,1,0,0,1
907847301683300,1790933507.452738,2452,tx,1427.5,213.4,400.2,,,1,0,0,1
907847443475500,1790933507.594531,2594,tx,2993.9,358.5,819.5,,,1,0,0,1
907847585887600,1790933507.736945,2736,tx,11126.2,244.0,618.4,,,1,0,0,1
907847730015800,1790933507.881075,2881,tx,1558.3,223.2,416.9,,,1,0,0,1
907847880975800,1790933508.032037,3032,tx,1121.7,261.0,401.1,,,1,0,0,1
907848027437100,1790933508.178499,3178,tx,18135.1,267.8,582.0,,,1,0,0,1
907848169076500,1790933508.320140,3320,tx,1773.4,175.4,450.0,,,1,0,0,1
907848311519100,1790933508.462584,3462,tx,2233.8,269.6,578.3,,,1,0,0,1
907848451900100,1790933508.602967,3602,tx,1314.2,219.4,413.1,,,1,0,0,1
907848593893400,1790933508.744961,3744,tx,1678.3,246.1,826.3,,,1,0,0,1
907848736175300,1790933508.887244,3887,tx,1679.4,219.3,426.5,,,1,0,0,1
907848877703800,1790933509.028775,4028,tx,1255.2,205.6,470.1,,,1,0,0,1
907849020710900,1790933509.171783,4171,tx,1712.7,216.6,441.2,,,1,0,0,1
907849161577900,1790933509.312652,4312,tx,1578.6,218.3,458.7,,,1,0,0,1
907849305205000,1790933509.456280,4456,tx,2259.1,205.8,463.0,,,1,0,0,1
907849446312600,1790933509.597389,4597,tx,23044.0,240.3,605.2,,,1,0,0,1
907849588122200,1790933509.739201,4739,tx,1140.8,208.4,374.9,,,1,0,0,1
907849727625100,1790933509.878705,4878,tx,1435.9,169.1,424.0,,,1,0,0,1
907849876377800,1790933510.027459,5027,tx,14495.7,242.2,402.1,,,1,0,0,1
907850025866300,1790933510.176949,5176,tx,2204.1,231.2,608.2,,,1,0,0,1
907850165904600,1790933510.316989,5316,tx,2354.5,205.9,598.6,,,1,0,0,1
907850306468900,1790933510.457554,5457,tx,3282.7,407.1,812.2,,,1,0,0,1
907850449479600,1790933510.600567,5600,tx,2767.6,264.5,628.1,,,1,0,0,1
907850592521500,1790933510.743610,5743,tx,1702.7,193.3,459.9,,,1,0,0,1
907850733850500,1790933510.884941,5884,tx,2222.6,236.6,515.4,,,1,0,0,1
907850891809200,1790933511.042902,6042,tx,8566.5,202.5,761.1,,,1,0,0,1
907851031393900,1790933511.182487,6182,tx,1638.6,217.4,398.2,,,1,0,0,1
907851172926400,1790933511.324020,6324,tx,3188.5,314.4,709.0,,,1,0,0,1
907851313817000,1790933511.464913,6464,tx,58230.8,275.9,562.8,,,1,0,0,1
907851489456800,1790933511.640554,6640,tx,3341.5,347.5,707.3,,,1,0,0,1
907851629439300,1790933511.780539,6780,tx,7764.6,198.6,375.4,,,1,0,0,1
907851772206200,1790933511.923307,6923,tx,2044.0,271.9,609.1,,,1,0,0,1
907851912875800,1790933512.063978,7063,tx,1888.8,315.4,576.4,,,1,0,0,1
907852055065600,1790933512.206168,7206,tx,3706.1,243.0,836.3,,,1,0,0,1
907852196351200,1790933512.347456,7347,tx,1866.6,262.2,612.9,,,1,0,0,1
907852336181400,1790933512.487288,7487,tx,55880.8,179.9,598.8,,,1,0,0,1
907852523900800,1790933512.675010,7675,tx,1551.0,318.2,509.0,,,1,0,0,1
907852667880300,1790933512.818991,7818,tx,1745.2,157.2,501.4,,,1,0,0,1
907852809293800,1790933512.960406,7960,tx,1938.2,213.5,427.0,,,1,0,0,1
907852950791900,1790933513.101905,8101,tx,6401.6,226.0,424.6,,,1,0,0,1
907853093452300,1790933513.244567,8244,tx,1540.9,239.6,486.6,,,1,0,0,1
907853236001100,1790933513.387116,8387,tx,3171.6,238.8,679.2,,,1,0,0,1
907853377421000,1790933513.528539,8528,tx,19261.8,240.2,577.3,,,1,0,0,1
907853520488500,1790933513.671608,8671,tx,1504.1,302.9,504.1,,,1,0,0,1
907853661625600,1790933513.812746,8812,tx,2752.0,222.3,750.6,,,1,0,0,1
907853804960100,1790933513.956082,8956,tx,2861.0,232.9,558.5,,,1,0,0,1
907853960340300,1790933514.111464,9111,tx,1492.3,207.6,532.0,,,1,0,0,1
907854103037700,1790933514.254163,9254,tx,1694.6,223.7,553.7,,,1,0,0,1
907854246100800,1790933514.397228,9397,tx,2262.7,254.4,570.6,,,1,0,0,1
907854388164000,1790933514.539293,9539,tx,1356.0,167.2,321.2,,,1,0,0,1
907854546593500,1790933514.697723,9697,tx,2544.9,303.6,697.8,,,1,0,0,1
907854686566900,1790933514.837698,9837,tx,11487.2,306.4,764.1,,,1,0,0,1
907854828118200,1790933514.979251,9979,tx,985.7,176.9,346.5,,,1,0,0,1
907854970367500,1790933515.121502,10121,tx,1213.6,200.6,396.8,,,1,0,0,1
907855110239800,1790933515.261375,10261,tx,3926.4,321.4,754.7,,,1,0,0,1
907855266814000,1790933515.417951,10417,tx,2014.4,268.6,507.7,,,1,0,0,1
907855407417000,1790933515.558556,10558,tx,1954.5,184.9,494.0,,,1,0,0,1
907855549297500,1790933515.700437,10700,tx,3693.8,324.3,927.9,,,1,0,0,1
907855704966100,1790933515.856108,10856,tx,1532.2,207.1,437.9,,,1,0,0,1
907855892945800,1790933516.044090,11044,tx,15071.3,207.1,445.1,,,1,0,0,1
907856036607100,1790933516.187752,11187,tx,1260.3,210.3,418.6,,,1,0,0,1
907856177695900,1790933516.328843,11328,tx,1791.4,238.6,485.7,,,1,0,0,1
907856319790900,1790933516.470939,11470,tx,2432.0,194.6,603.5,,,1,0,0,1
907856462290500,1790933516.613440,11613,tx,1712.6,170.5,417.3,,,1,0,0,1
907856605428900,1790933516.756580,11756,tx,1401.3,214.3,505.1,,,1,0,0,1
907856747632900,1790933516.898786,11898,tx,2337.2,226.5,659.5,,,1,0,0,1
907856897732800,1790933517.048887,12048,tx,5805.1,157.6,302.7,,,1,0,0,1
907857043795300,1790933517.194952,12194,tx,1639.3,195.7,506.3,,,1,0,0,1
907857185710100,1790933517.336868,12336,tx,1733.0,222.3,594.7,,,1,0,0,1
907857327022300,1790933517.478181,12478,tx,65883.0,174.3,403.7,,,1,0,0,1
907857499962100,1790933517.651123,12651,tx,2612.7,243.6,598.9,,,1,0,0,1
907857638915100,1790933517.790077,12790,tx,1373.4,195.7,382.9,,,1,0,0,1
907857780107800,1790933517.931271,12931,tx,1506.2,209.2,387.4,,,1,0,0,1
907857921701600,1790933518.072867,13072,tx,1271.2,268.9,457.5,,,1,0,0,1
907858065771600,1790933518.216938,13216,tx,1986.2,262.9,680.1,,,1,0,0,1
907858207403000,1790933518.358571,13358,tx,6927.4,320.0,675.8,,,1,0,0,1
907858392959800,1790933518.544130,13544,tx,1327.2,189.7,447.8,,,1,0,0,1
907858536150000,1790933518.687322,13687,tx,1508.1,203.0,397.2,,,1,0,0,1
907858678248800,1790933518.829422,13829,tx,2652.4,207.7,419.3,,,1,0,0,1
907858822166800,1790933518.973341,13973,tx,1130.0,221.0,415.9,,,1,0,0,1
907858963601400,1790933519.114777,14114,tx,1174.8,193.4,371.0,,,1,0,0,1
907859105521500,1790933519.256699,14256,tx,1355.4,236.5,417.1,,,1,0,0,1
907859243316500,1790933519.394495,14394,tx,1211.5,149.2,346.3,,,1,0,0,1
907859387372500,1790933519.538553,14538,tx,1272.1,190.0,544.5,,,1,0,0,1
907859531442500,1790933519.682625,14682,tx,1434.2,200.4,443.2,,,1,0,0,1
907859674332700,1790933519.825516,14825,tx,1466.4,193.9,532.4,,,1,0,0,1
907859816078700,1790933519.967262,14967,tx,2378.4,315.5,691.2,,,1,0,0,1
907859956962900,1790933520.108150,108,tx,1003.7,243.9,385.2,,,1,0,0,1
907860098923000,1790933520.250111,250,tx,1624.1,191.2,444.2,,,1,0,0,1
907860242438900,1790933520.393628,393,tx,1491.7,278.1,483.1,,,1,0,0,1
907860388422800,1790933520.539614,539,tx,1285.3,152.9,299.0,,,1,0,0,1
907860538904700,1790933520.690097,690,tx,1658.5,263.6,515.4,,,1,0,0,1
907860681472400,1790933520.832666,832,tx,2067.1,203.8,476.7,,,1,0,0,1
907860822196500,1790933520.973392,973,tx,32732.0,152.4,461.6,,,1,0,0,1
907860978576200,1790933521.129773,1129,tx,1943.1,306.4,711.1,,,1,0,0,1
907861118505800,1790933521.269703,1269,tx,2337.9,212.5,493.9,,,1,0,0,1
907861259507300,1790933521.410707,1410,tx,12818.9,262.7,913.8,,,1,0,0,1
907861403306400,1790933521.554508,1554,tx,8285.3,142.8,334.3,,,1,0,0,1
907861542070500,1790933521.693273,1693,tx,2013.8,172.0,418.3,,,1,0,0,1
907861684999100,1790933521.836203,1836,tx,1627.5,172.5,405.7,,,1,0,0,1
907861824495400,1790933521.975701,1975,tx,1866.0,246.9,523.6,,,1,0,0,1
907861964632900,1790933522.115840,2115,tx,2020.0,237.1,428.8,,,1,0,0,1
907862105460400,1790933522.256669,2256,tx,1643.0,283.8,522.3,,,1,0,0,1
907862261977800,1790933522.413188,2413,tx,1584.2,221.4,452.2,,,1,0,0,1
907862403310700,1790933522.554522,2554,tx,1520.4,217.9,448.4,,,1,0,0,1
907862546858500,1790933522.698071,2698,tx,3041.3,191.2,627.7,,,1,0,0,1
907862703162000,1790933522.854377,2854,tx,1229.3,195.8,375.8,,,1,0,0,1
907862843436100,1790933522.994653,2994,tx,64601.3,182.3,348.2,,,1,0,0,1
907863026773200,1790933523.177991,3177,tx,2975.0,263.5,597.3,,,1,0,0,1
907863171426800,1790933523.322647,3322,tx,1360.2,273.0,465.1,,,1,0,0,1
907863312935600,1790933523.464157,3464,tx,1730.5,253.0,507.2,,,1,0,0,1
907863455148500,1790933523.606371,3606,tx,1401.6,180.0,478.6,,,1,0,0,1
907863595107600,1790933523.746332,3746,tx,1093.6,201.9,386.0,,,1,0,0,1
907863734159000,1790933523.885384,3885,tx,1413.1,182.9,373.7,,,1,0,0,1
907863877228400,1790933524.028455,4028,tx,15233.8,171.4,482.0,,,1,0,0,1
907864021045700,1790933524.172274,4172,tx,1475.5,216.1,589.4,,,1,0,0,1
907864163452000,1790933524.314682,4314,tx,1414.4,224.0,465.8,,,1,0,0,1
907864304321200,1790933524.455552,4455,tx,1835.6,260.8,542.5,,,1,0,0,1
907864446416000,1790933524.597649,4597,tx,1868.9,307.1,849.2,,,1,0,0,1
907864588322400,1790933524.739557,4739,tx,2168.4,248.6,804.6,,,1,0,0,1
907864731025600,1790933524.882262,4882,tx,1710.7,232.4,500.0,,,1,0,0,1
907864889490500,1790933525.040728,5040,tx,1858.4,275.7,680.5,,,1,0,0,1
907865044335400,1790933525.195575,5195,tx,1524.9,224.8,449.1,,,1,0,0,1
907865185329900,1790933525.336570,5336,tx,1890.7,203.9,463.8,,,1,0,0,1
907865327876600,1790933525.479118,5479,tx,30440.6,252.0,881.9,,,1,0,0,1
907865468099200,1790933525.619343,5619,tx,2209.1,156.7,367.7,,,1,0,0,1
907865610737600,1790933525.761983,5761,tx,2043.0,261.9,501.6,,,1,0,0,1
907865753226900,1790933525.904474,5904,tx,1538.2,216.2,445.3,,,1,0,0,1
907865893959500,1790933526.045207,6045,tx,1339.3,267.2,382.8,,,1,0,0,1
907866037264500,1790933526.188514,6188,tx,1786.9,199.8,391.0,,,1,0,0,1
907866178428700,1790933526.329679,6329,tx,16601.2,311.8,764.2,,,1,0,0,1
907866320085900,1790933526.471338,6471,tx,1491.3,228.7,607.9,,,1,0,0,1
907866460271200,1790933526.611525,6611,tx,1584.7,200.5,404.6,,,1,0,0,1
907866601660400,1790933526.752916,6752,tx,1447.0,223.3,486.3,,,1,0,0,1
907866741170900,1790933526.892427,6892,tx,1906.4,191.1,442.3,,,1,0,0,1
907866883147400,1790933527.034406,7034,tx,1321.8,216.8,474.4,,,1,0,0,1
907867024554800,1790933527.175814,7175,tx,2152.4,216.8,527.3,,,1,0,0,1
907867164976800,1790933527.316238,7316,tx,7153.0,141.9,319.2,,,1,0,0,1
907867308001700,1790933527.459265,7459,tx,1812.2,156.7,554.2,,,1,0,0,1
907867449608500,1790933527.600873,7600,tx,1131.1,201.7,419.0,,,1,0,0,1
907867590503100,1790933527.741769,7741,tx,1597.6,190.4,515.9,,,1,0,0,1
907867731226700,1790933527.882493,7882,tx,2768.9,249.4,752.5,,,1,0,0,1
907867889174100,1790933528.040443,8040,tx,1194.6,191.3,335.7,,,1,0,0,1
907868026671900,1790933528.177942,8177,tx,1525.4,209.3,431.0,,,1,0,0,1
907868168682600,1790933528.319954,8319,tx,1260.1,271.9,454.8,,,1,0,0,1
907868325766600,1790933528.477039,8477,tx,3653.9,290.1,675.8,,,1,0,0,1
907868466370400,1790933528.617640,8617,tx,3771.3,298.8,722.6,,,1,0,0,1
907868607448200,1790933528.758724,8758,tx,2309.7,256.6,580.4,,,1,0,0,1
907868747197800,1790933528.898475,8898,tx,2035.1,247.3,682.3,,,1,0,0,1
907868895716500,1790933529.046996,9046,tx,7560.7,205.2,441.1,,,1,0,0,1
907869045350400,1790933529.196630,9196,tx,1679.8,233.9,476.5,,,1,0,0,1
907869187401700,1790933529.338684,9338,tx,1627.7,201.4,471.3,,,1,0,0,1
907869329665200,1790933529.480949,9480,tx,58431.4,163.4,363.8,,,1,0,0,1
907869533808900,1790933529.685095,9685,tx,4224.3,294.4,933.2,,,1,0,0,1
907869675414400,1790933529.826702,9826,tx,9838.2,161.9,396.7,,,1,0,0,1
907869816451600,1790933529.967740,9967,tx,1478.6,217.0,419.9,,,1,0,0,1
907869956871500,1790933530.108162,10108,tx,1645.7,167.9,439.7,,,1,0,0,1
907870099079100,1790933530.250371,10250,tx,2810.8,248.0,630.2,,,1,0,0,1
907870241407800,1790933530.392701,10392,tx,5516.6,238.7,559.5,,,1,0,0,1
907870395578500,1790933530.546874,10546,tx,2067.2,227.9,594.1,,,1,0,0,1
907870538134700,1790933530.689431,10689,tx,3624.3,294.1,820.2,,,1,0,0,1
907870680861200,1790933530.832159,10832,tx,1662.5,259.6,475.5,,,1,0,0,1
907870821746100,1790933530.973045,10973,tx,1448.2,277.3,593.2,,,1,0,0,1
907870962812300,1790933531.114113,11114,tx,1592.6,323.0,550.6,,,1,0,0,1
907871105648000,1790933531.256950,11256,tx,5392.8,193.4,438.9,,,1,0,0,1
907871248837100,1790933531.400141,11400,tx,1582.5,244.8,477.4,,,1,0,0,1
907871390746500,1790933531.542052,11542,tx,1480.0,209.7,473.4,,,1,0,0,1
907871534040200,1790933531.685347,11685,tx,10366.0,221.0,424.5,,,1,0,0,1
907871672981200,1790933531.824290,11824,tx,1484.3,188.2,416.0,,,1,0,0,1
907871816022300,1790933531.967332,11967,tx,1736.9,223.3,596.7,,,1,0,0,1
907871956790700,1790933532.108102,12108,tx,1245.3,213.0,418.9,,,1,0,0,1
907872099307500,1790933532.250620,12250,tx,1378.0,262.5,464.2,,,1,0,0,1
907872240918700,1790933532.392233,12392,tx,2063.2,242.3,538.8,,,1,0,0,1
907872389310900,1790933532.540627,12540,tx,1068.8,159.9,262.7,,,1,0,0,1
907872540756700,1790933532.692073,12692,tx,1933.9,177.6,466.1,,,1,0,0,1
907872682459200,1790933532.833778,12833,tx,1413.7,178.2,365.0,,,1,0,0,1
907872824487000,1790933532.975807,12975,tx,1730.3,247.5,727.1,,,1,0,0,1
907872966977000,1790933533.118299,13118,tx,1404.2,222.3,415.0,,,1,0,0,1
907873109139000,1790933533.260462,13260,tx,1225.7,213.6,422.3,,,1,0,0,1
907873252055400,1790933533.403379,13403,tx,1760.0,212.6,469.0,,,1,0,0,1
907873396025400,1790933533.547352,13547,tx,9800.3,127.1,321.4,,,1,0,0,1
907873536072600,1790933533.687400,13687,tx,1944.5,298.2,574.9,,,1,0,0,1
907873677304900,1790933533.828634,13828,tx,1300.2,223.4,414.9,,,1,0,0,1
907873818176400,1790933533.969506,13969,tx,2251.4,309.7,634.9,,,1,0,0,1
907873973895400,1790933534.125227,14125,tx,1387.5,198.2,444.6,,,1,0,0,1
907874113770000,1790933534.265103,14265,tx,1599.9,315.0,548.2,,,1,0,0,1
907874256010500,1790933534.407345,14407,tx,1993.3,247.6,551.2,,,1,0,0,1
907874395247400,1790933534.546583,14546,tx,2111.3,173.5,407.0,,,1,0,0,1
907874538044900,1790933534.689383,14689,tx,1310.0,181.9,361.3,,,1,0,0,1
907874679851900,1790933534.831191,14831,tx,1793.6,203.7,626.9,,,1,0,0,1
907874823154200,1790933534.974495,14974,tx,72779.6,183.3,423.8,,,1,0,0,1
907875004811300,1790933535.156154,156,tx,3971.7,322.3,859.8,,,1,0,0,1
907875152779800,1790933535.304123,304,tx,17882.2,286.3,694.0,,,1,0,0,1
907875291764900,1790933535.443111,443,tx,2651.7,260.8,777.7,,,1,0,0,1
907875434277500,1790933535.585624,585,tx,1394.9,213.3,509.1,,,1,0,0,1
907875575303900,1790933535.726652,726,tx,1349.2,188.7,402.5,,,1,0,0,1
907875717424900,1790933535.868775,868,tx,1991.5,179.3,394.4,,,1,0,0,1
907875868822400,1790933536.020174,1020,tx,1480.2,285.5,457.2,,,1,0,0,1
907876016115000,1790933536.167468,1167,tx,21328.0,282.5,637.0,,,1,0,0,1
907876157590800,1790933536.308946,1308,tx,1783.5,177.8,373.9,,,1,0,0,1
907876298717300,1790933536.450074,1450,tx,1339.8,182.5,385.8,,,1,0,0,1
907876441466900,1790933536.592824,1592,tx,1517.6,207.3,567.7,,,1,0,0,1
907876584491900,1790933536.735851,1735,tx,1614.8,208.9,457.0,,,1,0,0,1
907876726243300,1790933536.877604,1877,tx,1094.3,203.0,374.1,,,1,0,0,1
907876912189900,1790933537.063553,2063,tx,1560.8,144.4,354.9,,,1,0,0,1
907877056256900,1790933537.207621,2207,tx,1789.8,171.9,418.2,,,1,0,0,1
907877198433200,1790933537.349798,2349,tx,3360.8,296.3,625.3,,,1,0,0,1
907877340412600,1790933537.491780,2491,tx,32571.7,160.4,344.9,,,1,0,0,1
907877482398300,1790933537.633767,2633,tx,1511.8,272.3,565.9,,,1,0,0,1
907877623685600,1790933537.775055,2775,tx,1985.2,223.0,456.2,,,1,0,0,1
907877779286400,1790933537.930658,2930,tx,4236.4,170.1,334.8,,,1,0,0,1
907877918284400,1790933538.069658,3069,tx,8116.4,157.1,351.2,,,1,0,0,1
907878062610500,1790933538.213985,3213,tx,1875.3,204.8,534.8,,,1,0,0,1
907878208692500,1790933538.360069,3360,tx,8633.7,245.0,502.0,,,1,0,0,1
907878347318800,1790933538.498696,3498,tx,62580.9,303.2,556.9,,,1,0,0,1
907878518443400,1790933538.669823,3669,tx,1351.1,153.3,317.0,,,1,0,0,1
907878659019800,1790933538.810401,3810,tx,1636.0,269.3,593.4,,,1,0,0,1
907878799762700,1790933538.951145,3951,tx,1612.6,247.6,479.1,,,1,0,0,1
907878941657000,1790933539.093041,4093,tx,1600.0,222.1,477.5,,,1,0,0,1
907879081709700,1790933539.233094,4233,tx,12099.4,246.1,1268.6,,,1,0,0,1
907879222315600,1790933539.373702,4373,tx,2005.8,182.2,495.9,,,1,0,0,1
907879366178300,1790933539.517567,4517,tx,49962.8,227.3,1593.5,,,1,0,0,1
907879531502500,1790933539.682892,4682,tx,18877.8,367.8,858.0,,,1,0,0,1
907879676261700,1790933539.827653,4827,tx,1628.6,268.9,621.6,,,1,0,0,1
907879821054900,1790933539.972447,4972,tx,2809.3,201.5,555.8,,,1,0,0,1
907879963178700,1790933540.114573,5114,tx,13136.2,226.8,740.8,,,1,0,0,1
907880104569100,1790933540.255965,5255,tx,1582.9,207.9,436.0,,,1,0,0,1
907880246370500,1790933540.397768,5397,tx,1730.3,226.3,468.1,,,1,0,0,1
907880387715900,1790933540.539115,5539,tx,1286.5,166.8,325.8,,,1,0,0,1
907880531046500,1790933540.682447,5682,tx,1505.5,208.0,418.0,,,1,0,0,1
907880672538700,1790933540.823940,5823,tx,1564.6,226.1,442.6,,,1,0,0,1
907880814712600,1790933540.966115,5966,tx,2235.8,254.2,567.0,,,1,0,0,1
907880956283100,1790933541.107688,6107,tx,1952.4,182.5,562.5,,,1,0,0,1
907881097736700,1790933541.249143,6249,tx,1848.1,271.5,543.2,,,1,0,0,1
907881239775300,1790933541.391183,6391,tx,1217.0,184.1,375.6,,,1,0,0,1
907881408526400,1790933541.559936,6559,tx,1351.4,262.7,409.4,,,1,0,0,1
907881555061500,1790933541.706472,6706,tx,1822.9,250.5,481.0,,,1,0,0,1
907881696860400,1790933541.848272,6848,tx,2858.9,346.6,786.9,,,1,0,0,1
907881839275100,1790933541.990689,6990,tx,1426.4,182.8,514.4,,,1,0,0,1
907881979382100,1790933542.130795,7130,tx,1282.2,192.0,376.7,,,1,0,0,1
907882120252200,1790933542.271668,7271,tx,3488.2,315.8,986.7,,,1,0,0,1
907882261862400,1790933542.413280,7413,tx,1479.6,240.4,425.2,,,1,0,0,1
907882409966100,1790933542.561386,7561,tx,1543.6,219.4,391.0,,,1,0,0,1
907882557715700,1790933542.709137,7709,tx,1310.3,215.8,419.4,,,1,0,0,1
907882698351100,1790933542.849774,7849,tx,9205.5,186.3,380.1,,,1,0,0,1
907882840259600,1790933542.991684,7991,tx,1384.9,211.7,443.6,,,1,0,0,1
907882980297200,1790933543.131723,8131,tx,1908.7,221.8,505.9,,,1,0,0,1
907883122606200,1790933543.274033,8274,tx,2450.2,341.6,687.9,,,1,0,0,1
907883264363200,1790933543.415792,8415,tx,1434.6,253.5,509.8,,,1,0,0,1
907883405842400,1790933543.557273,8557,tx,1604.0,233.0,412.9,,,1,0,0,1
907883547533700,1790933543.698965,8698,tx,1915.3,201.5,490.0,,,1,0,0,1
907883688020500,1790933543.839454,8839,tx,1075.5,201.1,330.6,,,1,0,0,1
907883844603800,1790933543.996038,8996,tx,62915.4,252.3,473.6,,,1,0,0,1
907884036042100,1790933544.187479,9187,tx,1546.3,217.0,375.2,,,1,0,0,1
907884174266500,1790933544.325704,9325,tx,2015.2,240.4,534.9,,,1,0,0,1
907884314611400,1790933544.466051,9466,tx,4098.8,307.8,669.0,,,1,0,0,1
907884454058800,1790933544.605500,9605,tx,1391.9,212.5,465.7,,,1,0,0,1
907884595407200,1790933544.746850,9746,tx,1306.8,214.0,413.1,,,1,0,0,1
907884738337800,1790933544.889782,9889,tx,1649.5,247.2,549.3,,,1,0,0,1
907884881916300,1790933545.033362,10033,tx,21061.6,168.1,400.8,,,1,0,0,1
907885024144700,1790933545.175591,10175,tx,2472.6,211.2,735.5,,,1,0,0,1
907885166273900,1790933545.317722,10317,tx,1291.8,179.9,349.6,,,1,0,0,1
907885308710300,1790933545.460155,10460,tx,2148.0,247.8,624.1,,,1,0,0,1
907885451197200,1790933545.602648,10602,tx,2486.2,173.4,451.2,,,1,0,0,1
907885591655200,1790933545.743108,10743,tx,1464.9,153.2,400.0,,,1,0,0,1
907885733850200,1790933545.885304,10885,tx,2766.1,310.3,656.2,,,1,0,0,1
907885909813400,1790933546.061270,11061,tx,1454.7,179.4,369.4,,,1,0,0,1
907886048433600,1790933546.199891,11199,tx,2050.9,221.5,513.2,,,1,0,0,1
907886191444900,1790933546.342904,11342,tx,10224.9,221.5,513.4,,,1,0,0,1
907886333849800,1790933546.485311,11485,tx,1365.4,253.4,437.7,,,1,0,0,1
907886474900400,1790933546.626362,11626,tx,2029.3,158.8,371.5,,,1,0,0,1
907886618388200,1790933546.769851,11769,tx,5505.6,264.8,663.4,,,1,0,0,1
907886760224500,1790933546.911689,11911,tx,6190.4,244.5,514.6,,,1,0,0,1
907886905970200,1790933547.057437,12057,tx,1615.0,184.1,349.4,,,1,0,0,1
907887046830000,1790933547.198298,12198,tx,2637.3,197.1,626.4,,,1,0,0,1
907887188566300,1790933547.340036,12340,tx,1207.6,202.2,371.7,,,1,0,0,1
907887331890800,1790933547.483361,12483,tx,1341.7,144.3,396.5,,,1,0,0,1
907887472788600,1790933547.624261,12624,tx,1796.7,349.0,561.4,,,1,0,0,1
907887615126900,1790933547.766601,12766,tx,5067.6,254.1,434.6,,,1,0,0,1
907887756486200,1790933547.907961,12907,tx,2025.9,297.2,685.1,,,1,0,0,1
907887898652500,1790933548.050130,13050,tx,1458.6,220.6,688.8,,,1,0,0,1
907888039685300,1790933548.191163,13191,tx,2467.9,347.4,632.3,,,1,0,0,1
907888182900200,1790933548.334380,13334,tx,1228.6,209.8,393.8,,,1,0,0,1
907888326005000,1790933548.477486,13477,tx,1368.0,143.5,352.1,,,1,0,0,1
907888466181000,1790933548.617664,13617,tx,1500.7,228.8,503.4,,,1,0,0,1
907888606677700,1790933548.758162,13758,tx,5919.6,204.9,442.9,,,1,0,0,1
907888745962000,1790933548.897447,13897,tx,4137.3,311.0,1217.5,,,1,0,0,1
907888916687400,1790933549.068175,14068,tx,1262.6,223.3,362.0,,,1,0,0,1
907889061322600,1790933549.212812,14212,tx,1211.2,208.1,393.4,,,1,0,0,1
907889202659300,1790933549.354150,14354,tx,2373.2,344.7,661.7,,,1,0,0,1
907889344469200,1790933549.495961,14495,tx,26856.4,251.9,539.4,,,1,0,0,1
907889500742800,1790933549.652236,14652,tx,2475.8,281.9,610.1,,,1,0,0,1
907889641582200,1790933549.793077,14793,tx,1291.7,270.3,447.1,,,1,0,0,1
907889782380600,1790933549.933877,14933,tx,1319.3,208.6,360.2,,,1,0,0,1
907889919459300,1790933550.070957,70,tx,9395.9,165.5,348.8,,,1,0,0,1
907890065169100,1790933550.216668,216,tx,1357.1,215.6,427.3,,,1,0,0,1
907890205826700,1790933550.357328,357,tx,1625.5,193.4,628.2,,,1,0,0,1
907890348484000,1790933550.499986,499,tx,56902.8,185.4,351.6,,,1,0,0,1
907890507056300,1790933550.658560,658,tx,2975.4,261.8,485.3,,,1,0,0,1
907890645366100,1790933550.796871,796,tx,3999.7,257.3,938.4,,,1,0,0,1
907890787462700,1790933550.938967,938,tx,13224.4,268.9,944.8,,,1,0,0,1
907890928830200,1790933551.080339,1080,tx,1421.0,302.5,510.4,,,1,0,0,1
907891070333700,1790933551.221843,1221,tx,1585.6,226.2,445.0,,,1,0,0,1
907891210519600,1790933551.362029,1362,tx,3562.1,200.6,569.7,,,1,0,0,1
907891351306400,1790933551.502819,1502,tx,56889.4,169.2,357.9,,,1,0,0,1
907891509195200,1790933551.660710,1660,tx,1135.8,252.0,403.4,,,1,0,0,1
907891651821700,1790933551.803338,1803,tx,2228.5,238.0,644.1,,,1,0,0,1
907891793496100,1790933551.945014,1945,tx,1247.4,235.3,447.1,,,1,0,0,1
907891933377400,1790933552.084897,2084,tx,1277.0,228.1,413.7,,,1,0,0,1
907892075449000,1790933552.226968,2226,tx,2941.7,204.7,502.7,,,1,0,0,1
907892218182000,1790933552.369704,2369,tx,2781.7,1308.7,1532.7,,,1,0,0,1
907892374308100,1790933552.525832,2525,tx,7352.3,128.5,251.0,,,1,0,0,1
907892516525300,1790933552.668050,2668,tx,2884.1,278.6,948.5,,,1,0,0,1
907892657332200,1790933552.808859,2808,tx,1324.6,246.5,457.3,,,1,0,0,1
907892798716300,1790933552.950244,2950,tx,1261.7,162.6,372.6,,,1,0,0,1
907892941759600,1790933553.093289,3093,tx,1197.6,201.3,382.6,,,1,0,0,1
907893083483700,1790933553.235014,3235,tx,12050.8,256.1,471.7,,,1,0,0,1
907893225563400,1790933553.377096,3377,tx,1383.6,228.4,488.2,,,1,0,0,1
907893411629400,1790933553.563164,3563,tx,6160.2,176.0,324.9,,,1,0,0,1
907893555389400,1790933553.706925,3706,tx,1283.5,212.9,398.3,,,1,0,0,1
907893695100300,1790933553.846637,3846,tx,1936.0,253.6,497.9,,,1,0,0,1
907893835456800,1790933553.986995,3986,tx,2370.7,205.4,668.9,,,1,0,0,1
907893975374700,1790933554.126915,4126,tx,1092.3,220.9,404.9,,,1,0,0,1
907894117143300,1790933554.268685,4268,tx,1210.5,228.4,421.8,,,1,0,0,1
907894604778300,1790933554.756325,4756,tx,18168.8,189.5,371.6,,,1,0,0,1
907894748772600,1790933554.900321,4900,tx,1329.6,275.2,487.3,,,1,0,0,1
907894917970200,1790933555.069520,5069,tx,8266.5,260.5,626.7,,,1,0,0,1
907895060526300,1790933555.212077,5212,tx,13803.4,234.8,570.0,,,1,0,0,1
907895202559800,1790933555.354112,5354,tx,1955.0,263.3,544.7,,,1,0,0,1
907895343947100,1790933555.495502,5495,tx,30072.4,227.0,421.4,,,1,0,0,1
907895502333500,1790933555.653889,5653,tx,1778.4,321.3,520.5,,,1,0,0,1
907895641780600,1790933555.793338,5793,tx,1325.5,212.7,437.5,,,1,0,0,1
907895782388500,1790933555.933947,5933,tx,1392.0,179.3,390.9,,37976.6,1,0,0,1
907895923693400,1790933556.075254,6075,idle,22585.3,197.6,424.4,,,0,0,0,0
907896171993400,1790933556.323556,6323,idle,10052.1,,,,,0,0,0,0
907896314517300,1790933556.466082,6466,idle,1807.0,,,,,0,0,0,0
907896471384300,1790933556.622950,6622,idle,9797.2,,,,,0,0,0,0
907896738404600,1790933556.889974,6889,tx,7755.7,203.3,412.2,,,1,0,0,1
907896907217900,1790933557.058789,7058,tx,21860.5,138.9,607.0,,,1,0,0,1
907897049528800,1790933557.201101,7201,tx,1428.6,153.5,385.2,,,1,0,0,1
907897192409400,1790933557.343983,7343,tx,1460.0,202.2,432.6,,,1,0,0,1
907897331546700,1790933557.483122,7483,tx,1474.5,141.2,434.1,,,1,0,0,1
907897473025300,1790933557.624601,7624,tx,1583.4,281.3,472.7,,,1,0,0,1
907897614660600,1790933557.766238,7766,tx,1635.0,216.5,460.2,,,1,0,0,1
907897757191700,1790933557.908771,7908,tx,1783.8,234.3,466.5,,,1,0,0,1
907897913134100,1790933558.064715,8064,tx,1992.5,406.8,644.6,,,1,0,0,1
907898055215900,1790933558.206798,8206,tx,1177.1,248.2,451.2,,,1,0,0,1
907898197102000,1790933558.348686,8348,tx,1254.1,270.5,422.9,,,1,0,0,1
907898338409100,1790933558.489995,8489,tx,5990.1,159.7,440.3,,,1,0,0,1
907898479323300,1790933558.630910,8630,tx,1308.2,203.4,384.3,,,1,0,0,1
907898621526900,1790933558.773115,8773,tx,1731.9,273.2,509.7,,,1,0,0,1
907898762155600,1790933558.913746,8913,tx,1367.5,241.5,411.5,,,1,0,0,1
907898904200000,1790933559.055791,9055,tx,1276.8,188.4,382.9,,,1,0,0,1
907899046193000,1790933559.197786,9197,tx,1174.3,200.1,421.7,,,1,0,0,1
907899188253400,1790933559.339848,9339,tx,1803.8,247.7,502.3,,,1,0,0,1
907899329620200,1790933559.481216,9481,tx,1457.9,230.6,524.4,,,1,0,0,1
907899471207900,1790933559.622805,9622,tx,1089.0,201.7,374.5,,,1,0,0,1
907899612243900,1790933559.763842,9763,tx,1416.8,170.3,361.9,,,1,0,0,1
907899754429900,1790933559.906030,9906,tx,8970.2,171.5,438.2,,,1,0,0,1
907899908084000,1790933560.059686,10059,tx,1229.5,144.6,246.2,,,1,0,0,1
907900051776800,1790933560.203380,10203,tx,2074.3,212.3,537.3,,,1,0,0,1
907900194172900,1790933560.345778,10345,tx,12200.9,286.0,935.5,,,1,0,0,1
907900335263400,1790933560.486869,10486,tx,1164.7,192.6,392.9,,,1,0,0,1
907900477763700,1790933560.629371,10629,tx,1650.8,273.0,507.6,,,1,0,0,1
907900618998200,1790933560.770606,10770,tx,1348.4,247.3,527.0,,,1,0,0,1
907900762115500,1790933560.913725,10913,tx,1768.6,226.2,509.4,,,1,0,0,1
907900911537100,1790933561.063149,11063,tx,1513.7,253.3,402.1,,,1,0,0,1
907901061418600,1790933561.213032,11213,tx,3624.0,344.3,801.7,,,1,0,0,1
907901220340600,1790933561.371956,11371,tx,1525.7,205.0,382.5,,,1,0,0,1
907901405988600,1790933561.557606,11557,tx,8358.2,206.1,351.5,,,1,0,0,1
907901551007500,1790933561.702626,11702,tx,1657.0,181.0,496.7,,,1,0,0,1
907901695043900,1790933561.846664,11846,tx,2636.0,210.3,652.3,,,1,0,0,1
907901836227600,1790933561.987849,11987,tx,7997.0,158.5,457.0,,,1,0,0,1
907901977748000,1790933562.129371,12129,tx,2857.8,307.2,936.5,,,1,0,0,1
907902119199200,1790933562.270824,12270,tx,1505.3,142.9,384.4,,,1,0,0,1
907902259798700,1790933562.411425,12411,tx,1667.7,219.3,479.6,,,1,0,0,1
907902410741300,1790933562.562369,12562,tx,1274.3,198.4,444.7,,,1,0,0,1
907902557194600,1790933562.708823,12708,tx,2072.4,266.5,576.2,,,1,0,0,1
907902698470200,1790933562.850101,12850,tx,1738.3,230.5,456.2,,,1,0,0,1
907902838815800,1790933562.990448,12990,tx,1441.4,246.6,609.2,,,1,0,0,1
907902995903300,1790933563.147537,13147,tx,1536.8,198.2,438.8,,,1,0,0,1
907903136904900,1790933563.288540,13288,tx,3765.3,309.4,747.6,,,1,0,0,1
907903276737600,1790933563.428375,13428,tx,1356.9,224.5,425.0,,,1,0,0,1
907903417202800,1790933563.568841,13568,tx,1880.9,240.0,499.3,,,1,0,0,1
907903560179100,1790933563.711818,13711,tx,3065.0,271.0,680.1,,,1,0,0,1
907903698097900,1790933563.849739,13849,tx,10602.1,223.3,530.5,,,1,0,0,1
907903843159300,1790933563.994802,13994,tx,64260.9,189.0,623.0,,,1,0,0,1
907904053667900,1790933564.205312,14205,tx,2492.9,226.1,706.0,,,1,0,0,1
907904203984600,1790933564.355631,14355,tx,2329.2,224.1,493.3,,,1,0,0,1
907904346571500,1790933564.498219,14498,tx,60242.1,256.1,735.0,,,1,0,0,1
907904535182500,1790933564.686832,14686,tx,2544.5,234.3,639.3,,,1,0,0,1
907904676531200,1790933564.828182,14828,tx,7962.0,215.0,410.8,,,1,0,0,1
907904818267800,1790933564.969920,14969,tx,1230.8,259.9,436.7,,,1,0,0,1
907904959932300,1790933565.111586,111,tx,1419.2,216.9,530.8,,,1,0,0,1
907905102034500,1790933565.253691,253,tx,1263.6,201.2,522.4,,,1,0,0,1
907905244742300,1790933565.396399,396,tx,1337.6,132.2,328.7,,,1,0,0,1
907905407225900,1790933565.558885,558,tx,1728.4,239.4,654.2,,,1,0,0,1
907905559308900,1790933565.710970,710,tx,1185.3,207.6,390.6,,,1,0,0,1
907905701026100,1790933565.852688,852,tx,1304.9,177.5,389.3,,,1,0,0,1
907905843220900,1790933565.994884,994,tx,1226.1,196.5,390.4,,,1,0,0,1
907905983218300,1790933566.134884,1134,tx,1226.7,196.4,400.2,,,1,0,0,1
907906139525200,1790933566.291192,1291,tx,1172.2,211.7,407.3,,,1,0,0,1
907906282771800,1790933566.434440,1434,tx,1681.0,259.0,476.7,,,1,0,0,1
907906424579800,1790933566.576249,1576,tx,10771.6,231.3,632.1,,,1,0,0,1
907906565717800,1790933566.717388,1717,tx,345240.2,243.3,619.4,,,1,0,0,1
907907038638300,1790933567.190314,2190,tx,1567.3,248.1,463.9,,,1,0,0,1
907907179025700,1790933567.330703,2330,tx,1454.1,221.1,444.8,,,1,0,0,1
907907322303600,1790933567.473983,2473,tx,1539.8,149.1,332.8,,,1,0,0,1
907907463943300,1790933567.615624,2615,tx,1280.2,206.4,388.1,,,1,0,0,1
907907605696000,1790933567.757378,2757,tx,1986.0,329.2,601.7,,,1,0,0,1
907907746611100,1790933567.898294,2898,tx,3670.7,268.6,451.9,,,1,0,0,1
907907888237200,1790933568.039922,3039,tx,1447.7,212.1,391.4,,,1,0,0,1
907908029974100,1790933568.181660,3181,tx,2303.2,241.8,751.4,,,1,0,0,1
907908172360700,1790933568.324048,3324,tx,9573.7,190.9,420.7,,,1,0,0,1
907908313668000,1790933568.465357,3465,tx,1308.4,200.3,372.9,,,1,0,0,1
907908455099700,1790933568.606790,3606,tx,1108.4,199.8,391.2,,,1,0,0,1
907908596993300,1790933568.748685,3748,tx,3018.0,328.4,777.7,,,1,0,0,1
907908739532800,1790933568.891226,3891,tx,1188.1,167.1,329.4,,,1,0,0,1
907908903855900,1790933569.055552,4055,tx,1377.0,296.0,425.8,,,1,0,0,1
907909052774000,1790933569.204471,4204,tx,9591.0,241.8,504.5,,,1,0,0,1
907909194212800,1790933569.345911,4345,tx,1648.7,227.4,491.4,,,1,0,0,1
907909334949200,1790933569.486649,4486,tx,1476.3,224.3,442.5,,,1,0,0,1
907909477833500,1790933569.629534,4629,tx,3159.3,267.7,686.4,,,1,0,0,1
907909619432100,1790933569.771135,4771,tx,2061.1,245.7,511.2,,,1,0,0,1
907909763069200,1790933569.914773,4914,tx,1370.9,205.0,422.4,,,1,0,0,1
907909916621900,1790933570.068328,5068,tx,1541.4,147.1,284.6,,,1,0,0,1
907910060229800,1790933570.211937,5211,tx,2501.6,162.4,455.3,,,1,0,0,1
907910215900300,1790933570.367607,5367,tx,3189.5,234.1,669.5,,,1,0,0,1
907910407425400,1790933570.559137,5559,tx,2417.1,195.1,433.6,,,1,0,0,1
907910546355000,1790933570.698067,5698,tx,2052.9,242.5,529.4,,,1,0,0,1
907910687115000,1790933570.838828,5838,tx,12257.7,308.4,940.8,,,1,0,0,1
907910844185800,1790933570.995901,5995,tx,26862.5,224.1,427.5,,,1,0,0,1
907910988498400,1790933571.140215,6140,tx,2242.7,249.1,503.8,,,1,0,0,1
907911129718100,1790933571.281437,6281,tx,8349.0,191.3,540.0,,,1,0,0,1
907911273306100,1790933571.425026,6425,tx,1501.5,239.6,468.2,,,1,0,0,1
907911416404100,1790933571.568126,6568,tx,8175.3,245.9,518.6,,,1,0,0,1
907911558126300,1790933571.709849,6709,tx,2954.5,296.1,1080.8,,,1,0,0,1
907911697802500,1790933571.849527,6849,tx,1607.0,228.4,464.9,,,1,0,0,1
907911840407500,1790933571.992133,6992,tx,1419.1,195.1,422.7,,,1,0,0,1
907911981314100,1790933572.133041,7133,tx,1766.8,126.7,524.9,,,1,0,0,1
907912123752000,1790933572.275481,7275,tx,1591.3,272.1,528.1,,,1,0,0,1
907912265282400,1790933572.417012,7417,tx,2117.8,174.5,441.2,,,1,0,0,1
907912407317200,1790933572.559049,7559,tx,2110.1,222.4,383.2,,,1,0,0,1
907912549829600,1790933572.701563,7701,tx,9572.4,169.6,558.8,,,1,0,0,1
907912691394600,1790933572.843129,7843,tx,1364.1,268.5,453.4,,,1,0,0,1
907912833058500,1790933572.984794,7984,tx,1637.5,244.9,470.8,,,1,0,0,1
907912974924500,1790933573.126662,8126,tx,1077.5,206.7,391.1,,,1,0,0,1
907913115809700,1790933573.267549,8267,tx,1774.0,219.5,485.5,,,1,0,0,1
907913256017300,1790933573.407758,8407,tx,2270.5,428.0,651.5,,,1,0,0,1
907913410473600,1790933573.562216,8562,tx,1242.2,204.6,424.9,,,1,0,0,1
907913559271400,1790933573.711015,8711,tx,1476.6,225.9,404.6,,,1,0,0,1
907913716620000,1790933573.868365,8868,tx,2281.1,347.2,676.8,,,1,0,0,1
907913857592900,1790933574.009339,9009,tx,28424.4,246.4,646.3,,,1,0,0,1
907913998464200,1790933574.150212,9150,tx,1662.5,277.8,511.2,,,1,0,0,1
907914141456700,1790933574.293206,9293,tx,1989.7,200.2,584.5,,,1,0,0,1
907914282145900,1790933574.433897,9433,tx,3457.8,355.8,767.3,,,1,0,0,1
907914423329000,1790933574.575082,9575,tx,1966.6,204.8,755.7,,,1,0,0,1
907914564742400,1790933574.716497,9716,tx,1709.2,304.1,506.7,,,1,0,0,1
907914706317400,1790933574.858073,9858,tx,2199.3,288.8,595.6,,,1,0,0,1
907914849120200,1790933575.000878,10000,tx,54051.9,125.5,295.1,,,1,0,0,1
907915005503800,1790933575.157263,10157,tx,1903.7,183.8,727.7,,,1,0,0,1
907915148443300,1790933575.300204,10300,tx,1438.3,205.0,396.7,,,1,0,0,1
907915290165700,1790933575.441927,10441,tx,23977.5,222.1,1307.1,,,1,0,0,1
907915430595500,1790933575.582359,10582,tx,1643.1,221.4,405.5,,,1,0,0,1
907915573805100,1790933575.725570,10725,tx,2406.2,256.8,566.5,,,1,0,0,1
907915713774600,1790933575.865541,10865,tx,2061.7,262.4,551.1,,,1,0,0,1
907915856169600,1790933576.007937,11007,tx,56122.4,181.6,596.7,,,1,0,0,1
907916013107000,1790933576.164876,11164,tx,1739.2,203.8,613.2,,,1,0,0,1
907916153562400,1790933576.305333,11305,tx,1457.5,249.8,492.4,,,1,0,0,1
907916294876700,1790933576.446649,11446,tx,1891.3,240.7,616.6,,,1,0,0,1
907916436732500,1790933576.588506,11588,tx,1411.8,264.5,443.0,,,1,0,0,1
907916578902600,1790933576.730678,11730,tx,1388.0,287.6,474.0,,,1,0,0,1
907916719315100,1790933576.871092,11871,tx,7656.5,179.2,367.1,,,1,0,0,1
907916860989300,1790933577.012767,12012,tx,26781.4,178.6,379.2,,,1,0,0,1
907917001642200,1790933577.153421,12153,tx,1960.3,314.0,624.5,,,1,0,0,1
907917143381700,1790933577.295163,12295,tx,1259.9,231.9,391.2,,,1,0,0,1
907917300801100,1790933577.452583,12452,tx,2469.4,193.9,672.7,,,1,0,0,1
907917441057900,1790933577.592842,12592,tx,1278.8,235.8,469.9,,,1,0,0,1
907917583768300,1790933577.735554,12735,tx,2689.6,262.7,601.8,,,1,0,0,1
907917726651500,1790933577.878439,12878,tx,1782.0,256.4,727.0,,,1,0,0,1
907917868629600,1790933578.020418,13020,tx,63351.6,245.0,430.2,,,1,0,0,1
907918028613300,1790933578.180403,13180,tx,3705.6,209.7,838.9,,,1,0,0,1
907918171194000,1790933578.322986,13322,tx,1764.1,262.2,678.8,,,1,0,0,1
907918313813000,1790933578.465606,13465,tx,1402.8,230.8,436.5,,,1,0,0,1
907918455243400,1790933578.607038,13607,tx,1759.6,230.8,461.2,,,1,0,0,1
907918597722100,1790933578.749518,13749,tx,1437.2,204.1,430.7,,,1,0,0,1
907918739245300,1790933578.891042,13891,tx,1535.0,244.8,506.0,,,1,0,0,1
907918924317100,1790933579.076117,14076,tx,1433.9,260.3,510.3,,,1,0,0,1
907919071585200,1790933579.223386,14223,tx,2528.7,298.3,620.8,,,1,0,0,1
907919212982600,1790933579.364785,14364,tx,1761.7,219.4,463.8,,,1,0,0,1
907919354424500,1790933579.506228,14506,tx,67358.4,179.1,465.5,,,1,0,0,1
907919550018700,1790933579.701824,14701,tx,2776.9,192.9,961.0,,,1,0,0,1
907919700070800,1790933579.851878,14851,tx,1515.9,225.3,407.8,,,1,0,0,1
907919837749600,1790933579.989558,14989,tx,1256.6,286.6,495.9,,,1,0,0,1
907919980191100,1790933580.132002,132,tx,1151.2,178.8,372.4,,,1,0,0,1
907920123696300,1790933580.275508,275,tx,7298.4,186.7,525.4,,,1,0,0,1
907920266633400,1790933580.418446,418,tx,1569.6,255.3,591.3,,,1,0,0,1
907920424058000,1790933580.575873,575,tx,1310.3,222.4,373.7,,,1,0,0,1
907920565521200,1790933580.717338,717,tx,1995.0,208.8,524.8,,,1,0,0,1
907920705722300,1790933580.857540,857,tx,1787.7,164.1,490.9,,,1,0,0,1
907920848722600,1790933581.000541,1000,tx,3119.2,264.4,711.2,,,1,0,0,1
907920988711300,1790933581.140532,1140,tx,10198.8,253.0,532.4,,,1,0,0,1
907921147538300,1790933581.299361,1299,tx,3906.6,184.9,1256.0,,,1,0,0,1
907921286723000,1790933581.438547,1438,tx,1636.8,172.2,339.6,,,1,0,0,1
907921427875300,1790933581.579701,1579,tx,9034.6,153.7,369.8,,,1,0,0,1
907921568455800,1790933581.720282,1720,tx,3341.6,295.9,718.7,,,1,0,0,1
907921708503300,1790933581.860332,1860,tx,1406.0,228.9,404.6,,,1,0,0,1
907921849840300,1790933582.001670,2001,tx,3278.4,303.7,707.4,,,1,0,0,1
907921990992600,1790933582.142824,2142,tx,1313.6,205.5,372.9,,,1,0,0,1
907922131680200,1790933582.283513,2283,tx,1237.5,164.4,427.9,,,1,0,0,1
907922274337400,1790933582.426172,2426,tx,1277.3,171.3,391.8,,,1,0,0,1
907922422892100,1790933582.574728,2574,tx,1537.9,232.5,726.4,,,1,0,0,1
907922574271800,1790933582.726109,2726,tx,1437.9,225.6,580.9,,,1,0,0,1
907922715728300,1790933582.867567,2867,tx,1684.4,227.2,591.5,,,1,0,0,1
907922857153200,1790933583.008993,3008,tx,40654.0,274.5,842.2,,,1,0,0,1
907923022734500,1790933583.174577,3174,tx,1321.0,197.8,333.9,,,1,0,0,1
907923173159700,1790933583.325003,3325,tx,11824.9,256.3,579.7,,,1,0,0,1
907923315943900,1790933583.467789,3467,tx,1963.3,233.0,495.2,,,1,0,0,1
907923458707200,1790933583.610554,3610,tx,1846.6,248.1,585.4,,,1,0,0,1
907923602044300,1790933583.753893,3753,tx,1325.9,208.8,378.0,,,1,0,0,1
907923744064600,1790933583.895915,3895,tx,1688.2,219.9,452.6,,,1,0,0,1
907923927976500,1790933584.079829,4079,tx,1514.0,282.7,599.8,,,1,0,0,1
907924074825200,1790933584.226678,4226,tx,1567.7,216.7,411.6,,,1,0,0,1
907924216317900,1790933584.368172,4368,tx,2208.7,307.9,635.6,,,1,0,0,1
907924358308000,1790933584.510164,4510,tx,2437.8,260.3,572.4,,,1,0,0,1
907924498843000,1790933584.650701,4650,tx,4284.5,234.8,534.6,,,1,0,0,1
907924640853500,1790933584.792713,4792,tx,1484.0,221.8,397.8,,,1,0,0,1
907924782989800,1790933584.934850,4934,tx,2514.0,236.4,831.0,,,1,0,0,1
907924925128100,1790933585.076990,5076,tx,18497.9,254.8,454.9,,,1,0,0,1
907925066991900,1790933585.218855,5218,tx,1326.5,215.3,401.9,,,1,0,0,1
907925208423200,1790933585.360288,5360,tx,1447.3,219.2,417.6,,,1,0,0,1
907925351428100,1790933585.503295,5503,tx,1308.3,200.6,386.8,,,1,0,0,1
907925492354700,1790933585.644223,5644,tx,1424.9,218.9,431.8,,,1,0,0,1
907925633227400,1790933585.785097,5785,tx,1390.3,276.1,478.6,,,1,0,0,1
907925776251300,1790933585.928122,5928,tx,2225.4,239.2,713.2,,,1,0,0,1
907925916433600,1790933586.068306,6068,tx,15100.4,170.7,400.4,,,1,0,0,1
907926060535100,1790933586.212409,6212,tx,1707.5,228.0,537.2,,,1,0,0,1
907926201709600,1790933586.353585,6353,tx,1032.7,165.1,359.2,,,1,0,0,1
907926343814000,1790933586.495691,6495,tx,5476.4,237.5,554.5,,,1,0,0,1
907926485322500,1790933586.637201,6637,tx,1689.0,209.4,435.1,,,1,0,0,1
907926627743000,1790933586.779623,6779,tx,2864.2,204.5,484.8,,,1,0,0,1
907926769183800,1790933586.921064,6921,tx,2678.5,221.6,856.9,,,1,0,0,1
907926919451400,1790933587.071334,7071,tx,1265.4,206.1,336.9,,,1,0,0,1
907927067266200,1790933587.219150,7219,tx,1419.8,196.6,443.9,,,1,0,0,1
907927210219900,1790933587.362106,7362,tx,1865.6,269.7,671.3,,,1,0,0,1
907927353210300,1790933587.505098,7505,tx,1463.9,159.1,383.7,,,1,0,0,1
907927495495300,1790933587.647384,7647,tx,1257.7,231.3,428.4,,,1,0,0,1
907927636695200,1790933587.788584,7788,tx,2563.7,168.2,544.4,,,1,0,0,1
907927777692400,1790933587.929583,7929,tx,9813.1,309.3,703.4,,,1,0,0,1
907927931309800,1790933588.083203,8083,tx,1393.6,214.0,541.3,,,1,0,0,1
907928075833200,1790933588.227727,8227,tx,4463.3,290.4,694.2,,,1,0,0,1
907928232077200,1790933588.383974,8383,tx,1711.0,231.9,411.3,,,1,0,0,1
907928375390000,1790933588.527288,8527,tx,47468.0,288.2,471.1,,,1,0,0,1
907928554793500,1790933588.706693,8706,tx,2605.5,231.5,632.8,,,1,0,0,1
907928706607300,1790933588.858509,8858,tx,1276.6,188.8,406.9,,,1,0,0,1
907928849356000,1790933589.001259,9001,tx,1670.1,213.2,470.1,,,1,0,0,1
907928991821500,1790933589.143726,9143,tx,1206.0,307.3,496.1,,,1,0,0,1
907929132331500,1790933589.284237,9284,tx,1293.7,218.5,451.4,,,1,0,0,1
907929274274600,1790933589.426181,9426,tx,1316.0,202.8,551.1,,,1,0,0,1
907929433130000,1790933589.585039,9585,tx,1777.3,135.8,311.0,,,1,0,0,1
907929575225700,1790933589.727136,9727,tx,1062.8,180.9,362.0,,,1,0,0,1
907929716878000,1790933589.868790,9868,tx,1489.0,190.9,424.6,,,1,0,0,1
907929858158700,1790933590.010072,10010,tx,107770.8,224.1,906.0,,,1,0,0,1
907930061468900,1790933590.213384,10213,tx,5263.3,186.7,763.7,,,1,0,0,1
907930204985500,1790933590.356902,10356,tx,1394.1,205.6,520.4,,,1,0,0,1
907930346688500,1790933590.498607,10498,tx,1881.0,279.2,525.3,,,1,0,0,1
907930487231200,1790933590.639150,10639,tx,3730.0,379.9,949.4,,,1,0,0,1
907930627149500,1790933590.779071,10779,tx,2196.9,233.7,687.7,,,1,0,0,1
907930770393900,1790933590.922317,10922,tx,1428.9,258.0,473.9,,,1,0,0,1
907930923843100,1790933591.075768,11075,tx,2698.6,234.3,419.7,,,1,0,0,1
907931070893200,1790933591.222819,11222,tx,6675.4,190.8,773.5,,,1,0,0,1
907931213898200,1790933591.365826,11365,tx,1612.5,201.0,372.6,,,1,0,0,1
907931355945300,1790933591.507874,11507,tx,1234.3,181.9,374.0,,,1,0,0,1
907931513733700,1790933591.665664,11665,tx,1275.1,259.6,542.6,,,1,0,0,1
907931672336300,1790933591.824268,11824,tx,1662.7,298.4,527.6,,,1,0,0,1
907931813041200,1790933591.964974,11964,tx,12576.8,240.5,633.8,,,1,0,0,1
907931966704200,1790933592.118639,12118,tx,1367.9,240.4,507.0,,,1,0,0,1
907932111348300,1790933592.263285,12263,tx,1294.6,205.5,414.5,,,1,0,0,1
907932251952800,1790933592.403891,12403,tx,9303.1,197.4,534.5,,,1,0,0,1
907932425071400,1790933592.577012,12577,tx,1860.0,253.7,402.1,,,1,0,0,1
907932564225200,1790933592.716166,12716,tx,1766.3,236.4,453.1,,,1,0,0,1
907932722923300,1790933592.874866,12874,tx,2489.1,343.8,1088.2,,,1,0,0,1
907932865169200,1790933593.017114,13017,tx,1868.5,238.6,598.8,,,1,0,0,1
907933007738900,1790933593.159685,13159,tx,2027.5,322.9,583.1,,,1,0,0,1
907933147455000,1790933593.299402,13299,tx,3937.9,241.2,523.5,,,1,0,0,1
907933291791700,1790933593.443741,13443,tx,1334.9,271.9,482.7,,,1,0,0,1
907933431780200,1790933593.583731,13583,tx,1287.1,271.7,473.3,,,1,0,0,1
907933573609100,1790933593.725560,13725,tx,17746.7,261.4,664.6,,,1,0,0,1
907933714921600,1790933593.866875,13866,tx,1217.6,205.9,408.2,,,1,0,0,1
907933856280400,1790933594.008235,14008,tx,1431.8,248.2,487.2,,,1,0,0,1
907933995851800,1790933594.147808,14147,tx,1277.4,296.6,495.0,,,1,0,0,1
907934133648800,1790933594.285607,14285,tx,1627.7,216.1,468.2,,,1,0,0,1
907934281851900,1790933594.433811,14433,tx,1674.6,252.0,446.0,,,1,0,0,1
907934436150200,1790933594.588111,14588,tx,14289.4,166.8,342.5,,,1,0,0,1
907934596017300,1790933594.747980,14747,tx,1661.2,168.1,643.4,,,1,0,0,1
907934737867700,1790933594.889831,14889,tx,2223.9,239.1,558.3,,,1,0,0,1
907934878944000,1790933595.030910,30,tx,25375.4,215.2,461.2,,,1,0,0,1
907935018847000,1790933595.170814,170,tx,1651.2,259.3,494.9,,,1,0,0,1
907935165747200,1790933595.317716,317,tx,1360.7,218.7,540.3,,,1,0,0,1
907935307454500,1790933595.459424,459,tx,2932.9,308.8,710.8,,,1,0,0,1
907935465435900,1790933595.617408,617,tx,1442.7,283.8,647.5,,,1,0,0,1
907935608857200,1790933595.760830,760,tx,1850.4,233.6,510.5,,,1,0,0,1
907935749555500,1790933595.901529,901,tx,2229.7,268.1,620.8,,,1,0,0,1
907935946831500,1790933596.098808,1098,tx,1218.8,251.5,418.0,,,1,0,0,1
907936094757100,1790933596.246735,1246,tx,3271.0,175.4,366.4,,,1,0,0,1
907936236835500,1790933596.388815,1388,tx,1796.6,197.4,570.7,,,1,0,0,1
907936378507700,1790933596.530487,1530,tx,27650.3,326.0,768.3,,,1,0,0,1
907936520464100,1790933596.672444,1672,tx,11485.3,331.8,757.6,,,1,0,0,1
907936664483700,1790933596.816468,1816,tx,2082.5,140.6,359.1,,,1,0,0,1
907936989613000,1790933597.141601,2141,tx,12675.8,219.8,432.8,,,1,0,0,1
907937133708400,1790933597.285697,2285,tx,3479.2,286.4,820.0,,,1,0,0,1
907937273957800,1790933597.425948,2425,tx,2534.2,284.2,649.1,,,1,0,0,1
907937438190900,1790933597.590183,2590,tx,8988.9,248.6,404.3,,,1,0,0,1
907937588207400,1790933597.740199,2740,tx,3586.7,240.6,795.4,,,1,0,0,1
907937734229300,1790933597.886224,2886,tx,8701.8,272.5,670.7,,,1,0,0,1
907937886731000,1790933598.038728,3038,tx,27264.1,252.9,517.5,,,1,0,0,1
907938033590200,1790933598.185589,3185,tx,1474.2,220.7,533.0,,,1,0,0,1
907938185545700,1790933598.337546,3337,tx,1735.8,239.1,451.6,,,1,0,0,1
907938322626500,1790933598.474628,3474,tx,2499.8,198.9,387.9,,,1,0,0,1
907938467364100,1790933598.619367,3619,tx,1268.7,211.0,395.0,,,1,0,0,1
907938611338600,1790933598.763343,3763,tx,6966.9,204.8,331.6,,,1,0,0,1
907938749978900,1790933598.901985,3901,tx,1285.7,224.1,421.9,,,1,0,0,1
907939047227500,1790933599.199236,4199,tx,10766.5,290.4,506.2,,,1,0,0,1
907939189830300,1790933599.341840,4341,tx,1127.3,276.6,416.3,,,1,0,0,1
907939331733600,1790933599.483745,4483,tx,1679.1,291.5,536.8,,,1,0,0,1
907939474642600,1790933599.626656,4626,tx,14056.7,246.4,528.6,,,1,0,0,1
907939616892700,1790933599.768908,4768,tx,1840.3,232.3,421.5,,,1,0,0,1
907939758810500,1790933599.910827,4910,tx,1948.4,177.9,606.2,,,1,0,0,1
907939948525500,1790933600.100544,5100,tx,1815.3,203.5,412.6,,,1,0,0,1
907940089662500,1790933600.241682,5241,tx,1652.3,211.4,531.4,,,1,0,0,1
907940230831600,1790933600.382853,5382,tx,1954.0,167.5,481.8,,,1,0,0,1
907940373448100,1790933600.525471,5525,tx,1151.7,207.8,393.6,,,1,0,0,1
907940514145000,1790933600.666169,5666,tx,3755.2,304.4,703.8,,,1,0,0,1
907940656509700,1790933600.808535,5808,tx,2720.4,270.7,557.2,,,1,0,0,1
907940813887800,1790933600.965914,5965,tx,1368.5,241.7,495.9,,,1,0,0,1
907940955130300,1790933601.107159,6107,tx,1759.8,231.0,492.9,,,1,0,0,1
907941096945400,1790933601.248974,6248,tx,2771.6,237.6,661.7,,,1,0,0,1
907941239146700,1790933601.391178,6391,tx,1304.7,133.0,361.9,,,1,0,0,1
907941380156800,1790933601.532190,6532,tx,60797.1,190.4,403.8,,,1,0,0,1
907941575740500,1790933601.727776,6727,tx,2181.0,230.1,438.8,,,1,0,0,1
907941726004800,1790933601.878040,6878,tx,1332.9,225.0,536.2,,,1,0,0,1
907941867262400,1790933602.019300,7019,tx,2866.8,292.7,683.7,,,1,0,0,1
907942008554800,1790933602.160594,7160,tx,1227.4,200.2,383.6,,,1,0,0,1
907942150815200,1790933602.302856,7302,tx,1174.2,242.7,439.8,,,1,0,0,1
907942290873900,1790933602.442916,7442,tx,1177.5,130.5,363.9,,,1,0,0,1
907942432517000,1790933602.584561,7584,tx,8997.2,176.2,375.6,,,1,0,0,1
907942575418000,1790933602.727464,7727,tx,1418.5,204.0,394.8,,,1,0,0,1
907942718119300,1790933602.870167,7870,tx,1406.0,217.9,441.3,,,1,0,0,1
907942874548700,1790933603.026597,8026,tx,317789.1,238.6,429.5,,,1,0,0,1
907943301062800,1790933603.453116,8453,tx,2452.4,175.0,621.8,,,1,0,0,1
907943457603700,1790933603.609658,8609,tx,1613.2,183.4,445.1,,,1,0,0,1
907943600375400,1790933603.752431,8752,tx,1892.8,214.5,505.3,,,1,0,0,1
907943742267800,1790933603.894325,8894,tx,3680.5,267.7,856.1,,,1,0,0,1
907943884104400,1790933604.036163,9036,tx,21045.6,176.2,417.2,,,1,0,0,1
907944026870000,1790933604.178931,9178,tx,1367.4,168.3,383.3,,,1,0,0,1
907944167927000,1790933604.319987,9319,tx,4026.0,185.9,899.7,,,1,0,0,1
907944309299200,1790933604.461362,9461,tx,20375.3,289.1,715.2,,,1,0,0,1
907944448496900,1790933604.600562,9600,tx,8571.0,182.9,288.6,,,1,0,0,1
907944591951600,1790933604.744017,9744,tx,2219.8,221.2,526.6,,,1,0,0,1
907944734106000,1790933604.886170,9886,tx,6694.2,255.1,654.7,,,1,0,0,1
907944876705100,1790933605.028774,10028,tx,2101.3,175.7,496.6,,,1,0,0,1
907945017482700,1790933605.169553,10169,tx,3731.1,245.0,734.8,,,1,0,0,1
907945160117400,1790933605.312188,10312,tx,4219.9,225.1,1185.3,,,1,0,0,1
907945301995800,1790933605.454069,10454,tx,1942.3,254.8,548.6,,,1,0,0,1
907945445170600,1790933605.597246,10597,tx,1221.7,214.1,407.0,,,1,0,0,1
907945588114100,1790933605.740191,10740,tx,1707.8,193.6,453.5,,,1,0,0,1
907945731203400,1790933605.883281,10883,tx,8367.1,242.2,618.9,,,1,0,0,1
907945873595400,1790933606.025675,11025,tx,2080.9,197.0,487.5,,,1,0,0,1
907946012866000,1790933606.164947,11164,tx,1912.0,185.3,389.5,,,1,0,0,1
907946169968500,1790933606.322051,11322,tx,1400.8,216.0,394.4,,,1,0,0,1
907946313911600,1790933606.465996,11465,tx,1307.7,190.3,404.6,,,1,0,0,1
907946451775900,1790933606.603862,11603,tx,1352.5,210.7,326.1,,,1,0,0,1
907946597442700,1790933606.749529,11749,tx,12410.3,237.8,570.4,,,1,0,0,1
907946737238800,1790933606.889327,11889,tx,1424.5,259.8,498.4,,,1,0,0,1
907946882813600,1790933607.034904,12034,tx,1347.6,309.7,511.8,,,1,0,0,1
907947022968900,1790933607.175058,12175,tx,3276.0,319.3,784.4,,,1,0,0,1
907947178967700,1790933607.331061,12331,tx,1663.0,207.5,457.0,,,1,0,0,1
907947319831800,1790933607.471927,12471,tx,1352.0,276.0,497.9,,,1,0,0,1
907947475418200,1790933607.627515,12627,tx,6558.8,244.4,514.9,,,1,0,0,1
907947616116200,1790933607.768214,12768,tx,1621.8,220.3,397.3,,,1,0,0,1
907947757973600,1790933607.910073,12910,tx,1796.4,228.8,567.0,,,1,0,0,1
907947900141600,1790933608.052242,13052,tx,58241.6,247.1,782.6,,,1,0,0,1
907948081584500,1790933608.233687,13233,tx,3792.6,246.7,648.2,,,1,0,0,1
907948230885400,1790933608.382990,13382,tx,1257.1,189.5,412.5,,,1,0,0,1
907948372705200,1790933608.524811,13524,tx,1756.3,251.4,486.2,,,1,0,0,1
907948515696200,1790933608.667803,13667,tx,3091.7,202.9,512.7,,,1,0,0,1
907948656402400,1790933608.808511,13808,tx,3973.0,262.9,677.8,,,1,0,0,1
907948798642900,1790933608.950753,13950,tx,5703.5,171.5,892.3,,,1,0,0,1
907948953793000,1790933609.105905,14105,tx,1737.5,163.4,305.0,,,1,0,0,1
907949096933700,1790933609.249047,14249,tx,2073.5,244.3,507.5,,,1,0,0,1
907949239321900,1790933609.391436,14391,tx,4185.7,276.0,932.7,,,1,0,0,1
907949379913700,1790933609.532030,14532,tx,1491.5,236.0,441.2,,,1,0,0,1
907949524466800,1790933609.676584,14676,tx,1546.0,134.1,393.0,,,1,0,0,1
907949664665100,1790933609.816784,14816,tx,8383.4,246.1,496.3,,,1,0,0,1
907949808405900,1790933609.960527,14960,tx,2315.3,217.7,371.4,,,1,0,0,1
907949954271100,1790933610.106380,106,tx,1179.8,221.8,395.6,,,1,0,0,1
907950097972700,1790933610.250096,250,tx,10434.8,321.4,698.2,,,1,0,0,1
907950242098700,1790933610.394224,394,tx,1310.9,170.4,359.9,,,1,0,0,1
907950386285300,1790933610.538412,538,tx,1228.5,189.7,394.9,,,1,0,0,1
907950528764400,1790933610.680893,680,tx,1315.4,247.4,446.7,,,1,0,0,1
907950674519100,1790933610.826649,826,tx,1402.3,255.8,535.0,,,1,0,0,1
907950820778200,1790933610.972909,972,tx,2792.1,286.0,644.4,,,1,0,0,1
907950958148200,1790933611.110281,1110,tx,1562.4,152.1,271.2,,,1,0,0,1
907951104688100,1790933611.256822,1256,tx,1279.3,216.7,406.6,,,1,0,0,1
907951246259700,1790933611.398395,1398,tx,1353.6,186.8,370.3,,,1,0,0,1
907951387268700,1790933611.539406,1539,tx,1878.3,223.2,474.1,,,1,0,0,1
907951530169400,1790933611.682308,1682,tx,5599.9,180.8,368.3,,,1,0,0,1
907951669194100,1790933611.821334,1821,tx,1687.7,200.1,452.4,,,1,0,0,1
907951814539500,1790933611.966681,1966,tx,2394.9,277.2,611.5,,,1,0,0,1
907951956783800,1790933612.108927,2108,tx,19581.4,181.3,324.6,,,1,0,0,1
907952097671600,1790933612.249816,2249,tx,1059.2,204.9,345.0,,,1,0,0,1
907952237600700,1790933612.389746,2389,tx,1371.9,185.0,439.4,,,1,0,0,1
907952379631000,1790933612.531779,2531,tx,1589.3,205.8,411.4,,,1,0,0,1
907952521362100,1790933612.673512,2673,tx,1360.0,210.0,394.7,,,1,0,0,1
907952663441400,1790933612.815592,2815,tx,1395.0,186.1,488.1,,,1,0,0,1
907952806252000,1790933612.958404,2958,tx,1582.0,168.2,419.4,,,1,0,0,1
907952947969400,1790933613.100123,3100,tx,14401.8,221.9,446.3,,,1,0,0,1
907953090186000,1790933613.242341,3242,tx,1953.3,297.7,579.5,,,1,0,0,1
907953233387400,1790933613.385543,3385,tx,2131.6,242.4,551.7,,,1,0,0,1
907953377088100,1790933613.529246,3529,tx,9796.8,157.0,385.3,,,1,0,0,1
907953517430800,1790933613.669590,3669,tx,1409.7,207.6,418.6,,,1,0,0,1
907953658130400,1790933613.810291,3810,tx,2472.9,253.2,746.4,,,1,0,0,1
907953799505400,1790933613.951668,3951,tx,1554.9,179.7,395.1,,,1,0,0,1
907953953262300,1790933614.105426,4105,tx,8581.0,284.5,637.9,,,1,0,0,1
907954094769600,1790933614.246935,4246,tx,1865.5,192.5,667.0,,,1,0,0,1
907954238369900,1790933614.390536,4390,tx,3204.8,282.8,776.5,,,1,0,0,1
907954381042200,1790933614.533211,4533,tx,1314.7,161.1,326.2,,,1,0,0,1
907954522384100,1790933614.674554,4674,tx,1867.5,207.8,490.2,,,1,0,0,1
907954663525100,1790933614.815696,4815,tx,1436.2,196.1,379.9,,,1,0,0,1
907954806643100,1790933614.958815,4958,tx,10475.9,220.2,571.7,,,1,0,0,1
907954965292400,1790933615.117467,5117,tx,8367.1,153.0,326.3,,,1,0,0,1
907955107499500,1790933615.259676,5259,tx,1138.4,160.4,321.3,,,1,0,0,1
907955249677300,1790933615.401855,5401,tx,1495.4,244.1,497.2,,,1,0,0,1
907955391256300,1790933615.543435,5543,tx,1309.2,255.2,465.6,,,1,0,0,1
907955535078200,1790933615.687256,5687,tx,1848.4,244.5,803.3,,,1,0,0,1
907955678729000,1790933615.830910,5830,tx,12441.3,242.2,680.5,,,1,0,0,1
907955821516600,1790933615.973700,5973,tx,1480.5,202.1,447.2,,,1,0,0,1
907955977173200,1790933616.129358,6129,tx,1367.5,212.4,633.4,,,1,0,0,1
907956118484600,1790933616.270671,6270,tx,9764.9,208.5,423.2,,,1,0,0,1
907956259264600,1790933616.411452,6411,tx,1886.9,258.3,529.5,,,1,0,0,1
907956402004100,1790933616.554193,6554,tx,1329.1,211.4,433.3,,,1,0,0,1
907956544510000,1790933616.696701,6696,tx,1596.7,222.1,485.6,,,1,0,0,1
907956687242500,1790933616.839435,6839,tx,1530.0,246.4,433.2,,,1,0,0,1
907956843285300,1790933616.995479,6995,tx,1332.8,237.4,430.3,,,1,0,0,1
907956982347400,1790933617.134543,7134,tx,1376.9,219.5,400.6,,,1,0,0,1
907957125403600,1790933617.277601,7277,tx,1834.6,176.9,390.9,,,1,0,0,1
907957266964700,1790933617.419163,7419,tx,2296.4,277.3,571.9,,,1,0,0,1
907957410072600,1790933617.562263,7562,tx,27501.8,315.3,1048.6,,,1,0,0,1
907957553518800,1790933617.705720,7705,tx,1771.7,213.3,508.0,,,1,0,0,1
907957694103000,1790933617.846306,7846,tx,1834.2,223.4,465.1,,,1,0,0,1
907957835150600,1790933617.987355,7987,tx,1470.6,257.4,578.9,,,1,0,0,1
907957976562700,1790933618.128768,8128,tx,4909.8,339.2,709.3,,110453.6,1,0,0,1
907958117279700,1790933618.269473,8269,idle,1080.1,131.9,282.8,,,0,0,0,0
907958258170600,1790933618.410379,8410,idle,2188.5,228.6,534.0,,,0,0,0,0
907958459124800,1790933618.611336,8611,idle,35675.2,,,,,0,0,0,0
907958597620500,1790933618.749833,8749,idle,3864.2,,,,,0,0,0,0
907958744279500,1790933618.896493,8896,idle,5621.9,,,,,0,0,0,0
907958887715800,1790933619.039931,9039,tx,176115.1,,,,,1,0,0,1
907959179928600,1790933619.332147,9332,tx,10609.5,196.3,631.9,,,1,0,0,1
907959329572200,1790933619.481792,9481,tx,1444.9,143.7,354.1,,,1,0,0,1
907959472165600,1790933619.624387,9624,tx,2246.7,157.0,341.8,,,1,0,0,1
907959613306200,1790933619.765529,9765,tx,8896.7,160.2,625.1,,,1,0,0,1
907959754857000,1790933619.907081,9907,tx,2278.8,257.6,431.1,,,1,0,0,1
907959897507100,1790933620.049733,10049,tx,1259.2,190.6,393.9,,,1,0,0,1
907960039678900,1790933620.191906,10191,tx,1845.7,251.0,552.2,,,1,0,0,1
907960182263800,1790933620.334492,10334,tx,1622.5,267.0,484.0,,,1,0,0,1
907960324196700,1790933620.476426,10476,tx,2444.0,230.0,581.0,,,1,0,0,1
907960474484200,1790933620.626716,10626,tx,1162.1,174.9,359.7,,,1,0,0,1
907960623122400,1790933620.775355,10775,tx,2106.0,221.0,498.9,,,1,0,0,1
907960779811500,1790933620.932046,10932,tx,1801.8,179.9,390.2,,,1,0,0,1
907960922034600,1790933621.074271,11074,tx,28408.4,214.8,375.8,,,1,0,0,1
907961063282400,1790933621.215501,11215,tx,1892.5,256.9,438.8,,,1,0,0,1
907961207235400,1790933621.359474,11359,tx,1150.2,183.5,376.9,,,1,0,0,1
907961350629600,1790933621.502869,11502,tx,2239.1,280.8,605.3,,,1,0,0,1
907961490648300,1790933621.642890,11642,tx,1395.8,276.0,555.0,,,1,0,0,1
907961631782600,1790933621.784026,11784,tx,1331.2,259.8,458.4,,,1,0,0,1
907961773119100,1790933621.925364,11925,tx,1935.0,186.0,427.8,,,1,0,0,1
907961915863600,1790933622.068110,12068,tx,51029.5,253.5,527.0,,,1,0,0,1
907962070213500,1790933622.222461,12222,tx,1701.8,230.1,412.8,,,1,0,0,1
907962214553400,1790933622.366803,12366,tx,1314.4,219.1,392.8,,,1,0,0,1
907962357989300,1790933622.510240,12510,tx,11139.8,212.2,484.1,,,1,0,0,1
907962499006600,1790933622.651259,12651,tx,1639.5,240.8,444.0,,,1,0,0,1
907962641430300,1790933622.793684,12793,tx,1381.0,256.2,451.5,,,1,0,0,1
907962782842700,1790933622.935098,12935,tx,23181.5,187.4,540.3,,,1,0,0,1
907962974457800,1790933623.126716,13126,tx,7084.5,187.1,362.0,,,1,0,0,1
907963114827200,1790933623.267085,13267,tx,11751.7,235.8,516.8,,,1,0,0,1
907963253765300,1790933623.406026,13406,tx,1722.3,254.0,447.9,,,1,0,0,1
907963397413500,1790933623.549675,13549,tx,1670.5,236.8,469.7,,,1,0,0,1
907963540237900,1790933623.692500,13692,tx,3454.3,192.0,673.4,,,1,0,0,1
907963697309900,1790933623.849575,13849,tx,1761.9,254.0,708.6,,,1,0,0,1
907963839958600,1790933623.992225,13992,tx,1304.2,198.0,418.3,,,1,0,0,1
907963982955700,1790933624.135224,14135,tx,1233.9,241.9,483.3,,,1,0,0,1
907964125386400,1790933624.277656,14277,tx,1225.3,216.6,391.7,,,1,0,0,1
907964267857200,1790933624.420128,14420,tx,2809.4,279.1,690.0,,,1,0,0,1
907964408711700,1790933624.560984,14560,tx,62131.7,225.9,589.4,,,1,0,0,1
907964598193300,1790933624.750468,14750,tx,2962.4,137.1,456.5,,,1,0,0,1
907964739709700,1790933624.891986,14891,tx,1367.2,209.0,401.4,,,1,0,0,1
907964881161300,1790933625.033439,33,tx,3016.2,174.2,337.1,,,1,0,0,1
907965023873000,1790933625.176152,176,tx,1427.2,174.4,498.6,,,1,0,0,1
907965166580500,1790933625.318861,318,tx,1603.3,217.2,458.1,,,1,0,0,1
907965316996500,1790933625.469278,469,tx,7613.8,214.1,597.0,,,1,0,0,1
907965459250100,1790933625.611534,611,tx,1634.4,263.2,671.3,,,1,0,0,1
907965601869700,1790933625.754154,754,tx,2456.2,263.0,592.0,,,1,0,0,1
907965744048100,1790933625.896335,896,tx,8460.4,226.8,439.6,,,1,0,0,1
907965904159600,1790933626.056447,1056,tx,2611.0,280.6,835.5,,,1,0,0,1
907966047765900,1790933626.200056,1200,tx,1680.6,287.6,509.8,,,1,0,0,1
907966188689300,1790933626.340981,1340,tx,1086.5,176.3,370.7,,,1,0,0,1
907966331157600,1790933626.483450,1483,tx,1236.2,180.2,353.9,,,1,0,0,1
907966484980200,1790933626.637274,1637,tx,1549.3,277.1,708.9,,,1,0,0,1
907966629280600,1790933626.781576,1781,tx,1858.8,184.3,510.3,,,1,0,0,1
907966772128600,1790933626.924426,1924,tx,1574.5,234.0,444.3,,,1,0,0,1
907966915442500,1790933627.067740,2067,tx,32590.0,250.1,715.6,,,1,0,0,1
907967058103400,1790933627.210401,2210,tx,11711.1,243.0,668.5,,,1,0,0,1
907967215245200,1790933627.367547,2367,tx,1250.9,176.1,402.3,,,1,0,0,1
907967356993000,1790933627.509296,2509,tx,1303.8,220.7,435.5,,,1,0,0,1
907967498931000,1790933627.651236,2651,tx,1266.4,212.6,398.2,,,1,0,0,1
907967642164300,1790933627.794470,2794,tx,1513.7,201.9,593.6,,,1,0,0,1
907967785673300,1790933627.937981,2937,tx,1474.1,213.7,664.8,,,1,0,0,1
907967968786700,1790933628.121096,3121,tx,1757.9,308.5,469.1,,,1,0,0,1
907968114105800,1790933628.266417,3266,tx,1445.9,208.4,498.0,,,1,0,0,1
907968256571400,1790933628.408884,3408,tx,8858.5,313.8,626.1,,,1,0,0,1
907968397626600,1790933628.549940,3549,tx,1343.1,216.2,424.0,,,1,0,0,1
907968539600300,1790933628.691916,3691,tx,1303.2,201.3,416.6,,,1,0,0,1
907968683823400,1790933628.836141,3836,tx,1156.6,192.3,375.3,,,1,0,0,1
907968825248400,1790933628.977567,3977,tx,6897.0,287.6,699.0,,,1,0,0,1
907968972154800,1790933629.124475,4124,tx,1368.2,238.4,457.8,,,1,0,0,1
907969124103300,1790933629.276425,4276,tx,1434.6,194.7,419.6,,,1,0,0,1
907969268571900,1790933629.420895,4420,tx,1417.6,168.1,355.2,,,1,0,0,1
907969408557900,1790933629.560882,4560,tx,58998.4,160.7,351.8,,,1,0,0,1
907969597282500,1790933629.749609,4749,tx,1405.1,197.1,517.3,,,1,0,0,1
907969738905200,1790933629.891233,4891,tx,1808.9,198.8,465.0,,,1,0,0,1
907969881228400,1790933630.033558,5033,tx,1529.6,235.9,589.0,,,1,0,0,1
907970021311600,1790933630.173642,5173,tx,1699.4,247.7,480.5,,,1,0,0,1
907970161468500,1790933630.313801,5313,tx,1408.0,236.5,434.8,,,1,0,0,1
907970304523600,1790933630.456857,5456,tx,1715.9,248.4,525.0,,,1,0,0,1
907970475387600,1790933630.627723,5627,tx,1221.2,210.1,334.2,,,1,0,0,1
907970618932100,1790933630.771269,5771,tx,2008.0,274.1,592.8,,,1,0,0,1
907970760889400,1790933630.913226,5913,tx,3834.0,309.4,1220.7,,,1,0,0,1
907970904068200,1790933631.056409,6056,tx,2878.3,183.2,369.7,,,1,0,0,1
907971045227600,1790933631.197569,6197,tx,1439.6,229.5,534.9,,,1,0,0,1
907971187891700,1790933631.340234,6340,tx,4599.7,195.5,638.1,,,1,0,0,1
907971325181800,1790933631.477526,6477,tx,10668.0,343.0,779.5,,,1,0,0,1
907971472878100,1790933631.625224,6625,tx,1283.2,194.8,375.2,,,1,0,0,1
907971615061900,1790933631.767409,6767,tx,1658.0,174.9,459.7,,,1,0,0,1
907971754170800,1790933631.906520,6906,tx,5205.7,168.7,606.1,,,1,0,0,1
907971894789800,1790933632.047140,7047,tx,1750.9,230.3,470.7,,,1,0,0,1
907972035869000,1790933632.188221,7188,tx,1078.6,240.6,372.1,,,1,0,0,1
907972179412300,1790933632.331765,7331,tx,3320.3,305.2,698.2,,,1,0,0,1
907972320795100,1790933632.473150,7473,tx,1427.2,232.5,466.0,,,1,0,0,1
907972464979000,1790933632.617336,7617,tx,1390.9,258.2,391.5,,,1,0,0,1
907972604089000,1790933632.756447,7756,tx,1747.6,239.7,518.5,,,1,0,0,1
907972746264200,1790933632.898623,7898,tx,8892.9,243.9,1101.6,,,1,0,0,1
907972885996200,1790933633.038357,8038,tx,1601.6,173.7,408.9,,,1,0,0,1
907973028468300,1790933633.180830,8180,tx,2140.5,244.6,552.1,,,1,0,0,1
907973169825100,1790933633.322189,8322,tx,1316.5,237.2,422.5,,,1,0,0,1
907973311573500,1790933633.463939,8463,tx,1360.8,217.8,397.8,,,1,0,0,1
907973475772400,1790933633.628139,8628,tx,1191.0,167.7,289.0,,,1,0,0,1
907973626632700,1790933633.779001,8779,tx,1776.5,175.1,540.8,,,1,0,0,1
907973768785500,1790933633.921155,8921,tx,1761.9,203.9,447.5,,,1,0,0,1
907973910145200,1790933634.062516,9062,tx,58479.9,262.1,721.8,,,1,0,0,1
907974097022800,1790933634.249396,9249,tx,1335.8,265.7,400.8,,,1,0,0,1
907974239118400,1790933634.391493,9391,tx,3194.0,262.0,675.1,,,1,0,0,1
907974380015500,1790933634.532391,9532,tx,6425.6,194.4,472.9,,,1,0,0,1
907974522165800,1790933634.674543,9674,tx,1520.3,247.0,463.8,,,1,0,0,1
907974664527300,1790933634.816906,9816,tx,1069.4,117.6,271.8,,,1,0,0,1
907974804892400,1790933634.957273,9957,tx,6161.2,298.4,750.8,,,1,0,0,1
907974977087800,1790933635.129470,10129,tx,1434.0,233.9,409.9,,,1,0,0,1
907975120136300,1790933635.272520,10272,tx,1839.1,310.5,607.1,,,1,0,0,1
907975261980500,1790933635.414366,10414,tx,5423.5,213.5,1697.0,,,1,0,0,1
907975402578700,1790933635.554965,10554,tx,1631.0,346.4,613.7,,,1,0,0,1
907975543451800,1790933635.695840,10695,tx,1086.6,230.6,395.3,,,1,0,0,1
907975686542500,1790933635.838932,10838,tx,1560.6,200.0,386.7,,,1,0,0,1
907975827926200,1790933635.980317,10980,tx,1607.0,220.7,553.5,,,1,0,0,1
907975970198400,1790933636.122591,11122,tx,1299.0,227.1,423.0,,,1,0,0,1
907976111934000,1790933636.264328,11264,tx,2218.9,227.9,568.7,,,1,0,0,1
907976251022800,1790933636.403418,11403,tx,1624.4,204.7,486.1,,,1,0,0,1
907976393851900,1790933636.546248,11546,tx,1662.8,243.6,491.7,,,1,0,0,1
907976534445600,1790933636.686844,11686,tx,3061.2,232.4,648.7,,,1,0,0,1
907976676074800,1790933636.828475,11828,tx,10274.2,249.7,538.2,,,1,0,0,1
907976816102400,1790933636.968504,11968,tx,1525.3,190.7,553.9,,,1,0,0,1
907976968034500,1790933637.120438,12120,tx,1316.0,212.0,394.2,,,1,0,0,1
907977114136600,1790933637.266541,12266,tx,9573.7,205.1,489.2,,,1,0,0,1
907977256600500,1790933637.409007,12409,tx,2117.0,223.5,601.8,,,1,0,0,1
907977398286800,1790933637.550694,12550,tx,3970.3,314.4,840.4,,,1,0,0,1
907977539298100,1790933637.691707,12691,tx,3511.7,326.1,772.4,,,1,0,0,1
907977680033700,1790933637.832444,12832,tx,1537.7,202.3,425.8,,,1,0,0,1
907977822940500,1790933637.975353,12975,tx,1841.7,226.4,473.5,,,1,0,0,1
907977975048400,1790933638.127462,13127,tx,7218.6,229.3,442.7,,,1,0,0,1
907978121186100,1790933638.273601,13273,tx,1714.4,240.3,448.7,,,1,0,0,1
907978263497700,1790933638.415915,13415,tx,1445.5,160.2,364.9,,,1,0,0,1
907978403860700,1790933638.556278,13556,tx,2702.7,265.3,866.4,,,1,0,0,1
907978546055700,1790933638.698475,13698,tx,1171.6,179.5,369.0,,,1,0,0,1
907978685980400,1790933638.838402,13838,tx,1320.8,213.2,541.9,,,1,0,0,1
907978827277000,1790933638.979699,13979,tx,1987.5,205.8,474.7,,,1,0,0,1
907978966553500,1790933639.118977,14118,tx,2003.5,246.6,748.7,,,1,0,0,1
907979107419200,1790933639.259845,14259,tx,1749.3,238.1,455.6,,,1,0,0,1
907979263434600,1790933639.415862,14415,tx,1169.4,196.8,406.6,,,1,0,0,1
907979405024600,1790933639.557453,14557,tx,1616.3,222.2,454.7,,,1,0,0,1
907979546622300,1790933639.699052,14699,tx,1414.5,243.7,446.5,,,1,0,0,1
907979687059200,1790933639.839491,14839,tx,1687.1,239.3,557.3,,,1,0,0,1
907979829629400,1790933639.982062,14982,tx,2751.8,240.1,453.3,,,1,0,0,1
907979985977200,1790933640.138412,138,tx,1516.2,191.5,378.0,,,1,0,0,1
907980128016000,1790933640.280452,280,tx,1563.1,204.7,504.7,,,1,0,0,1
907980269798100,1790933640.422235,422,tx,2125.2,228.5,518.2,,,1,0,0,1
907980412946500,1790933640.565386,565,tx,27093.9,241.3,515.2,,,1,0,0,1
907980567657000,1790933640.720098,720,tx,1839.7,308.5,646.5,,,1,0,0,1
907980710758500,1790933640.863201,863,tx,1927.7,217.7,459.2,,,1,0,0,1
907980854270400,1790933641.006713,1006,tx,18388.7,155.7,860.2,,,1,0,0,1
907980994245400,1790933641.146691,1146,tx,2103.0,263.6,973.8,,,1,0,0,1
907981151269500,1790933641.303716,1303,tx,2589.0,246.1,626.2,,,1,0,0,1
907981291716800,1790933641.444165,1444,tx,4041.8,259.8,523.2,,,1,0,0,1
907981475828900,1790933641.628279,1628,tx,1303.8,187.8,483.4,,,1,0,0,1
907981622536400,1790933641.774987,1774,tx,19837.4,274.4,649.4,,,1,0,0,1
907981761852600,1790933641.914306,1914,tx,1266.0,200.0,514.4,,,1,0,0,1
907981904435700,1790933642.056889,2056,tx,3973.9,339.5,795.3,,,1,0,0,1
907982044864600,1790933642.197321,2197,tx,1376.3,209.7,409.1,,,1,0,0,1
907982187430600,1790933642.339888,2339,tx,1588.4,216.2,434.7,,,1,0,0,1
907982328993500,1790933642.481452,2481,tx,1453.2,261.1,461.1,,,1,0,0,1
907982487690200,1790933642.640151,2640,tx,9419.4,242.2,581.0,,,1,0,0,1
907982626451200,1790933642.778913,2778,tx,2106.8,292.0,572.3,,,1,0,0,1
907982764911800,1790933642.917375,2917,tx,3630.9,287.3,665.8,,,1,0,0,1
907982905716700,1790933643.058181,3058,tx,2245.2,268.7,547.8,,,1,0,0,1
907983046160700,1790933643.198627,3198,tx,9043.2,234.8,456.6,,,1,0,0,1
907983187490100,1790933643.339958,3339,tx,2196.1,235.1,722.4,,,1,0,0,1
907983327860600,1790933643.480329,3480,tx,4792.7,288.4,792.0,,,1,0,0,1
907983468915900,1790933643.621386,3621,tx,8839.2,148.8,459.7,,,1,0,0,1
907983611561500,1790933643.764034,3764,tx,1966.2,191.7,373.9,,,1,0,0,1
907983753169300,1790933643.905643,3905,tx,1440.3,180.6,387.2,,,1,0,0,1
907983893250300,1790933644.045725,4045,tx,3431.1,274.7,654.2,,,1,0,0,1
907984033349500,1790933644.185826,4185,tx,1710.0,287.1,627.8,,,1,0,0,1
907984175899700,1790933644.328377,4328,tx,2071.5,199.8,799.5,,,1,0,0,1
907984316733100,1790933644.469212,4469,tx,2865.7,230.3,592.2,,,1,0,0,1
907984480834200,1790933644.633316,4633,tx,1299.7,280.8,402.2,,,1,0,0,1
907984630013000,1790933644.782496,4782,tx,1079.4,192.8,380.8,,,1,0,0,1
907984771523900,1790933644.924008,4924,tx,1272.9,220.9,405.5,,,1,0,0,1
907984917378500,1790933645.069864,5069,tx,36111.9,259.2,712.4,,,1,0,0,1
907985057632500,1790933645.210120,5210,tx,1876.0,276.9,563.1,,,1,0,0,1
907985199336600,1790933645.351825,5351,tx,1358.7,171.5,395.2,,,1,0,0,1
907985339801300,1790933645.492292,5492,tx,8963.3,248.3,437.9,,,1,0,0,1
907985495320000,1790933645.647812,5647,tx,1497.6,265.7,562.7,,,1,0,0,1
907985638498700,1790933645.790992,5790,tx,2835.5,218.2,615.7,,,1,0,0,1
907985780592700,1790933645.933088,5933,tx,1358.0,175.5,351.1,,,1,0,0,1
907985936400700,1790933646.088897,6088,tx,48979.8,184.9,531.6,,,1,0,0,1
907986087680300,1790933646.240178,6240,tx,1979.5,259.3,570.5,,,1,0,0,1
907986237076200,1790933646.389576,6389,tx,1775.7,143.1,324.0,,,1,0,0,1
907986376838600,1790933646.529339,6529,tx,1423.3,241.8,531.0,,,1,0,0,1
907986518292000,1790933646.670794,6670,tx,2311.2,198.1,596.4,,,1,0,0,1
907986659923300,1790933646.812427,6812,tx,1252.0,241.5,446.2,,,1,0,0,1
907986803625700,1790933646.956131,6956,tx,1368.0,253.5,430.4,,,1,0,0,1
907986992328500,1790933647.144836,7144,tx,1523.5,221.3,382.9,,,1,0,0,1
907987133348100,1790933647.285856,7285,tx,2055.8,204.0,499.6,,,1,0,0,1
907987275313200,1790933647.427824,7427,tx,1625.7,250.5,487.4,,,1,0,0,1
907987415228000,1790933647.567739,7567,tx,68509.1,223.7,544.8,,,1,0,0,1
907987589863700,1790933647.742378,7742,tx,1058.4,170.8,376.8,,,1,0,0,1
907987730840200,1790933647.883355,7883,tx,2124.5,264.5,567.6,,,1,0,0,1
907987872394400,1790933648.024911,8024,tx,1466.5,234.2,484.9,,,1,0,0,1
907988013389600,1790933648.165908,8165,tx,1432.6,196.9,495.4,,,1,0,0,1
907988154354000,1790933648.306873,8306,tx,2163.8,228.3,523.8,,,1,0,0,1
907988295454900,1790933648.447975,8447,tx,11962.4,212.5,516.9,,,1,0,0,1
907988489197800,1790933648.641721,8641,tx,7864.5,174.9,426.2,,,1,0,0,1
907988642708700,1790933648.795233,8795,tx,1556.3,305.1,477.7,,,1,0,0,1
907988783935100,1790933648.936461,8936,tx,1764.8,245.4,487.6,,,1,0,0,1
907988925608200,1790933649.078136,9078,tx,114727.6,334.6,611.3,,,1,0,0,1
907989111438500,1790933649.263968,9263,tx,2917.1,235.5,765.1,,,1,0,0,1
907989252840100,1790933649.405371,9405,tx,1555.2,228.3,466.2,,,1,0,0,1
907989394386500,1790933649.546919,9546,tx,1696.6,246.4,595.7,,,1,0,0,1
907989535407400,1790933649.687941,9687,tx,1591.2,251.9,485.3,,,1,0,0,1
907989677292300,1790933649.829828,9829,tx,1577.2,192.2,629.7,,,1,0,0,1
907989815948500,1790933649.968485,9968,tx,10762.9,201.9,452.4,,,1,0,0,1
907989987924400,1790933650.140463,10140,tx,1112.7,185.4,344.7,,,1,0,0,1
907990129665400,1790933650.282205,10282,tx,2063.3,284.5,573.1,,,1,0,0,1
907990271662700,1790933650.424205,10424,tx,1251.7,204.2,384.1,,,1,0,0,1
907990412854700,1790933650.565398,10565,tx,1282.3,212.0,425.9,,,1,0,0,1
907990553565800,1790933650.706110,10706,tx,1237.8,225.4,500.8,,,1,0,0,1
907990696599300,1790933650.849145,10849,tx,5698.6,173.3,338.4,,,1,0,0,1
907990839167100,1790933650.991714,10991,tx,3530.9,274.7,796.1,,,1,0,0,1
907990978772700,1790933651.131322,11131,tx,1367.3,207.1,383.2,,,1,0,0,1
907991136412000,1790933651.288963,11288,tx,1957.0,249.7,469.0,,,1,0,0,1
907991278852000,1790933651.431404,11431,tx,1468.3,236.1,455.5,,,1,0,0,1
907991420214800,1790933651.572768,11572,tx,2078.0,284.9,664.2,,,1,0,0,1
907991563151800,1790933651.715707,11715,tx,9613.4,235.6,511.8,,,1,0,0,1
907991706490700,1790933651.859047,11859,tx,1158.8,249.4,418.4,,,1,0,0,1
907991848332800,1790933652.000890,12000,tx,2528.2,247.6,631.2,,,1,0,0,1
907992005194500,1790933652.157754,12157,tx,9125.5,239.5,500.8,,,1,0,0,1
907992147100600,1790933652.299662,12299,tx,1863.4,217.3,471.3,,,1,0,0,1
907992291102300,1790933652.443664,12443,tx,3082.8,279.0,667.6,,,1,0,0,1
907992447147700,1790933652.599712,12599,tx,1357.6,164.6,296.9,,,1,0,0,1
907992590205400,1790933652.742771,12742,tx,1262.8,245.5,464.4,,,1,0,0,1
907992731831900,1790933652.884399,12884,tx,1892.9,237.5,499.7,,,1,0,0,1
907992871510900,1790933653.024080,13024,tx,1816.3,301.5,879.2,,,1,0,0,1
907993012620900,1790933653.165191,13165,tx,1625.4,173.1,412.1,,,1,0,0,1
907993154954900,1790933653.307526,13307,tx,1977.9,217.9,502.2,,,1,0,0,1
907993298863700,1790933653.451436,13451,tx,3959.1,305.2,1064.6,,,1,0,0,1
907993484071300,1790933653.636647,13636,tx,1325.9,212.0,328.7,,,1,0,0,1
907993629452800,1790933653.782029,13782,tx,3042.0,251.9,661.8,,,1,0,0,1
907993771002600,1790933653.923580,13923,tx,2028.6,214.4,523.7,,,1,0,0,1
907993912928000,1790933654.065507,14065,tx,1300.5,182.3,382.3,,,1,0,0,1
907994054370000,1790933654.206950,14206,tx,2590.1,191.6,813.5,,,1,0,0,1
907994196723800,1790933654.349306,14349,tx,9737.6,193.5,610.2,,,1,0,0,1
907994338598200,1790933654.491182,14491,tx,2257.5,196.5,400.4,,,1,0,0,1
907994493660500,1790933654.646246,14646,tx,1490.6,274.6,411.3,,,1,0,0,1
907994634132100,1790933654.786719,14786,tx,6388.1,256.2,516.4,,,1,0,0,1
907994776764000,1790933654.929353,14929,tx,2174.1,205.4,380.9,,,1,0,0,1
907994917861500,1790933655.070451,70,tx,1411.9,195.0,372.2,,,1,0,0,1
907995059305100,1790933655.211896,211,tx,2447.4,220.4,509.6,,,1,0,0,1
907995199937700,1790933655.352531,352,tx,1382.8,205.3,407.9,,,1,0,0,1
907995350915400,1790933655.503507,503,tx,4186.0,286.7,785.1,,,1,0,0,1
907995494035800,1790933655.646632,646,tx,1416.7,164.7,391.0,,,1,0,0,1
907995634857100,1790933655.787454,787,tx,1436.7,236.2,440.6,,,1,0,0,1
907995776907400,1790933655.929506,929,tx,1309.9,180.7,363.5,,,1,0,0,1
907995917408900,1790933656.070008,1070,tx,3808.7,246.9,669.1,,,1,0,0,1
907996056640200,1790933656.209242,1209,tx,9053.8,250.6,503.4,,,1,0,0,1
907996199080100,1790933656.351683,1351,tx,1371.7,223.2,431.1,,,1,0,0,1
907996340610800,1790933656.493215,1493,tx,1687.5,304.5,591.7,,,1,0,0,1
907996482799800,1790933656.635406,1635,tx,1553.4,198.3,390.9,,,1,0,0,1
907996635441600,1790933656.788049,1788,tx,1092.9,149.3,341.1,,,1,0,0,1
907996774404000,1790933656.927013,1927,tx,1350.1,172.9,330.9,,,1,0,0,1
907996915725300,1790933657.068335,2068,tx,3440.5,327.0,701.2,,,1,0,0,1
907997057742900,1790933657.210355,2210,tx,1484.4,306.4,534.0,,,1,0,0,1
907997199827400,1790933657.352441,2352,tx,1563.9,294.2,509.5,,,1,0,0,1
907997342855300,1790933657.495470,2495,tx,1214.0,179.1,365.6,,,1,0,0,1
907997487900800,1790933657.640518,2640,tx,1387.0,159.2,263.3,,,1,0,0,1
907997625982900,1790933657.778601,2778,tx,1493.1,181.1,421.1,,,1,0,0,1
907997768925600,1790933657.921545,2921,tx,1269.2,207.7,425.3,,,1,0,0,1
907997910964800,1790933658.063585,3063,tx,72320.9,320.6,593.3,,,1,0,0,1
907998086091400,1790933658.238714,3238,tx,2637.2,307.4,663.1,,,1,0,0,1
907998226426100,1790933658.379050,3379,tx,2183.0,269.7,551.3,,,1,0,0,1
907998367637800,1790933658.520264,3520,tx,1512.9,315.0,615.0,,,1,0,0,1
907998509836700,1790933658.662464,3662,tx,1162.8,167.5,375.7,,,1,0,0,1
907998650851000,1790933658.803479,3803,tx,2914.7,290.5,670.7,,,1,0,0,1
907998792909400,1790933658.945539,3945,tx,10769.0,269.6,602.6,,,1,0,0,1
907999000743600,1790933659.153376,4153,tx,9195.1,338.4,601.9,,,1,0,0,1
907999139685600,1790933659.292320,4292,tx,1698.4,161.8,630.1,,,1,0,0,1
907999296761700,1790933659.449397,4449,tx,2322.8,273.6,536.7,,,1,0,0,1
907999436787300,1790933659.589424,4589,tx,55662.3,257.3,507.1,,,1,0,0,1
907999592828500,1790933659.745467,4745,tx,5443.2,318.5,1283.5,,,1,0,0,1
907999733952000,1790933659.886592,4886,tx,1642.0,240.6,463.2,,,1,0,0,1
907999874847400,1790933660.027489,5027,tx,1625.8,173.4,397.8,,,1,0,0,1
908000017505000,1790933660.170147,5170,tx,1883.3,270.8,561.5,,,1,0,0,1
908000160496700,1790933660.313141,5313,tx,2201.5,237.5,562.5,,,1,0,0,1
908000302370200,1790933660.455016,5455,tx,3371.3,229.5,597.1,,,1,0,0,1
908000486617900,1790933660.639266,5639,tx,1193.9,238.7,402.0,,,1,0,0,1
908000631598100,1790933660.784247,5784,tx,2472.9,319.2,574.8,,,1,0,0,1
908000774097600,1790933660.926749,5926,tx,1550.1,176.7,420.0,,,1,0,0,1
908000914978800,1790933661.067631,6067,tx,1672.9,200.3,531.1,,,1,0,0,1
908001057516900,1790933661.210170,6210,tx,1834.1,178.0,389.7,,,1,0,0,1
908001200875200,1790933661.353530,6353,tx,6966.5,297.1,543.6,,,1,0,0,1
908001359719900,1790933661.512377,6512,tx,1629.4,239.1,495.8,,,1,0,0,1
908001502804600,1790933661.655463,6655,tx,1728.4,202.2,438.2,,,1,0,0,1
908001644111200,1790933661.796771,6796,tx,1659.3,205.2,365.9,,,1,0,0,1
908001785980100,1790933661.938641,6938,tx,1442.7,171.7,548.0,,,1,0,0,1
908001927037000,1790933662.079700,7079,tx,62624.3,204.5,559.6,,,1,0,0,1
908002117668400,1790933662.270333,7270,tx,1524.3,249.3,541.2,,,1,0,0,1
908002256565100,1790933662.409231,7409,tx,1273.2,261.1,478.4,,,1,0,0,1
908002398421800,1790933662.551090,7551,tx,4460.5,189.1,349.2,,,1,0,0,1
908002538708100,1790933662.691376,7691,tx,1351.8,190.1,366.7,,,1,0,0,1
908002680641300,1790933662.833312,7833,tx,1317.3,267.7,457.8,,,1,0,0,1
908002823028400,1790933662.975700,7975,tx,1325.0,204.4,501.4,,,1,0,0,1
908002964773000,1790933663.117447,8117,tx,1265.5,245.3,412.1,,,1,0,0,1
908003107818500,1790933663.260493,8260,tx,1757.4,206.3,652.8,,,1,0,0,1
908003251927800,1790933663.404604,8404,tx,2896.5,297.4,763.4,,,1,0,0,1
908003393599200,1790933663.546276,8546,tx,1521.6,270.0,480.7,,,1,0,0,1
908003535440100,1790933663.688119,8688,tx,1359.8,222.4,414.1,,,1,0,0,1
908003676158800,1790933663.828840,8828,tx,1715.3,228.5,600.8,,,1,0,0,1
908003818238400,1790933663.970921,8970,tx,9282.1,274.5,620.3,,,1,0,0,1
908003986014600,1790933664.138699,9138,tx,1212.2,207.1,384.2,,,1,0,0,1
908004133311900,1790933664.285997,9285,tx,3664.1,283.3,764.0,,,1,0,0,1
908004278424300,1790933664.431111,9431,tx,1545.8,160.5,371.7,,,1,0,0,1
908004420984200,1790933664.573673,9573,tx,2256.0,282.2,637.9,,,1,0,0,1
908004565012200,1790933664.717701,9717,tx,3108.8,260.5,676.5,,,1,0,0,1
908004706643300,1790933664.859335,9859,tx,2123.2,226.2,451.6,,,1,0,0,1
908004848813000,1790933665.001505,10001,tx,1262.5,197.0,482.0,,,1,0,0,1
908004993706800,1790933665.146385,10146,tx,7462.7,282.5,490.3,,,1,0,0,1
908005132789700,1790933665.285486,10285,tx,6544.8,166.4,356.1,,,1,0,0,1
908005274990900,1790933665.427688,10427,tx,1732.8,165.2,429.5,,,1,0,0,1
908005416718500,1790933665.569417,10569,tx,1646.0,174.2,609.2,,,1,0,0,1
908005558684500,1790933665.711383,10711,tx,3544.4,252.8,551.1,,,1,0,0,1
908005715756900,1790933665.868459,10868,tx,1403.0,207.3,389.1,,,1,0,0,1
908005858277100,1790933666.010981,11010,tx,1283.2,192.3,399.0,,,1,0,0,1
908006000038000,1790933666.152743,11152,tx,9751.4,215.7,424.2,,,1,0,0,1
908006140888600,1790933666.293595,11293,tx,1374.2,218.8,405.4,,,1,0,0,1
908006283766400,1790933666.436474,11436,tx,1254.9,308.8,493.2,,,1,0,0,1
908006425981200,1790933666.578690,11578,tx,63075.8,305.4,1143.0,,,1,0,0,1
908006614955200,1790933666.767666,11767,tx,4855.9,213.3,560.7,,,1,0,0,1
908006755944100,1790933666.908657,11908,tx,1330.6,198.4,591.7,,,1,0,0,1
908006897767100,1790933667.050481,12050,tx,2340.0,242.2,585.1,,,1,0,0,1
908007039378800,1790933667.192095,12192,tx,1378.2,213.6,432.3,,,1,0,0,1
908007181651400,1790933667.334368,12334,tx,1842.9,250.7,559.4,,,1,0,0,1
908007324221600,1790933667.476940,12476,tx,7014.0,244.0,506.0,,,1,0,0,1
908007464885600,1790933667.617606,12617,tx,1311.9,141.6,345.6,,,1,0,0,1
908007607360300,1790933667.760082,12760,tx,1317.7,233.9,404.6,,,1,0,0,1
908007747549000,1790933667.900272,12900,tx,3641.9,250.7,877.4,,,1,0,0,1
908007889314500,1790933668.042039,13042,tx,1335.6,212.6,399.6,,,1,0,0,1
908008031217800,1790933668.183944,13183,tx,1281.0,180.3,378.8,,,1,0,0,1
908008172451800,1790933668.325179,13325,tx,1939.8,218.3,500.6,,,1,0,0,1
908008329625800,1790933668.482355,13482,tx,1808.1,169.5,350.5,,,1,0,0,1
908008484109000,1790933668.636840,13636,tx,8794.8,183.9,356.9,,,1,0,0,1
908008629468800,1790933668.782201,13782,tx,11658.7,238.5,964.6,,,1,0,0,1
908008771020900,1790933668.923755,13923,tx,1289.7,211.4,435.7,,,1,0,0,1
908008912163500,1790933669.064899,14064,tx,2246.7,293.2,554.0,,,1,0,0,1
908009053479900,1790933669.206216,14206,tx,3605.1,300.9,733.8,,,1,0,0,1
908009194466500,1790933669.347205,14347,tx,1699.4,230.7,445.6,,,1,0,0,1
908009335256700,1790933669.487997,14487,tx,2435.3,148.4,750.4,,,1,0,0,1
908009492176900,1790933669.644919,14644,tx,1663.3,257.8,476.8,,,1,0,0,1
908009633266800,1790933669.786010,14786,tx,1813.8,188.1,412.2,,,1,0,0,1
908009774920400,1790933669.927665,14927,tx,1119.9,187.2,376.2,,,1,0,0,1
908009918160700,1790933670.070906,70,tx,2367.4,216.3,602.7,,,1,0,0,1
908010059785500,1790933670.212533,212,tx,5746.2,198.6,518.7,,,1,0,0,1
908010200899300,1790933670.353648,353,tx,1142.8,206.7,397.8,,,1,0,0,1
908010342965400,1790933670.495716,495,tx,1177.2,224.2,415.5,,,1,0,0,1
908010482728800,1790933670.635480,635,tx,1642.0,268.9,473.4,,,1,0,0,1
908010623761800,1790933670.776515,776,tx,1716.1,272.3,546.6,,,1,0,0,1
908010766046900,1790933670.918801,918,tx,1841.8,236.3,460.6,,,1,0,0,1
908010905918400,1790933671.058675,1058,tx,1396.4,258.5,460.1,,,1,0,0,1
908011047393800,1790933671.200151,1200,tx,2687.4,213.7,804.2,,,1,0,0,1
908011188761100,1790933671.341519,1341,tx,2079.7,290.2,610.1,,,1,0,0,1
908011330523300,1790933671.483284,1483,tx,1916.8,304.7,546.3,,,1,0,0,1
908011484843200,1790933671.637606,1637,tx,1877.5,276.7,469.3,,,1,0,0,1
908011632430200,1790933671.785193,1785,tx,2149.2,302.5,617.2,,,1,0,0,1
908011775078700,1790933671.927844,1927,tx,1984.1,209.3,475.7,,,1,0,0,1
908011918367600,1790933672.071135,2071,tx,32048.5,200.0,397.5,,,1,0,0,1
908012056866800,1790933672.209635,2209,tx,1712.7,241.9,432.6,,,1,0,0,1
908012201331900,1790933672.354101,2354,tx,1356.2,200.1,408.3,,,1,0,0,1
908012343410200,1790933672.496181,2496,tx,10657.2,221.4,586.4,,,1,0,0,1
908012486697200,1790933672.639470,2639,tx,1502.4,172.0,316.1,,,1,0,0,1
908012640172800,1790933672.792946,2792,tx,3762.2,322.2,751.5,,,1,0,0,1
908012783352600,1790933672.936128,2936,tx,11468.4,311.9,743.1,,,1,0,0,1
908012983388700,1790933673.136167,3136,tx,1363.5,158.8,361.0,,,1,0,0,1
908013130679100,1790933673.283458,3283,tx,1569.3,214.8,487.6,,,1,0,0,1
908013272380300,1790933673.425161,3425,tx,1313.0,206.7,556.7,,,1,0,0,1
908013414371900,1790933673.567154,3567,tx,1357.0,190.6,386.9,,,1,0,0,1
908013555718200,1790933673.708502,3708,tx,8687.3,176.9,829.7,,,1,0,0,1
908013696684000,1790933673.849469,3849,tx,1928.3,174.9,658.8,,,1,0,0,1
908013837626400,1790933673.990413,3990,tx,1566.6,220.3,440.2,,,1,0,0,1
908013990547200,1790933674.143336,4143,tx,6042.2,239.9,448.0,,,1,0,0,1
908014134366400,1790933674.287156,4287,tx,2927.8,268.8,741.9,,,1,0,0,1
908014274732400,1790933674.427523,4427,tx,2248.0,270.2,588.6,,,1,0,0,1
908014417988500,1790933674.570781,4570,tx,1562.5,238.6,469.9,,,1,0,0,1
908014557265800,1790933674.710060,4710,tx,1271.1,206.5,400.3,,,1,0,0,1
908014700660700,1790933674.853456,4853,tx,1129.8,168.2,359.3,,,1,0,0,1
908014842501700,1790933674.995298,4995,tx,1870.7,252.1,501.9,,,1,0,0,1
908014984476500,1790933675.137275,5137,tx,10336.7,191.9,428.1,,,1,0,0,1
908015126752600,1790933675.279552,5279,tx,3407.3,182.9,1561.4,,,1,0,0,1
908015269680200,1790933675.422482,5422,tx,2823.4,227.1,538.5,,,1,0,0,1
908015410686000,1790933675.563489,5563,tx,10531.9,252.2,563.6,,,1,0,0,1
908015552550300,1790933675.705355,5705,tx,1292.9,251.8,425.0,,,1,0,0,1
908015695338400,1790933675.848144,5848,tx,1690.8,197.0,471.2,,,1,0,0,1
908015836269100,1790933675.989076,5989,tx,2599.6,249.5,657.9,,,1,0,0,1
908015986288500,1790933676.139098,6139,tx,1320.9,179.6,396.6,,,1,0,0,1
908016132390300,1790933676.285200,6285,tx,3207.3,305.7,650.3,,,1,0,0,1
908016271660700,1790933676.424472,6424,tx,3588.7,335.2,803.9,,,1,0,0,1
908016413704500,1790933676.566518,6566,tx,1428.9,272.4,458.4,,,1,0,0,1
908016555435500,1790933676.708250,6708,tx,1578.8,191.0,582.7,,,1,0,0,1
908016694733700,1790933676.847550,6847,tx,1514.0,274.0,487.3,,,1,0,0,1
908016837060100,1790933676.989877,6989,tx,26182.7,276.7,854.6,,,1,0,0,1
908016997720300,1790933677.150539,7150,tx,8594.7,251.1,516.6,,,1,0,0,1
908017137055000,1790933677.289875,7289,tx,1326.7,276.6,588.6,,,1,0,0,1
908017279233400,1790933677.432056,7432,tx,2049.2,198.7,370.5,,,1,0,0,1
908017422276400,1790933677.575100,7575,tx,62633.0,205.7,417.6,,,1,0,0,1
908017617744900,1790933677.770571,7770,tx,3965.5,217.6,758.9,,,1,0,0,1
908017754926800,1790933677.907754,7907,tx,1712.3,182.8,389.3,,,1,0,0,1
908017895573000,1790933678.048402,8048,tx,1893.8,240.5,699.7,,,1,0,0,1
908018037208200,1790933678.190036,8190,tx,16759.6,228.9,992.4,,,1,0,0,1
908018178652900,1790933678.331485,8331,tx,1270.1,226.4,531.2,,,1,0,0,1
908018320549400,1790933678.473383,8473,tx,2351.6,208.5,688.1,,,1,0,0,1
908018484830300,1790933678.637666,8637,tx,1590.5,172.7,329.0,,,1,0,0,1
908018636043900,1790933678.788880,8788,tx,1557.0,186.1,416.0,,,1,0,0,1
908018778372800,1790933678.931211,8931,tx,2234.2,193.2,462.7,,,1,0,0,1
908018920632600,1790933679.073472,9073,tx,73332.5,224.8,523.9,,,1,0,0,1
908019113222500,1790933679.266063,9266,tx,5504.6,330.1,828.4,,,1,0,0,1
908019251712100,1790933679.404555,9404,tx,1371.7,274.8,487.6,,,1,0,0,1
908019393500100,1790933679.546343,9546,tx,3468.5,312.1,748.4,,,1,0,0,1
908019535571300,1790933679.688417,9688,tx,2400.2,187.8,663.6,,,1,0,0,1
908019678564000,1790933679.831411,9831,tx,6814.0,216.0,442.7,,,1,0,0,1
908019819278400,1790933679.972127,9972,tx,1392.1,223.0,412.6,,,1,0,0,1
908019990808200,1790933680.143659,10143,tx,38735.2,246.6,377.3,,,1,0,0,1
908020153039600,1790933680.305892,10305,tx,1256.0,157.2,335.4,,,1,0,0,1
908020292962500,1790933680.445816,10445,tx,1534.0,196.7,371.1,,51605.0,1,0,0,1
908020482859600,1790933680.635715,10635,idle,3478.5,224.0,440.7,,,0,0,0,0
908020691250500,1790933680.844108,10844,idle,15180.1,,,,,0,0,0,0
908020843311900,1790933680.996171,10996,idle,1786.7,,,,,0,0,0,0
908020985223000,1790933681.138084,11138,idle,157590.1,,,,,0,0,0,1
908021269374400,1790933681.422238,11422,tx,1529.2,229.9,514.1,,,1,0,0,1
908021409885100,1790933681.562751,11562,tx,1691.4,224.7,643.7,,,1,0,0,1
908021552609000,1790933681.705476,11705,tx,1774.7,278.9,477.1,,,1,0,0,1
908021691148300,1790933681.844017,11844,tx,2345.4,221.6,591.8,,,1,0,0,1
908021833684300,1790933681.986554,11986,tx,1591.1,384.9,632.6,,,1,0,0,1
908021973619800,1790933682.126491,12126,tx,9139.4,233.4,502.8,,,1,0,0,1
908022114309300,1790933682.267182,12267,tx,1225.9,199.7,334.4,,,1,0,0,1
908022256327100,1790933682.409201,12409,tx,2013.7,175.5,447.7,,,1,0,0,1
908022398965800,1790933682.551841,12551,tx,1447.7,234.6,581.9,,,1,0,0,1
908022539808000,1790933682.692685,12692,tx,1417.2,201.0,402.2,,,1,0,0,1
908022681522200,1790933682.834401,12834,tx,955.9,220.8,387.3,,,1,0,0,1
908022823602100,1790933682.976482,12976,tx,1431.2,192.9,395.2,,,1,0,0,1
908022993231500,1790933683.146114,13146,tx,1392.0,206.5,430.9,,,1,0,0,1
908023139816600,1790933683.292700,13292,tx,1860.3,243.2,505.7,,,1,0,0,1
908023295802000,1790933683.448687,13448,tx,1516.4,255.6,434.7,,,1,0,0,1
908023437056700,1790933683.589943,13589,tx,22188.7,210.1,451.2,,,1,0,0,1
908023578003900,1790933683.730892,13730,tx,1469.2,250.5,510.2,,,1,0,0,1
908023716769700,1790933683.869659,13869,tx,2273.3,241.1,648.1,,,1,0,0,1
908023858403300,1790933684.011294,14011,tx,1694.3,200.2,525.6,,,1,0,0,1
908024016451900,1790933684.169344,14169,tx,1596.5,221.2,711.1,,,1,0,0,1
908024159086000,1790933684.311979,14311,tx,13065.9,279.9,1108.8,,,1,0,0,1
908024302726600,1790933684.455622,14455,tx,1150.6,264.3,418.3,,,1,0,0,1
908024482514700,1790933684.635412,14635,tx,1182.1,176.9,338.7,,,1,0,0,1
908024631032500,1790933684.783932,14783,tx,2296.5,245.2,514.7,,,1,0,0,1
908024774009000,1790933684.926909,14926,tx,1797.2,170.2,446.1,,,1,0,0,1
908024915284600,1790933685.068186,68,tx,3596.8,335.7,759.2,,,1,0,0,1
908025071223200,1790933685.224127,224,tx,1443.3,243.8,462.9,,,1,0,0,1
908025212908700,1790933685.365813,365,tx,1010.2,196.6,372.3,,,1,0,0,1
908025355398300,1790933685.508304,508,tx,2637.4,312.4,698.0,,,1,0,0,1
908025505958500,1790933685.658867,658,tx,1242.0,139.9,327.8,,,1,0,0,1
908025647027700,1790933685.799937,799,tx,3030.2,240.7,724.7,,,1,0,0,1
908025788183300,1790933685.941094,941,tx,2026.8,223.7,496.2,,,1,0,0,1
908025929040200,1790933686.081953,1081,tx,55271.3,212.5,414.4,,,1,0,0,1
908026086780900,1790933686.239695,1239,tx,3835.4,220.5,709.3,,,1,0,0,1
908026226901500,1790933686.379817,1379,tx,1933.9,268.2,523.8,,,1,0,0,1
908026370989500,1790933686.523906,1523,tx,1836.2,232.1,553.7,,,1,0,0,1
908026512913400,1790933686.665832,1665,tx,1529.2,210.6,418.0,,,1,0,0,1
908026655687400,1790933686.808607,1808,tx,3743.3,281.8,723.2,,,1,0,0,1
908026795991300,1790933686.948912,1948,tx,3894.5,154.1,414.2,,,1,0,0,1
908026987569700,1790933687.140493,2140,tx,7630.7,175.3,400.0,,,1,0,0,1
908027128399600,1790933687.281325,2281,tx,1887.9,247.1,601.2,,,1,0,0,1
908027268981200,1790933687.421908,2421,tx,2289.1,237.4,703.8,,,1,0,0,1
908027410692900,1790933687.563618,2563,tx,2856.7,179.5,613.4,,,1,0,0,1
908027551293900,1790933687.704223,2704,tx,11054.4,209.1,468.8,,,1,0,0,1
908027693106600,1790933687.846037,2846,tx,1980.8,234.2,543.7,,,1,0,0,1
908027835608200,1790933687.988540,2988,tx,1527.2,199.7,459.3,,,1,0,0,1
908027977871000,1790933688.130805,3130,tx,1388.8,233.4,442.9,,,1,0,0,1
908028119313000,1790933688.272248,3272,tx,7027.4,223.6,736.1,,,1,0,0,1
908028259434600,1790933688.412371,3412,tx,1505.0,187.4,438.3,,,1,0,0,1
908028401776400,1790933688.554713,3554,tx,3771.6,314.2,1034.7,,,1,0,0,1
908028542123200,1790933688.695063,3695,tx,1058.9,211.8,363.2,,,1,0,0,1
908028683713800,1790933688.836655,3836,tx,2485.2,213.8,488.4,,,1,0,0,1
908028824567200,1790933688.977510,3977,tx,2057.2,325.6,607.6,,,1,0,0,1
908028991155400,1790933689.144100,4144,tx,1117.5,182.2,353.0,,,1,0,0,1
908029138765600,1790933689.291711,4291,tx,1140.9,242.2,403.7,,,1,0,0,1
908029295404400,1790933689.448351,4448,tx,3466.4,264.5,704.3,,,1,0,0,1
908029437603600,1790933689.590553,4590,tx,19324.4,288.6,551.7,,,1,0,0,1
908029590499700,1790933689.743450,4743,tx,2918.7,250.0,545.6,,,1,0,0,1
908029736745800,1790933689.889698,4889,tx,8358.6,233.4,409.4,,,1,0,0,1
908029878991400,1790933690.031945,5031,tx,1675.8,183.6,600.4,,,1,0,0,1
908030018902100,1790933690.171857,5171,tx,1449.0,238.4,403.7,,,1,0,0,1
908030162403400,1790933690.315360,5315,tx,1502.3,173.0,421.3,,,1,0,0,1
908030306995700,1790933690.459953,5459,tx,1716.6,278.4,492.9,,,1,0,0,1
908030490477600,1790933690.643438,5643,tx,1156.6,256.9,412.2,,,1,0,0,1
908030636511000,1790933690.789473,5789,tx,1354.5,204.8,474.6,,,1,0,0,1
908030777950500,1790933690.930913,5930,tx,1492.3,219.4,441.4,,,1,0,0,1
908030919242400,1790933691.072206,6072,tx,2412.2,265.6,567.8,,,1,0,0,1
908031059396100,1790933691.212361,6212,tx,8770.4,231.5,545.8,,,1,0,0,1
908031200064500,1790933691.353032,6353,tx,1597.4,162.0,437.1,,,1,0,0,1
908031341721200,1790933691.494688,6494,tx,1705.6,216.6,482.3,,,1,0,0,1
908031491483000,1790933691.644453,6644,tx,8424.0,181.8,358.7,,,1,0,0,1
908031630606300,1790933691.783578,6783,tx,3438.6,272.0,651.1,,,1,0,0,1
908031769854800,1790933691.922828,6922,tx,2071.1,254.8,502.3,,,1,0,0,1
908031913296300,1790933692.066270,7066,tx,1922.9,333.8,768.0,,,1,0,0,1
908032053775300,1790933692.206752,7206,tx,1869.5,231.6,528.6,,,1,0,0,1
908032194861900,1790933692.347840,7347,tx,1934.7,205.2,630.6,,,1,0,0,1
908032335776600,1790933692.488755,7488,tx,3517.5,359.1,828.7,,,1,0,0,1
908032477443300,1790933692.630424,7630,tx,1345.7,196.9,418.9,,,1,0,0,1
908032619565600,1790933692.772547,7772,tx,1523.8,191.6,497.8,,,1,0,0,1
908032760637100,1790933692.913621,7913,tx,1451.9,317.7,520.4,,,1,0,0,1
908032901282000,1790933693.054267,8054,tx,1526.6,199.2,462.9,,,1,0,0,1
908033041359900,1790933693.194346,8194,tx,1332.9,154.7,346.2,,,1,0,0,1
908033182854100,1790933693.335842,8335,tx,1869.3,257.4,692.2,,,1,0,0,1
908033325745900,1790933693.478735,8478,tx,1602.8,188.5,449.6,,,1,0,0,1
908033482120900,1790933693.635112,8635,tx,1495.8,269.6,472.0,,,1,0,0,1
908033627263600,1790933693.780256,8780,tx,1682.9,180.7,527.7,,,1,0,0,1
908033767404000,1790933693.920398,8920,tx,3469.5,342.2,737.3,,,1,0,0,1
908033906053300,1790933694.059049,9059,tx,11928.6,230.8,478.0,,,1,0,0,1
908034051102500,1790933694.204099,9204,tx,1622.7,238.9,529.0,,,1,0,0,1
908034192111300,1790933694.345109,9345,tx,2834.6,212.0,558.1,,,1,0,0,1
908034333441200,1790933694.486441,9486,tx,18461.4,277.6,688.7,,,1,0,0,1
908034490378600,1790933694.643380,9643,tx,1675.5,179.6,365.5,,,1,0,0,1
908034631048300,1790933694.784051,9784,tx,2164.0,244.5,535.1,,,1,0,0,1
908034771870000,1790933694.924875,9924,tx,9699.8,154.9,368.5,,,1,0,0,1
908034928538700,1790933695.081544,10081,tx,59854.8,163.2,398.2,,,1,0,0,1
908035087635200,1790933695.240643,10240,tx,1929.7,317.0,548.2,,,1,0,0,1
908035229666400,1790933695.382675,10382,tx,1484.0,285.8,510.4,,,1,0,0,1
908035371068600,1790933695.524079,10524,tx,1468.1,144.1,373.9,,,1,0,0,1
908035512383900,1790933695.665396,10665,tx,1560.0,172.5,415.2,,,1,0,0,1
908035655660000,1790933695.808674,10808,tx,6480.7,247.4,357.2,,,1,0,0,1
908035797320200,1790933695.950335,10950,tx,1581.2,246.9,563.6,,,1,0,0,1
908035984781100,1790933696.137798,11137,tx,1835.0,301.4,450.8,,,1,0,0,1
908036128312700,1790933696.281331,11281,tx,1427.0,238.7,482.7,,,1,0,0,1
908036271445800,1790933696.424466,11424,tx,2059.7,220.1,780.5,,,1,0,0,1
908036413948700,1790933696.566970,11566,tx,9896.3,171.6,378.2,,,1,0,0,1
908036570643500,1790933696.723667,11723,tx,1600.2,274.1,497.1,,,1,0,0,1
908036712513300,1790933696.865537,11865,tx,2864.5,254.4,893.2,,,1,0,0,1
908036853574700,1790933697.006600,12006,tx,16242.5,228.2,518.1,,,1,0,0,1
908036995338700,1790933697.148366,12148,tx,1711.2,180.5,381.1,,,1,0,0,1
908037135855000,1790933697.288883,12288,tx,3360.7,267.9,698.0,,,1,0,0,1
908037277549300,1790933697.430579,12430,tx,2229.4,302.2,603.7,,,1,0,0,1
908037417606900,1790933697.570639,12570,tx,4278.2,246.0,550.5,,,1,0,0,1
908037558356600,1790933697.711390,12711,tx,2198.1,176.2,539.5,,,1,0,0,1
908037700824700,1790933697.853859,12853,tx,4885.9,263.8,1192.3,,,1,0,0,1
908037858433400,1790933698.011470,13011,tx,2350.3,317.0,678.4,,,1,0,0,1
908038000122200,1790933698.153160,13153,tx,1235.8,216.4,407.8,,,1,0,0,1
908038142702300,1790933698.295727,13295,tx,2214.4,218.0,847.8,,,1,0,0,1
908038284027200,1790933698.437068,13437,tx,1434.7,226.7,400.9,,,1,0,0,1
908038425513700,1790933698.578556,13578,tx,26815.4,189.0,375.8,,,1,0,0,1
908038567895300,1790933698.720939,13720,tx,1677.9,215.5,464.3,,,1,0,0,1
908038709318200,1790933698.862363,13862,tx,10455.9,179.9,555.1,,,1,0,0,1
908038850715400,1790933699.003762,14003,tx,1592.0,240.6,614.1,,,1,0,0,1
908038993692800,1790933699.146741,14146,tx,7879.3,207.8,421.1,,,1,0,0,1
908039135417500,1790933699.288467,14288,tx,2376.3,312.4,780.0,,,1,0,0,1
908039277978700,1790933699.431030,14431,tx,1195.8,180.4,388.2,,,1,0,0,1
908039421732900,1790933699.574786,14574,tx,1239.5,216.7,403.8,,,1,0,0,1
908039561047800,1790933699.714102,14714,tx,1567.3,219.0,428.3,,,1,0,0,1
908039702725400,1790933699.855781,14855,tx,1698.9,188.0,401.1,,,1,0,0,1
908039844143100,1790933699.997200,14997,tx,1286.1,203.5,394.8,,,1,0,0,1
908039986868100,1790933700.139927,139,tx,1739.1,224.1,643.3,,,1,0,0,1
908040129691400,1790933700.282751,282,tx,11980.0,201.8,1093.3,,,1,0,0,1
908040271946700,1790933700.425008,425,tx,1390.3,229.0,438.7,,,1,0,0,1
908040413953000,1790933700.567016,567,tx,1859.1,907.8,1112.7,,,1,0,0,1
908040737243000,1790933700.890309,890,tx,6578.0,257.1,416.7,,,1,0,0,1
908040885361200,1790933701.038428,1038,tx,4491.5,250.9,942.8,,,1,0,0,1
908041026911400,1790933701.179980,1179,tx,3085.9,204.5,1559.0,,,1,0,0,1
908041167966400,1790933701.321037,1321,tx,1437.0,231.5,440.2,,,1,0,0,1
908041310510000,1790933701.463583,1463,tx,1367.9,193.2,420.4,,,1,0,0,1
908041459779000,1790933701.612853,1612,tx,1366.9,258.1,574.8,,,1,0,0,1
908041609062100,1790933701.762137,1762,tx,1599.3,248.8,490.8,,,1,0,0,1
908041749309600,1790933701.902386,1902,tx,2241.9,244.3,586.4,,,1,0,0,1
908041889403300,1790933702.042481,2042,tx,3437.5,245.5,696.5,,,1,0,0,1
908042045737200,1790933702.198817,2198,tx,1389.4,331.2,557.6,,,1,0,0,1
908042187180700,1790933702.340262,2340,tx,3416.1,351.5,729.4,,,1,0,0,1
908042328481300,1790933702.481564,2481,tx,7980.4,219.2,670.4,,,1,0,0,1
908042483657700,1790933702.636742,2636,tx,8204.5,194.7,387.5,,,1,0,0,1
908042627917700,1790933702.781004,2781,tx,2213.8,203.6,475.2,,,1,0,0,1
908042770223100,1790933702.923311,2923,tx,2234.2,265.4,884.1,,,1,0,0,1
908042910222600,1790933703.063312,3063,tx,1314.6,172.4,383.9,,,1,0,0,1
908043053627900,1790933703.206718,3206,tx,2102.1,217.8,463.7,,,1,0,0,1
908043193798600,1790933703.346890,3346,tx,18650.1,241.6,576.7,,,1,0,0,1
908043333928400,1790933703.487022,3487,tx,2674.0,165.0,733.6,,,1,0,0,1
908043487052900,1790933703.640148,3640,tx,1476.5,209.2,387.6,,,1,0,0,1
908043632028900,1790933703.785125,3785,tx,22839.1,283.2,738.3,,,1,0,0,1
908043770643200,1790933703.923741,3923,tx,5674.8,249.8,1166.4,,,1,0,0,1
908043915657900,1790933704.068757,4068,tx,1564.8,255.5,488.8,,,1,0,0,1
908044057431100,1790933704.210532,4210,tx,2258.3,338.9,649.4,,,1,0,0,1
908044198788800,1790933704.351891,4351,tx,1079.3,192.9,460.9,,,1,0,0,1
908044341191700,1790933704.494295,4494,tx,2019.9,233.8,724.4,,,1,0,0,1
908044483100200,1790933704.636206,4636,tx,1930.8,269.6,548.7,,,1,0,0,1
908044640392800,1790933704.793500,4793,tx,1908.2,273.0,730.0,,,1,0,0,1
908044797113500,1790933704.950222,4950,tx,1901.0,275.8,555.9,,,1,0,0,1
908044987304000,1790933705.140415,5140,tx,1445.3,192.9,327.5,,,1,0,0,1
908045128189200,1790933705.281301,5281,tx,1475.4,269.8,459.5,,,1,0,0,1
908045269254600,1790933705.422369,5422,tx,8348.6,182.7,333.8,,,1,0,0,1
908045410403200,1790933705.563518,5563,tx,1897.6,251.2,809.9,,,1,0,0,1
908045553003600,1790933705.706120,5706,tx,1254.6,265.5,438.3,,,1,0,0,1
908045694340500,1790933705.847458,5847,tx,2408.1,321.4,686.0,,,1,0,0,1
908045836794800,1790933705.989914,5989,tx,1259.9,267.6,551.3,,,1,0,0,1
908045976458200,1790933706.129579,6129,tx,1336.8,220.7,366.5,,,1,0,0,1
908046116987400,1790933706.270110,6270,tx,2221.8,251.5,661.2,,,1,0,0,1
908046258508500,1790933706.411632,6411,tx,8902.0,146.7,407.9,,,1,0,0,1
908046400424600,1790933706.553550,6553,tx,1525.1,261.7,635.6,,,1,0,0,1
908046542082400,1790933706.695209,6695,tx,1435.8,231.9,406.4,,,1,0,0,1
908046684434700,1790933706.837563,6837,tx,1830.1,290.0,560.9,,,1,0,0,1
908046824960000,1790933706.978090,6978,tx,1573.0,171.2,402.2,,,1,0,0,1
908046994609400,1790933707.147741,7147,tx,1296.7,253.4,357.7,,,1,0,0,1
908047140260000,1790933707.293393,7293,tx,1810.1,181.7,452.4,,,1,0,0,1
908047282436800,1790933707.435571,7435,tx,1868.0,234.2,680.0,,,1,0,0,1
908047423631200,1790933707.576767,7576,tx,27090.8,216.4,564.8,,,1,0,0,1
908047564663500,1790933707.717800,7717,tx,11111.5,294.3,627.8,,,1,0,0,1
908047706701900,1790933707.859840,7859,tx,1484.3,286.4,478.9,,,1,0,0,1
908047849228200,1790933708.002368,8002,tx,4067.9,293.4,683.1,,,1,0,0,1
908047989793500,1790933708.142936,8142,tx,8357.9,141.7,343.5,,,1,0,0,1
908048130141500,1790933708.283285,8283,tx,1959.7,219.4,618.6,,,1,0,0,1
908048271729800,1790933708.424875,8424,tx,1831.1,288.1,719.3,,,1,0,0,1
908048413915900,1790933708.567061,8567,tx,3104.3,361.9,838.4,,,1,0,0,1
908048554487600,1790933708.707635,8707,tx,6569.5,223.9,414.8,,,1,0,0,1
908048696525200,1790933708.849674,8849,tx,1461.1,284.0,491.5,,,1,0,0,1
908048837283900,1790933708.990435,8990,tx,1389.7,195.1,454.7,,,1,0,0,1
908048978380900,1790933709.131533,9131,tx,1370.4,184.2,392.1,,,1,0,0,1
908049120781100,1790933709.273935,9273,tx,6997.7,208.9,457.4,,,1,0,0,1
908049261359300,1790933709.414515,9414,tx,1480.0,270.7,617.1,,,1,0,0,1
908049403927400,1790933709.557084,9557,tx,2199.8,178.5,451.0,,,1,0,0,1
908049545196900,1790933709.698355,9698,tx,4928.5,197.4,419.8,,,1,0,0,1
908049686084300,1790933709.839243,9839,tx,1721.4,237.9,510.9,,,1,0,0,1
908049826268300,1790933709.979429,9979,tx,1324.2,280.4,504.2,,,1,0,0,1
908049982917600,1790933710.136080,10136,tx,1564.8,193.5,510.1,,,1,0,0,1
908050123167300,1790933710.276331,10276,tx,1435.9,209.6,412.8,,,1,0,0,1
908050263677000,1790933710.416842,10416,tx,1886.8,192.1,492.3,,,1,0,0,1
908050407676200,1790933710.560843,10560,tx,8305.3,270.2,521.3,,,1,0,0,1
908050547396900,1790933710.700565,10700,tx,2250.9,258.6,746.3,,,1,0,0,1
908050689757000,1790933710.842927,10842,tx,1663.2,217.4,613.8,,,1,0,0,1
908050830020300,1790933710.983191,10983,tx,1358.3,217.3,520.8,,,1,0,0,1
908050986242900,1790933711.139416,11139,tx,1200.6,236.2,364.7,,,1,0,0,1
908051130744000,1790933711.283918,11283,tx,1637.6,193.2,643.3,,,1,0,0,1
908051272032200,1790933711.425208,11425,tx,1147.2,195.3,400.9,,,1,0,0,1
908051413848800,1790933711.567026,11567,tx,1239.7,179.4,358.0,,,1,0,0,1
908051554908700,1790933711.708088,11708,tx,1308.5,235.9,419.3,,,1,0,0,1
908051696353000,1790933711.849533,11849,tx,1546.3,149.6,377.3,,,1,0,0,1
908051837084300,1790933711.990266,11990,tx,9795.1,218.7,458.6,,,1,0,0,1
908051977019700,1790933712.130203,12130,tx,1460.3,213.3,397.5,,,1,0,0,1
908052121646700,1790933712.274831,12274,tx,1956.7,233.1,633.5,,,1,0,0,1
908052263879800,1790933712.417066,12417,tx,1411.2,187.7,386.6,,,1,0,0,1
908052406761400,1790933712.559949,12559,tx,1937.4,208.9,618.6,,,1,0,0,1
908052545395800,1790933712.698585,12698,tx,1293.4,145.9,364.5,,,1,0,0,1
908052701447200,1790933712.854638,12854,tx,2402.2,326.5,629.3,,,1,0,0,1
908052843172500,1790933712.996365,12996,tx,1429.5,190.5,408.1,,,1,0,0,1
908052993133600,1790933713.146328,13146,tx,1281.1,180.0,295.1,,,1,0,0,1
908053139371800,1790933713.292566,13292,tx,1792.0,205.6,441.5,,,1,0,0,1
908053280483200,1790933713.433680,13433,tx,1428.3,216.8,447.7,,,1,0,0,1
908053422663100,1790933713.575861,13575,tx,27105.3,230.3,489.9,,,1,0,0,1
908053563664500,1790933713.716864,13716,tx,1489.7,279.1,484.4,,,1,0,0,1
908053705635300,1790933713.858836,13858,tx,3659.1,227.9,988.2,,,1,0,0,1
908053847522500,1790933714.000725,14000,tx,1941.0,329.2,631.6,,,1,0,0,1
908053991265400,1790933714.144469,14144,tx,8523.3,255.6,667.1,,,1,0,0,1
908054131428900,1790933714.284635,14284,tx,8999.2,223.0,476.6,,,1,0,0,1
908054272365800,1790933714.425573,14425,tx,2298.4,288.2,761.2,,,1,0,0,1
908054414889200,1790933714.568098,14568,tx,1147.1,218.6,420.6,,,1,0,0,1
908054556076500,1790933714.709287,14709,tx,1398.5,217.5,422.0,,,1,0,0,1
908054697053800,1790933714.850265,14850,tx,6753.3,306.8,626.6,,,1,0,0,1
908054838238100,1790933714.991451,14991,tx,1948.3,130.6,622.3,,,1,0,0,1
908054980551300,1790933715.133766,133,tx,1417.5,165.8,465.6,,,1,0,0,1
908055129965700,1790933715.283181,283,tx,8672.5,288.0,626.2,,,1,0,0,1
